Name,Value,Geography,GeoID,Source,Vintage,Variable,Year
Andover,3303,Town,0911001080,PEP,2020 Intercensal,Estimate Base,2010
Andover,3302,Town,0911001080,PEP,2020 Intercensal,Population Estimate,2010
Andover,3289,Town,0911001080,PEP,2020 Intercensal,Population Estimate,2011
Andover,3263,Town,0911001080,PEP,2020 Intercensal,Population Estimate,2012
Andover,3250,Town,0911001080,PEP,2020 Intercensal,Population Estimate,2013
Andover,3240,Town,0911001080,PEP,2020 Intercensal,Population Estimate,2014
Andover,3224,Town,0911001080,PEP,2020 Intercensal,Population Estimate,2015
Andover,3202,Town,0911001080,PEP,2020 Intercensal,Population Estimate,2016
Andover,3186,Town,0911001080,PEP,2020 Intercensal,Population Estimate,2017
Andover,3168,Town,0911001080,PEP,2020 Intercensal,Population Estimate,2018
Andover,3157,Town,0911001080,PEP,2020 Intercensal,Population Estimate,2019
Andover,3148,Town,0911001080,PEP,2020 Intercensal,Population Estimate,2020
Ansonia,19278,Town,0914001220,PEP,2020 Intercensal,Estimate Base,2010
Ansonia,19284,Town,0914001220,PEP,2020 Intercensal,Population Estimate,2010
Ansonia,19280,Town,0914001220,PEP,2020 Intercensal,Population Estimate,2011
Ansonia,19314,Town,0914001220,PEP,2020 Intercensal,Population Estimate,2012
Ansonia,19207,Town,0914001220,PEP,2020 Intercensal,Population Estimate,2013
Ansonia,19206,Town,0914001220,PEP,2020 Intercensal,Population Estimate,2014
Ansonia,19135,Town,0914001220,PEP,2020 Intercensal,Population Estimate,2015
Ansonia,19058,Town,0914001220,PEP,2020 Intercensal,Population Estimate,2016
Ansonia,19035,Town,0914001220,PEP,2020 Intercensal,Population Estimate,2017
Ansonia,19045,Town,0914001220,PEP,2020 Intercensal,Population Estimate,2018
Ansonia,18964,Town,0914001220,PEP,2020 Intercensal,Population Estimate,2019
Ansonia,18919,Town,0914001220,PEP,2020 Intercensal,Population Estimate,2020
Ashford,4303,Town,0915001430,PEP,2020 Intercensal,Estimate Base,2010
Ashford,4304,Town,0915001430,PEP,2020 Intercensal,Population Estimate,2010
Ashford,4283,Town,0915001430,PEP,2020 Intercensal,Population Estimate,2011
Ashford,4260,Town,0915001430,PEP,2020 Intercensal,Population Estimate,2012
Ashford,4243,Town,0915001430,PEP,2020 Intercensal,Population Estimate,2013
Ashford,4211,Town,0915001430,PEP,2020 Intercensal,Population Estimate,2014
Ashford,4196,Town,0915001430,PEP,2020 Intercensal,Population Estimate,2015
Ashford,4178,Town,0915001430,PEP,2020 Intercensal,Population Estimate,2016
Ashford,4189,Town,0915001430,PEP,2020 Intercensal,Population Estimate,2017
Ashford,4216,Town,0915001430,PEP,2020 Intercensal,Population Estimate,2018
Ashford,4204,Town,0915001430,PEP,2020 Intercensal,Population Estimate,2019
Ashford,4191,Town,0915001430,PEP,2020 Intercensal,Population Estimate,2020
Avon,18092,Town,0911002060,PEP,2020 Intercensal,Estimate Base,2010
Avon,18174,Town,0911002060,PEP,2020 Intercensal,Population Estimate,2010
Avon,18287,Town,0911002060,PEP,2020 Intercensal,Population Estimate,2011
Avon,18442,Town,0911002060,PEP,2020 Intercensal,Population Estimate,2012
Avon,18555,Town,0911002060,PEP,2020 Intercensal,Population Estimate,2013
Avon,18672,Town,0911002060,PEP,2020 Intercensal,Population Estimate,2014
Avon,18712,Town,0911002060,PEP,2020 Intercensal,Population Estimate,2015
Avon,18780,Town,0911002060,PEP,2020 Intercensal,Population Estimate,2016
Avon,18811,Town,0911002060,PEP,2020 Intercensal,Population Estimate,2017
Avon,18893,Town,0911002060,PEP,2020 Intercensal,Population Estimate,2018
Avon,18908,Town,0911002060,PEP,2020 Intercensal,Population Estimate,2019
Avon,18936,Town,0911002060,PEP,2020 Intercensal,Population Estimate,2020
Barkhamsted,3790,Town,0916002760,PEP,2020 Intercensal,Estimate Base,2010
Barkhamsted,3790,Town,0916002760,PEP,2020 Intercensal,Population Estimate,2010
Barkhamsted,3781,Town,0916002760,PEP,2020 Intercensal,Population Estimate,2011
Barkhamsted,3762,Town,0916002760,PEP,2020 Intercensal,Population Estimate,2012
Barkhamsted,3751,Town,0916002760,PEP,2020 Intercensal,Population Estimate,2013
Barkhamsted,3725,Town,0916002760,PEP,2020 Intercensal,Population Estimate,2014
Barkhamsted,3715,Town,0916002760,PEP,2020 Intercensal,Population Estimate,2015
Barkhamsted,3696,Town,0916002760,PEP,2020 Intercensal,Population Estimate,2016
Barkhamsted,3674,Town,0916002760,PEP,2020 Intercensal,Population Estimate,2017
Barkhamsted,3664,Town,0916002760,PEP,2020 Intercensal,Population Estimate,2018
Barkhamsted,3653,Town,0916002760,PEP,2020 Intercensal,Population Estimate,2019
Barkhamsted,3648,Town,0916002760,PEP,2020 Intercensal,Population Estimate,2020
Beacon Falls,6057,Town,0914003250,PEP,2020 Intercensal,Estimate Base,2010
Beacon Falls,6068,Town,0914003250,PEP,2020 Intercensal,Population Estimate,2010
Beacon Falls,6050,Town,0914003250,PEP,2020 Intercensal,Population Estimate,2011
Beacon Falls,6032,Town,0914003250,PEP,2020 Intercensal,Population Estimate,2012
Beacon Falls,6002,Town,0914003250,PEP,2020 Intercensal,Population Estimate,2013
Beacon Falls,5993,Town,0914003250,PEP,2020 Intercensal,Population Estimate,2014
Beacon Falls,5994,Town,0914003250,PEP,2020 Intercensal,Population Estimate,2015
Beacon Falls,5985,Town,0914003250,PEP,2020 Intercensal,Population Estimate,2016
Beacon Falls,6000,Town,0914003250,PEP,2020 Intercensal,Population Estimate,2017
Beacon Falls,6019,Town,0914003250,PEP,2020 Intercensal,Population Estimate,2018
Beacon Falls,6008,Town,0914003250,PEP,2020 Intercensal,Population Estimate,2019
Beacon Falls,6004,Town,0914003250,PEP,2020 Intercensal,Population Estimate,2020
Berlin,19873,Town,0911004300,PEP,2020 Intercensal,Estimate Base,2010
Berlin,19894,Town,0911004300,PEP,2020 Intercensal,Population Estimate,2010
Berlin,20144,Town,0911004300,PEP,2020 Intercensal,Population Estimate,2011
Berlin,20430,Town,0911004300,PEP,2020 Intercensal,Population Estimate,2012
Berlin,20488,Town,0911004300,PEP,2020 Intercensal,Population Estimate,2013
Berlin,20507,Town,0911004300,PEP,2020 Intercensal,Population Estimate,2014
Berlin,20435,Town,0911004300,PEP,2020 Intercensal,Population Estimate,2015
Berlin,20382,Town,0911004300,PEP,2020 Intercensal,Population Estimate,2016
Berlin,20282,Town,0911004300,PEP,2020 Intercensal,Population Estimate,2017
Berlin,20260,Town,0911004300,PEP,2020 Intercensal,Population Estimate,2018
Berlin,20203,Town,0911004300,PEP,2020 Intercensal,Population Estimate,2019
Berlin,20173,Town,0911004300,PEP,2020 Intercensal,Population Estimate,2020
Bethany,5562,Town,0917004580,PEP,2020 Intercensal,Estimate Base,2010
Bethany,5559,Town,0917004580,PEP,2020 Intercensal,Population Estimate,2010
Bethany,5528,Town,0917004580,PEP,2020 Intercensal,Population Estimate,2011
Bethany,5505,Town,0917004580,PEP,2020 Intercensal,Population Estimate,2012
Bethany,5472,Town,0917004580,PEP,2020 Intercensal,Population Estimate,2013
Bethany,5446,Town,0917004580,PEP,2020 Intercensal,Population Estimate,2014
Bethany,5397,Town,0917004580,PEP,2020 Intercensal,Population Estimate,2015
Bethany,5350,Town,0917004580,PEP,2020 Intercensal,Population Estimate,2016
Bethany,5321,Town,0917004580,PEP,2020 Intercensal,Population Estimate,2017
Bethany,5294,Town,0917004580,PEP,2020 Intercensal,Population Estimate,2018
Bethany,5324,Town,0917004580,PEP,2020 Intercensal,Population Estimate,2019
Bethany,5298,Town,0917004580,PEP,2020 Intercensal,Population Estimate,2020
Bethel,18686,Town,0919004720,PEP,2020 Intercensal,Estimate Base,2010
Bethel,18743,Town,0919004720,PEP,2020 Intercensal,Population Estimate,2010
Bethel,19074,Town,0919004720,PEP,2020 Intercensal,Population Estimate,2011
Bethel,19347,Town,0919004720,PEP,2020 Intercensal,Population Estimate,2012
Bethel,19486,Town,0919004720,PEP,2020 Intercensal,Population Estimate,2013
Bethel,19599,Town,0919004720,PEP,2020 Intercensal,Population Estimate,2014
Bethel,19777,Town,0919004720,PEP,2020 Intercensal,Population Estimate,2015
Bethel,19991,Town,0919004720,PEP,2020 Intercensal,Population Estimate,2016
Bethel,20063,Town,0919004720,PEP,2020 Intercensal,Population Estimate,2017
Bethel,20215,Town,0919004720,PEP,2020 Intercensal,Population Estimate,2018
Bethel,20292,Town,0919004720,PEP,2020 Intercensal,Population Estimate,2019
Bethel,20366,Town,0919004720,PEP,2020 Intercensal,Population Estimate,2020
Bethlehem,3577,Town,0914004930,PEP,2020 Intercensal,Estimate Base,2010
Bethlehem,3576,Town,0914004930,PEP,2020 Intercensal,Population Estimate,2010
Bethlehem,3563,Town,0914004930,PEP,2020 Intercensal,Population Estimate,2011
Bethlehem,3536,Town,0914004930,PEP,2020 Intercensal,Population Estimate,2012
Bethlehem,3522,Town,0914004930,PEP,2020 Intercensal,Population Estimate,2013
Bethlehem,3485,Town,0914004930,PEP,2020 Intercensal,Population Estimate,2014
Bethlehem,3464,Town,0914004930,PEP,2020 Intercensal,Population Estimate,2015
Bethlehem,3440,Town,0914004930,PEP,2020 Intercensal,Population Estimate,2016
Bethlehem,3417,Town,0914004930,PEP,2020 Intercensal,Population Estimate,2017
Bethlehem,3404,Town,0914004930,PEP,2020 Intercensal,Population Estimate,2018
Bethlehem,3398,Town,0914004930,PEP,2020 Intercensal,Population Estimate,2019
Bethlehem,3389,Town,0914004930,PEP,2020 Intercensal,Population Estimate,2020
Bloomfield,20482,Town,0911005910,PEP,2020 Intercensal,Estimate Base,2010
Bloomfield,20500,Town,0911005910,PEP,2020 Intercensal,Population Estimate,2010
Bloomfield,20584,Town,0911005910,PEP,2020 Intercensal,Population Estimate,2011
Bloomfield,20706,Town,0911005910,PEP,2020 Intercensal,Population Estimate,2012
Bloomfield,20729,Town,0911005910,PEP,2020 Intercensal,Population Estimate,2013
Bloomfield,20932,Town,0911005910,PEP,2020 Intercensal,Population Estimate,2014
Bloomfield,20896,Town,0911005910,PEP,2020 Intercensal,Population Estimate,2015
Bloomfield,20786,Town,0911005910,PEP,2020 Intercensal,Population Estimate,2016
Bloomfield,21597,Town,0911005910,PEP,2020 Intercensal,Population Estimate,2017
Bloomfield,21564,Town,0911005910,PEP,2020 Intercensal,Population Estimate,2018
Bloomfield,21512,Town,0911005910,PEP,2020 Intercensal,Population Estimate,2019
Bloomfield,21532,Town,0911005910,PEP,2020 Intercensal,Population Estimate,2020
Bolton,4975,Town,0911006260,PEP,2020 Intercensal,Estimate Base,2010
Bolton,4975,Town,0911006260,PEP,2020 Intercensal,Population Estimate,2010
Bolton,4976,Town,0911006260,PEP,2020 Intercensal,Population Estimate,2011
Bolton,4960,Town,0911006260,PEP,2020 Intercensal,Population Estimate,2012
Bolton,4947,Town,0911006260,PEP,2020 Intercensal,Population Estimate,2013
Bolton,4951,Town,0911006260,PEP,2020 Intercensal,Population Estimate,2014
Bolton,4949,Town,0911006260,PEP,2020 Intercensal,Population Estimate,2015
Bolton,4923,Town,0911006260,PEP,2020 Intercensal,Population Estimate,2016
Bolton,4911,Town,0911006260,PEP,2020 Intercensal,Population Estimate,2017
Bolton,4895,Town,0911006260,PEP,2020 Intercensal,Population Estimate,2018
Bolton,4885,Town,0911006260,PEP,2020 Intercensal,Population Estimate,2019
Bolton,4859,Town,0911006260,PEP,2020 Intercensal,Population Estimate,2020
Bozrah,2617,Town,0918006820,PEP,2020 Intercensal,Estimate Base,2010
Bozrah,2607,Town,0918006820,PEP,2020 Intercensal,Population Estimate,2010
Bozrah,2580,Town,0918006820,PEP,2020 Intercensal,Population Estimate,2011
Bozrah,2556,Town,0918006820,PEP,2020 Intercensal,Population Estimate,2012
Bozrah,2518,Town,0918006820,PEP,2020 Intercensal,Population Estimate,2013
Bozrah,2471,Town,0918006820,PEP,2020 Intercensal,Population Estimate,2014
Bozrah,2422,Town,0918006820,PEP,2020 Intercensal,Population Estimate,2015
Bozrah,2373,Town,0918006820,PEP,2020 Intercensal,Population Estimate,2016
Bozrah,2336,Town,0918006820,PEP,2020 Intercensal,Population Estimate,2017
Bozrah,2293,Town,0918006820,PEP,2020 Intercensal,Population Estimate,2018
Bozrah,2458,Town,0918006820,PEP,2020 Intercensal,Population Estimate,2019
Bozrah,2427,Town,0918006820,PEP,2020 Intercensal,Population Estimate,2020
Branford,28026,Town,0917007310,PEP,2020 Intercensal,Estimate Base,2010
Branford,28044,Town,0917007310,PEP,2020 Intercensal,Population Estimate,2010
Branford,28077,Town,0917007310,PEP,2020 Intercensal,Population Estimate,2011
Branford,28149,Town,0917007310,PEP,2020 Intercensal,Population Estimate,2012
Branford,28158,Town,0917007310,PEP,2020 Intercensal,Population Estimate,2013
Branford,28469,Town,0917007310,PEP,2020 Intercensal,Population Estimate,2014
Branford,28412,Town,0917007310,PEP,2020 Intercensal,Population Estimate,2015
Branford,28339,Town,0917007310,PEP,2020 Intercensal,Population Estimate,2016
Branford,28355,Town,0917007310,PEP,2020 Intercensal,Population Estimate,2017
Branford,28402,Town,0917007310,PEP,2020 Intercensal,Population Estimate,2018
Branford,28305,Town,0917007310,PEP,2020 Intercensal,Population Estimate,2019
Branford,28267,Town,0917007310,PEP,2020 Intercensal,Population Estimate,2020
Bridgeport,144247,Town,0912008070,PEP,2020 Intercensal,Estimate Base,2010
Bridgeport,144984,Town,0912008070,PEP,2020 Intercensal,Population Estimate,2010
Bridgeport,146760,Town,0912008070,PEP,2020 Intercensal,Population Estimate,2011
Bridgeport,148201,Town,0912008070,PEP,2020 Intercensal,Population Estimate,2012
Bridgeport,149308,Town,0912008070,PEP,2020 Intercensal,Population Estimate,2013
Bridgeport,149946,Town,0912008070,PEP,2020 Intercensal,Population Estimate,2014
Bridgeport,149972,Town,0912008070,PEP,2020 Intercensal,Population Estimate,2015
Bridgeport,149384,Town,0912008070,PEP,2020 Intercensal,Population Estimate,2016
Bridgeport,148972,Town,0912008070,PEP,2020 Intercensal,Population Estimate,2017
Bridgeport,148945,Town,0912008070,PEP,2020 Intercensal,Population Estimate,2018
Bridgeport,148965,Town,0912008070,PEP,2020 Intercensal,Population Estimate,2019
Bridgeport,148642,Town,0912008070,PEP,2020 Intercensal,Population Estimate,2020
Bridgewater,1732,Town,0919008210,PEP,2020 Intercensal,Estimate Base,2010
Bridgewater,1731,Town,0919008210,PEP,2020 Intercensal,Population Estimate,2010
Bridgewater,1722,Town,0919008210,PEP,2020 Intercensal,Population Estimate,2011
Bridgewater,1712,Town,0919008210,PEP,2020 Intercensal,Population Estimate,2012
Bridgewater,1709,Town,0919008210,PEP,2020 Intercensal,Population Estimate,2013
Bridgewater,1695,Town,0919008210,PEP,2020 Intercensal,Population Estimate,2014
Bridgewater,1685,Town,0919008210,PEP,2020 Intercensal,Population Estimate,2015
Bridgewater,1673,Town,0919008210,PEP,2020 Intercensal,Population Estimate,2016
Bridgewater,1664,Town,0919008210,PEP,2020 Intercensal,Population Estimate,2017
Bridgewater,1661,Town,0919008210,PEP,2020 Intercensal,Population Estimate,2018
Bridgewater,1657,Town,0919008210,PEP,2020 Intercensal,Population Estimate,2019
Bridgewater,1657,Town,0919008210,PEP,2020 Intercensal,Population Estimate,2020
Bristol,60491,Town,0914008490,PEP,2020 Intercensal,Estimate Base,2010
Bristol,60520,Town,0914008490,PEP,2020 Intercensal,Population Estimate,2010
Bristol,60720,Town,0914008490,PEP,2020 Intercensal,Population Estimate,2011
Bristol,60884,Town,0914008490,PEP,2020 Intercensal,Population Estimate,2012
Bristol,60890,Town,0914008490,PEP,2020 Intercensal,Population Estimate,2013
Bristol,61025,Town,0914008490,PEP,2020 Intercensal,Population Estimate,2014
Bristol,61065,Town,0914008490,PEP,2020 Intercensal,Population Estimate,2015
Bristol,60937,Town,0914008490,PEP,2020 Intercensal,Population Estimate,2016
Bristol,60859,Town,0914008490,PEP,2020 Intercensal,Population Estimate,2017
Bristol,60939,Town,0914008490,PEP,2020 Intercensal,Population Estimate,2018
Bristol,60847,Town,0914008490,PEP,2020 Intercensal,Population Estimate,2019
Bristol,60825,Town,0914008490,PEP,2020 Intercensal,Population Estimate,2020
Brookfield,16447,Town,0919008980,PEP,2020 Intercensal,Estimate Base,2010
Brookfield,16483,Town,0919008980,PEP,2020 Intercensal,Population Estimate,2010
Brookfield,16680,Town,0919008980,PEP,2020 Intercensal,Population Estimate,2011
Brookfield,16903,Town,0919008980,PEP,2020 Intercensal,Population Estimate,2012
Brookfield,17015,Town,0919008980,PEP,2020 Intercensal,Population Estimate,2013
Brookfield,17247,Town,0919008980,PEP,2020 Intercensal,Population Estimate,2014
Brookfield,17365,Town,0919008980,PEP,2020 Intercensal,Population Estimate,2015
Brookfield,17431,Town,0919008980,PEP,2020 Intercensal,Population Estimate,2016
Brookfield,17460,Town,0919008980,PEP,2020 Intercensal,Population Estimate,2017
Brookfield,17523,Town,0919008980,PEP,2020 Intercensal,Population Estimate,2018
Brookfield,17543,Town,0919008980,PEP,2020 Intercensal,Population Estimate,2019
Brookfield,17526,Town,0919008980,PEP,2020 Intercensal,Population Estimate,2020
Brooklyn,8212,Town,0915009190,PEP,2020 Intercensal,Estimate Base,2010
Brooklyn,8220,Town,0915009190,PEP,2020 Intercensal,Population Estimate,2010
Brooklyn,8241,Town,0915009190,PEP,2020 Intercensal,Population Estimate,2011
Brooklyn,8274,Town,0915009190,PEP,2020 Intercensal,Population Estimate,2012
Brooklyn,8333,Town,0915009190,PEP,2020 Intercensal,Population Estimate,2013
Brooklyn,8326,Town,0915009190,PEP,2020 Intercensal,Population Estimate,2014
Brooklyn,8335,Town,0915009190,PEP,2020 Intercensal,Population Estimate,2015
Brooklyn,8302,Town,0915009190,PEP,2020 Intercensal,Population Estimate,2016
Brooklyn,8351,Town,0915009190,PEP,2020 Intercensal,Population Estimate,2017
Brooklyn,8426,Town,0915009190,PEP,2020 Intercensal,Population Estimate,2018
Brooklyn,8441,Town,0915009190,PEP,2020 Intercensal,Population Estimate,2019
Brooklyn,8449,Town,0915009190,PEP,2020 Intercensal,Population Estimate,2020
Burlington,9326,Town,0916010100,PEP,2020 Intercensal,Estimate Base,2010
Burlington,9334,Town,0916010100,PEP,2020 Intercensal,Population Estimate,2010
Burlington,9382,Town,0916010100,PEP,2020 Intercensal,Population Estimate,2011
Burlington,9400,Town,0916010100,PEP,2020 Intercensal,Population Estimate,2012
Burlington,9419,Town,0916010100,PEP,2020 Intercensal,Population Estimate,2013
Burlington,9486,Town,0916010100,PEP,2020 Intercensal,Population Estimate,2014
Burlington,9509,Town,0916010100,PEP,2020 Intercensal,Population Estimate,2015
Burlington,9488,Town,0916010100,PEP,2020 Intercensal,Population Estimate,2016
Burlington,9474,Town,0916010100,PEP,2020 Intercensal,Population Estimate,2017
Burlington,9505,Town,0916010100,PEP,2020 Intercensal,Population Estimate,2018
Burlington,9480,Town,0916010100,PEP,2020 Intercensal,Population Estimate,2019
Burlington,9510,Town,0916010100,PEP,2020 Intercensal,Population Estimate,2020
Canaan,1114,Town,0916010940,PEP,2020 Intercensal,Estimate Base,2010
Canaan,1114,Town,0916010940,PEP,2020 Intercensal,Population Estimate,2010
Canaan,1112,Town,0916010940,PEP,2020 Intercensal,Population Estimate,2011
Canaan,1108,Town,0916010940,PEP,2020 Intercensal,Population Estimate,2012
Canaan,1104,Town,0916010940,PEP,2020 Intercensal,Population Estimate,2013
Canaan,1095,Town,0916010940,PEP,2020 Intercensal,Population Estimate,2014
Canaan,1091,Town,0916010940,PEP,2020 Intercensal,Population Estimate,2015
Canaan,1085,Town,0916010940,PEP,2020 Intercensal,Population Estimate,2016
Canaan,1080,Town,0916010940,PEP,2020 Intercensal,Population Estimate,2017
Canaan,1077,Town,0916010940,PEP,2020 Intercensal,Population Estimate,2018
Canaan,1077,Town,0916010940,PEP,2020 Intercensal,Population Estimate,2019
Canaan,1077,Town,0916010940,PEP,2020 Intercensal,Population Estimate,2020
Canterbury,5125,Town,0915012130,PEP,2020 Intercensal,Estimate Base,2010
Canterbury,5123,Town,0915012130,PEP,2020 Intercensal,Population Estimate,2010
Canterbury,5111,Town,0915012130,PEP,2020 Intercensal,Population Estimate,2011
Canterbury,5089,Town,0915012130,PEP,2020 Intercensal,Population Estimate,2012
Canterbury,5066,Town,0915012130,PEP,2020 Intercensal,Population Estimate,2013
Canterbury,5048,Town,0915012130,PEP,2020 Intercensal,Population Estimate,2014
Canterbury,5045,Town,0915012130,PEP,2020 Intercensal,Population Estimate,2015
Canterbury,5020,Town,0915012130,PEP,2020 Intercensal,Population Estimate,2016
Canterbury,5042,Town,0915012130,PEP,2020 Intercensal,Population Estimate,2017
Canterbury,5060,Town,0915012130,PEP,2020 Intercensal,Population Estimate,2018
Canterbury,5037,Town,0915012130,PEP,2020 Intercensal,Population Estimate,2019
Canterbury,5042,Town,0915012130,PEP,2020 Intercensal,Population Estimate,2020
Canton,10292,Town,0911012270,PEP,2020 Intercensal,Estimate Base,2010
Canton,10294,Town,0911012270,PEP,2020 Intercensal,Population Estimate,2010
Canton,10312,Town,0911012270,PEP,2020 Intercensal,Population Estimate,2011
Canton,10329,Town,0911012270,PEP,2020 Intercensal,Population Estimate,2012
Canton,10311,Town,0911012270,PEP,2020 Intercensal,Population Estimate,2013
Canton,10299,Town,0911012270,PEP,2020 Intercensal,Population Estimate,2014
Canton,10277,Town,0911012270,PEP,2020 Intercensal,Population Estimate,2015
Canton,10239,Town,0911012270,PEP,2020 Intercensal,Population Estimate,2016
Canton,10193,Town,0911012270,PEP,2020 Intercensal,Population Estimate,2017
Canton,10184,Town,0911012270,PEP,2020 Intercensal,Population Estimate,2018
Canton,10142,Town,0911012270,PEP,2020 Intercensal,Population Estimate,2019
Canton,10125,Town,0911012270,PEP,2020 Intercensal,Population Estimate,2020
Capitol Planning Region,973976,Planning Region,09110,PEP,2020 Intercensal,Estimate Base,2010
Capitol Planning Region,975841,Planning Region,09110,PEP,2020 Intercensal,Population Estimate,2010
Capitol Planning Region,977936,Planning Region,09110,PEP,2020 Intercensal,Population Estimate,2011
Capitol Planning Region,978432,Planning Region,09110,PEP,2020 Intercensal,Population Estimate,2012
Capitol Planning Region,979123,Planning Region,09110,PEP,2020 Intercensal,Population Estimate,2013
Capitol Planning Region,979487,Planning Region,09110,PEP,2020 Intercensal,Population Estimate,2014
Capitol Planning Region,979263,Planning Region,09110,PEP,2020 Intercensal,Population Estimate,2015
Capitol Planning Region,977402,Planning Region,09110,PEP,2020 Intercensal,Population Estimate,2016
Capitol Planning Region,977120,Planning Region,09110,PEP,2020 Intercensal,Population Estimate,2017
Capitol Planning Region,977236,Planning Region,09110,PEP,2020 Intercensal,Population Estimate,2018
Capitol Planning Region,976737,Planning Region,09110,PEP,2020 Intercensal,Population Estimate,2019
Capitol Planning Region,976276,Planning Region,09110,PEP,2020 Intercensal,Population Estimate,2020
Chaplin,2304,Town,0915013810,PEP,2020 Intercensal,Estimate Base,2010
Chaplin,2300,Town,0915013810,PEP,2020 Intercensal,Population Estimate,2010
Chaplin,2283,Town,0915013810,PEP,2020 Intercensal,Population Estimate,2011
Chaplin,2267,Town,0915013810,PEP,2020 Intercensal,Population Estimate,2012
Chaplin,2249,Town,0915013810,PEP,2020 Intercensal,Population Estimate,2013
Chaplin,2221,Town,0915013810,PEP,2020 Intercensal,Population Estimate,2014
Chaplin,2209,Town,0915013810,PEP,2020 Intercensal,Population Estimate,2015
Chaplin,2192,Town,0915013810,PEP,2020 Intercensal,Population Estimate,2016
Chaplin,2186,Town,0915013810,PEP,2020 Intercensal,Population Estimate,2017
Chaplin,2192,Town,0915013810,PEP,2020 Intercensal,Population Estimate,2018
Chaplin,2168,Town,0915013810,PEP,2020 Intercensal,Population Estimate,2019
Chaplin,2152,Town,0915013810,PEP,2020 Intercensal,Population Estimate,2020
Cheshire,29306,Town,0914014160,PEP,2020 Intercensal,Estimate Base,2010
Cheshire,29323,Town,0914014160,PEP,2020 Intercensal,Population Estimate,2010
Cheshire,29326,Town,0914014160,PEP,2020 Intercensal,Population Estimate,2011
Cheshire,29368,Town,0914014160,PEP,2020 Intercensal,Population Estimate,2012
Cheshire,29138,Town,0914014160,PEP,2020 Intercensal,Population Estimate,2013
Cheshire,29229,Town,0914014160,PEP,2020 Intercensal,Population Estimate,2014
Cheshire,29240,Town,0914014160,PEP,2020 Intercensal,Population Estimate,2015
Cheshire,29201,Town,0914014160,PEP,2020 Intercensal,Population Estimate,2016
Cheshire,29147,Town,0914014160,PEP,2020 Intercensal,Population Estimate,2017
Cheshire,28948,Town,0914014160,PEP,2020 Intercensal,Population Estimate,2018
Cheshire,28809,Town,0914014160,PEP,2020 Intercensal,Population Estimate,2019
Cheshire,28722,Town,0914014160,PEP,2020 Intercensal,Population Estimate,2020
Chester,3982,Town,0913014300,PEP,2020 Intercensal,Estimate Base,2010
Chester,4002,Town,0913014300,PEP,2020 Intercensal,Population Estimate,2010
Chester,4099,Town,0913014300,PEP,2020 Intercensal,Population Estimate,2011
Chester,4132,Town,0913014300,PEP,2020 Intercensal,Population Estimate,2012
Chester,4185,Town,0913014300,PEP,2020 Intercensal,Population Estimate,2013
Chester,4109,Town,0913014300,PEP,2020 Intercensal,Population Estimate,2014
Chester,4040,Town,0913014300,PEP,2020 Intercensal,Population Estimate,2015
Chester,3967,Town,0913014300,PEP,2020 Intercensal,Population Estimate,2016
Chester,3911,Town,0913014300,PEP,2020 Intercensal,Population Estimate,2017
Chester,3867,Town,0913014300,PEP,2020 Intercensal,Population Estimate,2018
Chester,3800,Town,0913014300,PEP,2020 Intercensal,Population Estimate,2019
Chester,3749,Town,0913014300,PEP,2020 Intercensal,Population Estimate,2020
Clinton,13260,Town,0913015350,PEP,2020 Intercensal,Estimate Base,2010
Clinton,13249,Town,0913015350,PEP,2020 Intercensal,Population Estimate,2010
Clinton,13291,Town,0913015350,PEP,2020 Intercensal,Population Estimate,2011
Clinton,13250,Town,0913015350,PEP,2020 Intercensal,Population Estimate,2012
Clinton,13259,Town,0913015350,PEP,2020 Intercensal,Population Estimate,2013
Clinton,13229,Town,0913015350,PEP,2020 Intercensal,Population Estimate,2014
Clinton,13167,Town,0913015350,PEP,2020 Intercensal,Population Estimate,2015
Clinton,13129,Town,0913015350,PEP,2020 Intercensal,Population Estimate,2016
Clinton,13121,Town,0913015350,PEP,2020 Intercensal,Population Estimate,2017
Clinton,13195,Town,0913015350,PEP,2020 Intercensal,Population Estimate,2018
Clinton,13191,Town,0913015350,PEP,2020 Intercensal,Population Estimate,2019
Clinton,13184,Town,0913015350,PEP,2020 Intercensal,Population Estimate,2020
Colchester,16013,Town,0918015910,PEP,2020 Intercensal,Estimate Base,2010
Colchester,16005,Town,0918015910,PEP,2020 Intercensal,Population Estimate,2010
Colchester,16006,Town,0918015910,PEP,2020 Intercensal,Population Estimate,2011
Colchester,16029,Town,0918015910,PEP,2020 Intercensal,Population Estimate,2012
Colchester,15952,Town,0918015910,PEP,2020 Intercensal,Population Estimate,2013
Colchester,15895,Town,0918015910,PEP,2020 Intercensal,Population Estimate,2014
Colchester,15778,Town,0918015910,PEP,2020 Intercensal,Population Estimate,2015
Colchester,15698,Town,0918015910,PEP,2020 Intercensal,Population Estimate,2016
Colchester,15764,Town,0918015910,PEP,2020 Intercensal,Population Estimate,2017
Colchester,15729,Town,0918015910,PEP,2020 Intercensal,Population Estimate,2018
Colchester,15624,Town,0918015910,PEP,2020 Intercensal,Population Estimate,2019
Colchester,15548,Town,0918015910,PEP,2020 Intercensal,Population Estimate,2020
Colebrook,1482,Town,0916016050,PEP,2020 Intercensal,Estimate Base,2010
Colebrook,1480,Town,0916016050,PEP,2020 Intercensal,Population Estimate,2010
Colebrook,1468,Town,0916016050,PEP,2020 Intercensal,Population Estimate,2011
Colebrook,1452,Town,0916016050,PEP,2020 Intercensal,Population Estimate,2012
Colebrook,1441,Town,0916016050,PEP,2020 Intercensal,Population Estimate,2013
Colebrook,1427,Town,0916016050,PEP,2020 Intercensal,Population Estimate,2014
Colebrook,1416,Town,0916016050,PEP,2020 Intercensal,Population Estimate,2015
Colebrook,1401,Town,0916016050,PEP,2020 Intercensal,Population Estimate,2016
Colebrook,1387,Town,0916016050,PEP,2020 Intercensal,Population Estimate,2017
Colebrook,1375,Town,0916016050,PEP,2020 Intercensal,Population Estimate,2018
Colebrook,1367,Town,0916016050,PEP,2020 Intercensal,Population Estimate,2019
Colebrook,1361,Town,0916016050,PEP,2020 Intercensal,Population Estimate,2020
Columbia,5482,Town,0911016400,PEP,2020 Intercensal,Estimate Base,2010
Columbia,5479,Town,0911016400,PEP,2020 Intercensal,Population Estimate,2010
Columbia,5467,Town,0911016400,PEP,2020 Intercensal,Population Estimate,2011
Columbia,5447,Town,0911016400,PEP,2020 Intercensal,Population Estimate,2012
Columbia,5430,Town,0911016400,PEP,2020 Intercensal,Population Estimate,2013
Columbia,5414,Town,0911016400,PEP,2020 Intercensal,Population Estimate,2014
Columbia,5392,Town,0911016400,PEP,2020 Intercensal,Population Estimate,2015
Columbia,5371,Town,0911016400,PEP,2020 Intercensal,Population Estimate,2016
Columbia,5357,Town,0911016400,PEP,2020 Intercensal,Population Estimate,2017
Columbia,5331,Town,0911016400,PEP,2020 Intercensal,Population Estimate,2018
Columbia,5305,Town,0911016400,PEP,2020 Intercensal,Population Estimate,2019
Columbia,5276,Town,0911016400,PEP,2020 Intercensal,Population Estimate,2020
Connecticut,3574151,State,09,PEP,2020 Intercensal,Estimate Base,2010
Connecticut,3580281,State,09,PEP,2020 Intercensal,Population Estimate,2010
Connecticut,3594181,State,09,PEP,2020 Intercensal,Population Estimate,2011
Connecticut,3605215,State,09,PEP,2020 Intercensal,Population Estimate,2012
Connecticut,3610238,State,09,PEP,2020 Intercensal,Population Estimate,2013
Connecticut,3614584,State,09,PEP,2020 Intercensal,Population Estimate,2014
Connecticut,3611891,State,09,PEP,2020 Intercensal,Population Estimate,2015
Connecticut,3607614,State,09,PEP,2020 Intercensal,Population Estimate,2016
Connecticut,3607550,State,09,PEP,2020 Intercensal,Population Estimate,2017
Connecticut,3611229,State,09,PEP,2020 Intercensal,Population Estimate,2018
Connecticut,3607133,State,09,PEP,2020 Intercensal,Population Estimate,2019
Connecticut,3605951,State,09,PEP,2020 Intercensal,Population Estimate,2020
Cornwall,1420,Town,0916017240,PEP,2020 Intercensal,Estimate Base,2010
Cornwall,1424,Town,0916017240,PEP,2020 Intercensal,Population Estimate,2010
Cornwall,1438,Town,0916017240,PEP,2020 Intercensal,Population Estimate,2011
Cornwall,1447,Town,0916017240,PEP,2020 Intercensal,Population Estimate,2012
Cornwall,1479,Town,0916017240,PEP,2020 Intercensal,Population Estimate,2013
Cornwall,1488,Town,0916017240,PEP,2020 Intercensal,Population Estimate,2014
Cornwall,1500,Town,0916017240,PEP,2020 Intercensal,Population Estimate,2015
Cornwall,1511,Town,0916017240,PEP,2020 Intercensal,Population Estimate,2016
Cornwall,1523,Town,0916017240,PEP,2020 Intercensal,Population Estimate,2017
Cornwall,1539,Town,0916017240,PEP,2020 Intercensal,Population Estimate,2018
Cornwall,1551,Town,0916017240,PEP,2020 Intercensal,Population Estimate,2019
Cornwall,1568,Town,0916017240,PEP,2020 Intercensal,Population Estimate,2020
Coventry,12437,Town,0911017800,PEP,2020 Intercensal,Estimate Base,2010
Coventry,12439,Town,0911017800,PEP,2020 Intercensal,Population Estimate,2010
Coventry,12463,Town,0911017800,PEP,2020 Intercensal,Population Estimate,2011
Coventry,12413,Town,0911017800,PEP,2020 Intercensal,Population Estimate,2012
Coventry,12379,Town,0911017800,PEP,2020 Intercensal,Population Estimate,2013
Coventry,12368,Town,0911017800,PEP,2020 Intercensal,Population Estimate,2014
Coventry,12388,Town,0911017800,PEP,2020 Intercensal,Population Estimate,2015
Coventry,12349,Town,0911017800,PEP,2020 Intercensal,Population Estimate,2016
Coventry,12320,Town,0911017800,PEP,2020 Intercensal,Population Estimate,2017
Coventry,12313,Town,0911017800,PEP,2020 Intercensal,Population Estimate,2018
Coventry,12273,Town,0911017800,PEP,2020 Intercensal,Population Estimate,2019
Coventry,12238,Town,0911017800,PEP,2020 Intercensal,Population Estimate,2020
Cromwell,14003,Town,0913018080,PEP,2020 Intercensal,Estimate Base,2010
Cromwell,14007,Town,0913018080,PEP,2020 Intercensal,Population Estimate,2010
Cromwell,14167,Town,0913018080,PEP,2020 Intercensal,Population Estimate,2011
Cromwell,14191,Town,0913018080,PEP,2020 Intercensal,Population Estimate,2012
Cromwell,14259,Town,0913018080,PEP,2020 Intercensal,Population Estimate,2013
Cromwell,14268,Town,0913018080,PEP,2020 Intercensal,Population Estimate,2014
Cromwell,14222,Town,0913018080,PEP,2020 Intercensal,Population Estimate,2015
Cromwell,14219,Town,0913018080,PEP,2020 Intercensal,Population Estimate,2016
Cromwell,14234,Town,0913018080,PEP,2020 Intercensal,Population Estimate,2017
Cromwell,14251,Town,0913018080,PEP,2020 Intercensal,Population Estimate,2018
Cromwell,14238,Town,0913018080,PEP,2020 Intercensal,Population Estimate,2019
Cromwell,14221,Town,0913018080,PEP,2020 Intercensal,Population Estimate,2020
Danbury,80834,Town,0919018500,PEP,2020 Intercensal,Estimate Base,2010
Danbury,81297,Town,0919018500,PEP,2020 Intercensal,Population Estimate,2010
Danbury,82287,Town,0919018500,PEP,2020 Intercensal,Population Estimate,2011
Danbury,83189,Town,0919018500,PEP,2020 Intercensal,Population Estimate,2012
Danbury,84197,Town,0919018500,PEP,2020 Intercensal,Population Estimate,2013
Danbury,84510,Town,0919018500,PEP,2020 Intercensal,Population Estimate,2014
Danbury,85233,Town,0919018500,PEP,2020 Intercensal,Population Estimate,2015
Danbury,86198,Town,0919018500,PEP,2020 Intercensal,Population Estimate,2016
Danbury,86119,Town,0919018500,PEP,2020 Intercensal,Population Estimate,2017
Danbury,86426,Town,0919018500,PEP,2020 Intercensal,Population Estimate,2018
Danbury,86601,Town,0919018500,PEP,2020 Intercensal,Population Estimate,2019
Danbury,86509,Town,0919018500,PEP,2020 Intercensal,Population Estimate,2020
Darien,20716,Town,0919018850,PEP,2020 Intercensal,Estimate Base,2010
Darien,20746,Town,0919018850,PEP,2020 Intercensal,Population Estimate,2010
Darien,20920,Town,0919018850,PEP,2020 Intercensal,Population Estimate,2011
Darien,21083,Town,0919018850,PEP,2020 Intercensal,Population Estimate,2012
Darien,21263,Town,0919018850,PEP,2020 Intercensal,Population Estimate,2013
Darien,21573,Town,0919018850,PEP,2020 Intercensal,Population Estimate,2014
Darien,21629,Town,0919018850,PEP,2020 Intercensal,Population Estimate,2015
Darien,21640,Town,0919018850,PEP,2020 Intercensal,Population Estimate,2016
Darien,21578,Town,0919018850,PEP,2020 Intercensal,Population Estimate,2017
Darien,21594,Town,0919018850,PEP,2020 Intercensal,Population Estimate,2018
Darien,21551,Town,0919018850,PEP,2020 Intercensal,Population Estimate,2019
Darien,21501,Town,0919018850,PEP,2020 Intercensal,Population Estimate,2020
Deep River,4631,Town,0913019130,PEP,2020 Intercensal,Estimate Base,2010
Deep River,4625,Town,0913019130,PEP,2020 Intercensal,Population Estimate,2010
Deep River,4624,Town,0913019130,PEP,2020 Intercensal,Population Estimate,2011
Deep River,4601,Town,0913019130,PEP,2020 Intercensal,Population Estimate,2012
Deep River,4585,Town,0913019130,PEP,2020 Intercensal,Population Estimate,2013
Deep River,4552,Town,0913019130,PEP,2020 Intercensal,Population Estimate,2014
Deep River,4516,Town,0913019130,PEP,2020 Intercensal,Population Estimate,2015
Deep River,4488,Town,0913019130,PEP,2020 Intercensal,Population Estimate,2016
Deep River,4469,Town,0913019130,PEP,2020 Intercensal,Population Estimate,2017
Deep River,4455,Town,0913019130,PEP,2020 Intercensal,Population Estimate,2018
Deep River,4434,Town,0913019130,PEP,2020 Intercensal,Population Estimate,2019
Deep River,4412,Town,0913019130,PEP,2020 Intercensal,Population Estimate,2020
Derby,12876,Town,0914019550,PEP,2020 Intercensal,Estimate Base,2010
Derby,12879,Town,0914019550,PEP,2020 Intercensal,Population Estimate,2010
Derby,12839,Town,0914019550,PEP,2020 Intercensal,Population Estimate,2011
Derby,12853,Town,0914019550,PEP,2020 Intercensal,Population Estimate,2012
Derby,12824,Town,0914019550,PEP,2020 Intercensal,Population Estimate,2013
Derby,12797,Town,0914019550,PEP,2020 Intercensal,Population Estimate,2014
Derby,12635,Town,0914019550,PEP,2020 Intercensal,Population Estimate,2015
Derby,12580,Town,0914019550,PEP,2020 Intercensal,Population Estimate,2016
Derby,12554,Town,0914019550,PEP,2020 Intercensal,Population Estimate,2017
Derby,12440,Town,0914019550,PEP,2020 Intercensal,Population Estimate,2018
Derby,12370,Town,0914019550,PEP,2020 Intercensal,Population Estimate,2019
Derby,12330,Town,0914019550,PEP,2020 Intercensal,Population Estimate,2020
Durham,7393,Town,0913020810,PEP,2020 Intercensal,Estimate Base,2010
Durham,7386,Town,0913020810,PEP,2020 Intercensal,Population Estimate,2010
Durham,7400,Town,0913020810,PEP,2020 Intercensal,Population Estimate,2011
Durham,7371,Town,0913020810,PEP,2020 Intercensal,Population Estimate,2012
Durham,7355,Town,0913020810,PEP,2020 Intercensal,Population Estimate,2013
Durham,7336,Town,0913020810,PEP,2020 Intercensal,Population Estimate,2014
Durham,7286,Town,0913020810,PEP,2020 Intercensal,Population Estimate,2015
Durham,7239,Town,0913020810,PEP,2020 Intercensal,Population Estimate,2016
Durham,7225,Town,0913020810,PEP,2020 Intercensal,Population Estimate,2017
Durham,7207,Town,0913020810,PEP,2020 Intercensal,Population Estimate,2018
Durham,7177,Town,0913020810,PEP,2020 Intercensal,Population Estimate,2019
Durham,7152,Town,0913020810,PEP,2020 Intercensal,Population Estimate,2020
East Granby,5147,Town,0911022070,PEP,2020 Intercensal,Estimate Base,2010
East Granby,5159,Town,0911022070,PEP,2020 Intercensal,Population Estimate,2010
East Granby,5175,Town,0911022070,PEP,2020 Intercensal,Population Estimate,2011
East Granby,5202,Town,0911022070,PEP,2020 Intercensal,Population Estimate,2012
East Granby,5228,Town,0911022070,PEP,2020 Intercensal,Population Estimate,2013
East Granby,5240,Town,0911022070,PEP,2020 Intercensal,Population Estimate,2014
East Granby,5236,Town,0911022070,PEP,2020 Intercensal,Population Estimate,2015
East Granby,5223,Town,0911022070,PEP,2020 Intercensal,Population Estimate,2016
East Granby,5218,Town,0911022070,PEP,2020 Intercensal,Population Estimate,2017
East Granby,5223,Town,0911022070,PEP,2020 Intercensal,Population Estimate,2018
East Granby,5216,Town,0911022070,PEP,2020 Intercensal,Population Estimate,2019
East Granby,5212,Town,0911022070,PEP,2020 Intercensal,Population Estimate,2020
East Haddam,9129,Town,0913022280,PEP,2020 Intercensal,Estimate Base,2010
East Haddam,9123,Town,0913022280,PEP,2020 Intercensal,Population Estimate,2010
East Haddam,9167,Town,0913022280,PEP,2020 Intercensal,Population Estimate,2011
East Haddam,9130,Town,0913022280,PEP,2020 Intercensal,Population Estimate,2012
East Haddam,9104,Town,0913022280,PEP,2020 Intercensal,Population Estimate,2013
East Haddam,9077,Town,0913022280,PEP,2020 Intercensal,Population Estimate,2014
East Haddam,9007,Town,0913022280,PEP,2020 Intercensal,Population Estimate,2015
East Haddam,8954,Town,0913022280,PEP,2020 Intercensal,Population Estimate,2016
East Haddam,8932,Town,0913022280,PEP,2020 Intercensal,Population Estimate,2017
East Haddam,8914,Town,0913022280,PEP,2020 Intercensal,Population Estimate,2018
East Haddam,8915,Town,0913022280,PEP,2020 Intercensal,Population Estimate,2019
East Haddam,8873,Town,0913022280,PEP,2020 Intercensal,Population Estimate,2020
East Hampton,12960,Town,0913022490,PEP,2020 Intercensal,Estimate Base,2010
East Hampton,12954,Town,0913022490,PEP,2020 Intercensal,Population Estimate,2010
East Hampton,12991,Town,0913022490,PEP,2020 Intercensal,Population Estimate,2011
East Hampton,12920,Town,0913022490,PEP,2020 Intercensal,Population Estimate,2012
East Hampton,12882,Town,0913022490,PEP,2020 Intercensal,Population Estimate,2013
East Hampton,12838,Town,0913022490,PEP,2020 Intercensal,Population Estimate,2014
East Hampton,12802,Town,0913022490,PEP,2020 Intercensal,Population Estimate,2015
East Hampton,12827,Town,0913022490,PEP,2020 Intercensal,Population Estimate,2016
East Hampton,12814,Town,0913022490,PEP,2020 Intercensal,Population Estimate,2017
East Hampton,12810,Town,0913022490,PEP,2020 Intercensal,Population Estimate,2018
East Hampton,12768,Town,0913022490,PEP,2020 Intercensal,Population Estimate,2019
East Hampton,12722,Town,0913022490,PEP,2020 Intercensal,Population Estimate,2020
East Hartford,51246,Town,0911022630,PEP,2020 Intercensal,Estimate Base,2010
East Hartford,51293,Town,0911022630,PEP,2020 Intercensal,Population Estimate,2010
East Hartford,51492,Town,0911022630,PEP,2020 Intercensal,Population Estimate,2011
East Hartford,51644,Town,0911022630,PEP,2020 Intercensal,Population Estimate,2012
East Hartford,51662,Town,0911022630,PEP,2020 Intercensal,Population Estimate,2013
East Hartford,51670,Town,0911022630,PEP,2020 Intercensal,Population Estimate,2014
East Hartford,51382,Town,0911022630,PEP,2020 Intercensal,Population Estimate,2015
East Hartford,51293,Town,0911022630,PEP,2020 Intercensal,Population Estimate,2016
East Hartford,51125,Town,0911022630,PEP,2020 Intercensal,Population Estimate,2017
East Hartford,51169,Town,0911022630,PEP,2020 Intercensal,Population Estimate,2018
East Hartford,51076,Town,0911022630,PEP,2020 Intercensal,Population Estimate,2019
East Hartford,51049,Town,0911022630,PEP,2020 Intercensal,Population Estimate,2020
East Haven,29230,Town,0917022910,PEP,2020 Intercensal,Estimate Base,2010
East Haven,29220,Town,0917022910,PEP,2020 Intercensal,Population Estimate,2010
East Haven,29109,Town,0917022910,PEP,2020 Intercensal,Population Estimate,2011
East Haven,29055,Town,0917022910,PEP,2020 Intercensal,Population Estimate,2012
East Haven,28919,Town,0917022910,PEP,2020 Intercensal,Population Estimate,2013
East Haven,28829,Town,0917022910,PEP,2020 Intercensal,Population Estimate,2014
East Haven,28651,Town,0917022910,PEP,2020 Intercensal,Population Estimate,2015
East Haven,28474,Town,0917022910,PEP,2020 Intercensal,Population Estimate,2016
East Haven,28348,Town,0917022910,PEP,2020 Intercensal,Population Estimate,2017
East Haven,28232,Town,0917022910,PEP,2020 Intercensal,Population Estimate,2018
East Haven,28025,Town,0917022910,PEP,2020 Intercensal,Population Estimate,2019
East Haven,27926,Town,0917022910,PEP,2020 Intercensal,Population Estimate,2020
East Lyme,19164,Town,0918023400,PEP,2020 Intercensal,Estimate Base,2010
East Lyme,19141,Town,0918023400,PEP,2020 Intercensal,Population Estimate,2010
East Lyme,18524,Town,0918023400,PEP,2020 Intercensal,Population Estimate,2011
East Lyme,18901,Town,0918023400,PEP,2020 Intercensal,Population Estimate,2012
East Lyme,18893,Town,0918023400,PEP,2020 Intercensal,Population Estimate,2013
East Lyme,18737,Town,0918023400,PEP,2020 Intercensal,Population Estimate,2014
East Lyme,19242,Town,0918023400,PEP,2020 Intercensal,Population Estimate,2015
East Lyme,18861,Town,0918023400,PEP,2020 Intercensal,Population Estimate,2016
East Lyme,18823,Town,0918023400,PEP,2020 Intercensal,Population Estimate,2017
East Lyme,18753,Town,0918023400,PEP,2020 Intercensal,Population Estimate,2018
East Lyme,18648,Town,0918023400,PEP,2020 Intercensal,Population Estimate,2019
East Lyme,18684,Town,0918023400,PEP,2020 Intercensal,Population Estimate,2020
East Windsor,11164,Town,0911024800,PEP,2020 Intercensal,Estimate Base,2010
East Windsor,11176,Town,0911024800,PEP,2020 Intercensal,Population Estimate,2010
East Windsor,11283,Town,0911024800,PEP,2020 Intercensal,Population Estimate,2011
East Windsor,11289,Town,0911024800,PEP,2020 Intercensal,Population Estimate,2012
East Windsor,11259,Town,0911024800,PEP,2020 Intercensal,Population Estimate,2013
East Windsor,11225,Town,0911024800,PEP,2020 Intercensal,Population Estimate,2014
East Windsor,11158,Town,0911024800,PEP,2020 Intercensal,Population Estimate,2015
East Windsor,11089,Town,0911024800,PEP,2020 Intercensal,Population Estimate,2016
East Windsor,11035,Town,0911024800,PEP,2020 Intercensal,Population Estimate,2017
East Windsor,11013,Town,0911024800,PEP,2020 Intercensal,Population Estimate,2018
East Windsor,11227,Town,0911024800,PEP,2020 Intercensal,Population Estimate,2019
East Windsor,11191,Town,0911024800,PEP,2020 Intercensal,Population Estimate,2020
Eastford,1769,Town,0915021860,PEP,2020 Intercensal,Estimate Base,2010
Eastford,1766,Town,0915021860,PEP,2020 Intercensal,Population Estimate,2010
Eastford,1740,Town,0915021860,PEP,2020 Intercensal,Population Estimate,2011
Eastford,1720,Town,0915021860,PEP,2020 Intercensal,Population Estimate,2012
Eastford,1705,Town,0915021860,PEP,2020 Intercensal,Population Estimate,2013
Eastford,1686,Town,0915021860,PEP,2020 Intercensal,Population Estimate,2014
Eastford,1688,Town,0915021860,PEP,2020 Intercensal,Population Estimate,2015
Eastford,1671,Town,0915021860,PEP,2020 Intercensal,Population Estimate,2016
Eastford,1665,Town,0915021860,PEP,2020 Intercensal,Population Estimate,2017
Eastford,1664,Town,0915021860,PEP,2020 Intercensal,Population Estimate,2018
Eastford,1649,Town,0915021860,PEP,2020 Intercensal,Population Estimate,2019
Eastford,1646,Town,0915021860,PEP,2020 Intercensal,Population Estimate,2020
Easton,7492,Town,0912023890,PEP,2020 Intercensal,Estimate Base,2010
Easton,7507,Town,0912023890,PEP,2020 Intercensal,Population Estimate,2010
Easton,7574,Town,0912023890,PEP,2020 Intercensal,Population Estimate,2011
Easton,7633,Town,0912023890,PEP,2020 Intercensal,Population Estimate,2012
Easton,7649,Town,0912023890,PEP,2020 Intercensal,Population Estimate,2013
Easton,7670,Town,0912023890,PEP,2020 Intercensal,Population Estimate,2014
Easton,7664,Town,0912023890,PEP,2020 Intercensal,Population Estimate,2015
Easton,7638,Town,0912023890,PEP,2020 Intercensal,Population Estimate,2016
Easton,7620,Town,0912023890,PEP,2020 Intercensal,Population Estimate,2017
Easton,7630,Town,0912023890,PEP,2020 Intercensal,Population Estimate,2018
Easton,7631,Town,0912023890,PEP,2020 Intercensal,Population Estimate,2019
Easton,7602,Town,0912023890,PEP,2020 Intercensal,Population Estimate,2020
Ellington,15603,Town,0911025360,PEP,2020 Intercensal,Estimate Base,2010
Ellington,15630,Town,0911025360,PEP,2020 Intercensal,Population Estimate,2010
Ellington,15619,Town,0911025360,PEP,2020 Intercensal,Population Estimate,2011
Ellington,15758,Town,0911025360,PEP,2020 Intercensal,Population Estimate,2012
Ellington,15724,Town,0911025360,PEP,2020 Intercensal,Population Estimate,2013
Ellington,15718,Town,0911025360,PEP,2020 Intercensal,Population Estimate,2014
Ellington,15837,Town,0911025360,PEP,2020 Intercensal,Population Estimate,2015
Ellington,15939,Town,0911025360,PEP,2020 Intercensal,Population Estimate,2016
Ellington,16049,Town,0911025360,PEP,2020 Intercensal,Population Estimate,2017
Ellington,16179,Town,0911025360,PEP,2020 Intercensal,Population Estimate,2018
Ellington,16313,Town,0911025360,PEP,2020 Intercensal,Population Estimate,2019
Ellington,16426,Town,0911025360,PEP,2020 Intercensal,Population Estimate,2020
Enfield,44653,Town,0911025990,PEP,2020 Intercensal,Estimate Base,2010
Enfield,44609,Town,0911025990,PEP,2020 Intercensal,Population Estimate,2010
Enfield,44510,Town,0911025990,PEP,2020 Intercensal,Population Estimate,2011
Enfield,44359,Town,0911025990,PEP,2020 Intercensal,Population Estimate,2012
Enfield,44232,Town,0911025990,PEP,2020 Intercensal,Population Estimate,2013
Enfield,43915,Town,0911025990,PEP,2020 Intercensal,Population Estimate,2014
Enfield,43600,Town,0911025990,PEP,2020 Intercensal,Population Estimate,2015
Enfield,43527,Town,0911025990,PEP,2020 Intercensal,Population Estimate,2016
Enfield,43381,Town,0911025990,PEP,2020 Intercensal,Population Estimate,2017
Enfield,42494,Town,0911025990,PEP,2020 Intercensal,Population Estimate,2018
Enfield,42267,Town,0911025990,PEP,2020 Intercensal,Population Estimate,2019
Enfield,42141,Town,0911025990,PEP,2020 Intercensal,Population Estimate,2020
Essex,6677,Town,0913026270,PEP,2020 Intercensal,Estimate Base,2010
Essex,6672,Town,0913026270,PEP,2020 Intercensal,Population Estimate,2010
Essex,6690,Town,0913026270,PEP,2020 Intercensal,Population Estimate,2011
Essex,6660,Town,0913026270,PEP,2020 Intercensal,Population Estimate,2012
Essex,6650,Town,0913026270,PEP,2020 Intercensal,Population Estimate,2013
Essex,6644,Town,0913026270,PEP,2020 Intercensal,Population Estimate,2014
Essex,6607,Town,0913026270,PEP,2020 Intercensal,Population Estimate,2015
Essex,6586,Town,0913026270,PEP,2020 Intercensal,Population Estimate,2016
Essex,6625,Town,0913026270,PEP,2020 Intercensal,Population Estimate,2017
Essex,6746,Town,0913026270,PEP,2020 Intercensal,Population Estimate,2018
Essex,6754,Town,0913026270,PEP,2020 Intercensal,Population Estimate,2019
Essex,6736,Town,0913026270,PEP,2020 Intercensal,Population Estimate,2020
Fairfield,59398,Town,0912026620,PEP,2020 Intercensal,Estimate Base,2010
Fairfield,59679,Town,0912026620,PEP,2020 Intercensal,Population Estimate,2010
Fairfield,60250,Town,0912026620,PEP,2020 Intercensal,Population Estimate,2011
Fairfield,60623,Town,0912026620,PEP,2020 Intercensal,Population Estimate,2012
Fairfield,60758,Town,0912026620,PEP,2020 Intercensal,Population Estimate,2013
Fairfield,61027,Town,0912026620,PEP,2020 Intercensal,Population Estimate,2014
Fairfield,60993,Town,0912026620,PEP,2020 Intercensal,Population Estimate,2015
Fairfield,60978,Town,0912026620,PEP,2020 Intercensal,Population Estimate,2016
Fairfield,61411,Town,0912026620,PEP,2020 Intercensal,Population Estimate,2017
Fairfield,61559,Town,0912026620,PEP,2020 Intercensal,Population Estimate,2018
Fairfield,61445,Town,0912026620,PEP,2020 Intercensal,Population Estimate,2019
Fairfield,61514,Town,0912026620,PEP,2020 Intercensal,Population Estimate,2020
Farmington,25352,Town,0911027600,PEP,2020 Intercensal,Estimate Base,2010
Farmington,25391,Town,0911027600,PEP,2020 Intercensal,Population Estimate,2010
Farmington,25581,Town,0911027600,PEP,2020 Intercensal,Population Estimate,2011
Farmington,25804,Town,0911027600,PEP,2020 Intercensal,Population Estimate,2012
Farmington,25947,Town,0911027600,PEP,2020 Intercensal,Population Estimate,2013
Farmington,26126,Town,0911027600,PEP,2020 Intercensal,Population Estimate,2014
Farmington,26211,Town,0911027600,PEP,2020 Intercensal,Population Estimate,2015
Farmington,26305,Town,0911027600,PEP,2020 Intercensal,Population Estimate,2016
Farmington,26383,Town,0911027600,PEP,2020 Intercensal,Population Estimate,2017
Farmington,26519,Town,0911027600,PEP,2020 Intercensal,Population Estimate,2018
Farmington,26600,Town,0911027600,PEP,2020 Intercensal,Population Estimate,2019
Farmington,26714,Town,0911027600,PEP,2020 Intercensal,Population Estimate,2020
Franklin,1922,Town,0918029910,PEP,2020 Intercensal,Estimate Base,2010
Franklin,1919,Town,0918029910,PEP,2020 Intercensal,Population Estimate,2010
Franklin,1976,Town,0918029910,PEP,2020 Intercensal,Population Estimate,2011
Franklin,1975,Town,0918029910,PEP,2020 Intercensal,Population Estimate,2012
Franklin,1957,Town,0918029910,PEP,2020 Intercensal,Population Estimate,2013
Franklin,1942,Town,0918029910,PEP,2020 Intercensal,Population Estimate,2014
Franklin,1925,Town,0918029910,PEP,2020 Intercensal,Population Estimate,2015
Franklin,1904,Town,0918029910,PEP,2020 Intercensal,Population Estimate,2016
Franklin,1896,Town,0918029910,PEP,2020 Intercensal,Population Estimate,2017
Franklin,1889,Town,0918029910,PEP,2020 Intercensal,Population Estimate,2018
Franklin,1876,Town,0918029910,PEP,2020 Intercensal,Population Estimate,2019
Franklin,1863,Town,0918029910,PEP,2020 Intercensal,Population Estimate,2020
Glastonbury,34435,Town,0911031240,PEP,2020 Intercensal,Estimate Base,2010
Glastonbury,34466,Town,0911031240,PEP,2020 Intercensal,Population Estimate,2010
Glastonbury,34675,Town,0911031240,PEP,2020 Intercensal,Population Estimate,2011
Glastonbury,34849,Town,0911031240,PEP,2020 Intercensal,Population Estimate,2012
Glastonbury,34954,Town,0911031240,PEP,2020 Intercensal,Population Estimate,2013
Glastonbury,35001,Town,0911031240,PEP,2020 Intercensal,Population Estimate,2014
Glastonbury,35030,Town,0911031240,PEP,2020 Intercensal,Population Estimate,2015
Glastonbury,35034,Town,0911031240,PEP,2020 Intercensal,Population Estimate,2016
Glastonbury,35032,Town,0911031240,PEP,2020 Intercensal,Population Estimate,2017
Glastonbury,35118,Town,0911031240,PEP,2020 Intercensal,Population Estimate,2018
Glastonbury,35131,Town,0911031240,PEP,2020 Intercensal,Population Estimate,2019
Glastonbury,35159,Town,0911031240,PEP,2020 Intercensal,Population Estimate,2020
Goshen,2976,Town,0916032290,PEP,2020 Intercensal,Estimate Base,2010
Goshen,2982,Town,0916032290,PEP,2020 Intercensal,Population Estimate,2010
Goshen,3003,Town,0916032290,PEP,2020 Intercensal,Population Estimate,2011
Goshen,3018,Town,0916032290,PEP,2020 Intercensal,Population Estimate,2012
Goshen,3039,Town,0916032290,PEP,2020 Intercensal,Population Estimate,2013
Goshen,3045,Town,0916032290,PEP,2020 Intercensal,Population Estimate,2014
Goshen,3069,Town,0916032290,PEP,2020 Intercensal,Population Estimate,2015
Goshen,3079,Town,0916032290,PEP,2020 Intercensal,Population Estimate,2016
Goshen,3093,Town,0916032290,PEP,2020 Intercensal,Population Estimate,2017
Goshen,3121,Town,0916032290,PEP,2020 Intercensal,Population Estimate,2018
Goshen,3139,Town,0916032290,PEP,2020 Intercensal,Population Estimate,2019
Goshen,3157,Town,0916032290,PEP,2020 Intercensal,Population Estimate,2020
Granby,11292,Town,0911032640,PEP,2020 Intercensal,Estimate Base,2010
Granby,11276,Town,0911032640,PEP,2020 Intercensal,Population Estimate,2010
Granby,11228,Town,0911032640,PEP,2020 Intercensal,Population Estimate,2011
Granby,11187,Town,0911032640,PEP,2020 Intercensal,Population Estimate,2012
Granby,11106,Town,0911032640,PEP,2020 Intercensal,Population Estimate,2013
Granby,11038,Town,0911032640,PEP,2020 Intercensal,Population Estimate,2014
Granby,10964,Town,0911032640,PEP,2020 Intercensal,Population Estimate,2015
Granby,10866,Town,0911032640,PEP,2020 Intercensal,Population Estimate,2016
Granby,10869,Town,0911032640,PEP,2020 Intercensal,Population Estimate,2017
Granby,10852,Town,0911032640,PEP,2020 Intercensal,Population Estimate,2018
Granby,10905,Town,0911032640,PEP,2020 Intercensal,Population Estimate,2019
Granby,10904,Town,0911032640,PEP,2020 Intercensal,Population Estimate,2020
Greater Bridgeport Planning Region,318006,Planning Region,09120,PEP,2020 Intercensal,Estimate Base,2010
Greater Bridgeport Planning Region,319199,Planning Region,09120,PEP,2020 Intercensal,Population Estimate,2010
Greater Bridgeport Planning Region,322562,Planning Region,09120,PEP,2020 Intercensal,Population Estimate,2011
Greater Bridgeport Planning Region,325232,Planning Region,09120,PEP,2020 Intercensal,Population Estimate,2012
Greater Bridgeport Planning Region,326604,Planning Region,09120,PEP,2020 Intercensal,Population Estimate,2013
Greater Bridgeport Planning Region,328325,Planning Region,09120,PEP,2020 Intercensal,Population Estimate,2014
Greater Bridgeport Planning Region,328033,Planning Region,09120,PEP,2020 Intercensal,Population Estimate,2015
Greater Bridgeport Planning Region,326854,Planning Region,09120,PEP,2020 Intercensal,Population Estimate,2016
Greater Bridgeport Planning Region,326481,Planning Region,09120,PEP,2020 Intercensal,Population Estimate,2017
Greater Bridgeport Planning Region,326674,Planning Region,09120,PEP,2020 Intercensal,Population Estimate,2018
Greater Bridgeport Planning Region,326385,Planning Region,09120,PEP,2020 Intercensal,Population Estimate,2019
Greater Bridgeport Planning Region,325780,Planning Region,09120,PEP,2020 Intercensal,Population Estimate,2020
Greenwich,61194,Town,0919033620,PEP,2020 Intercensal,Estimate Base,2010
Greenwich,61327,Town,0919033620,PEP,2020 Intercensal,Population Estimate,2010
Greenwich,61983,Town,0919033620,PEP,2020 Intercensal,Population Estimate,2011
Greenwich,62521,Town,0919033620,PEP,2020 Intercensal,Population Estimate,2012
Greenwich,62694,Town,0919033620,PEP,2020 Intercensal,Population Estimate,2013
Greenwich,62877,Town,0919033620,PEP,2020 Intercensal,Population Estimate,2014
Greenwich,62970,Town,0919033620,PEP,2020 Intercensal,Population Estimate,2015
Greenwich,62970,Town,0919033620,PEP,2020 Intercensal,Population Estimate,2016
Greenwich,62928,Town,0919033620,PEP,2020 Intercensal,Population Estimate,2017
Greenwich,63354,Town,0919033620,PEP,2020 Intercensal,Population Estimate,2018
Greenwich,63533,Town,0919033620,PEP,2020 Intercensal,Population Estimate,2019
Greenwich,63522,Town,0919033620,PEP,2020 Intercensal,Population Estimate,2020
Griswold,11957,Town,0918033900,PEP,2020 Intercensal,Estimate Base,2010
Griswold,11954,Town,0918033900,PEP,2020 Intercensal,Population Estimate,2010
Griswold,11921,Town,0918033900,PEP,2020 Intercensal,Population Estimate,2011
Griswold,11924,Town,0918033900,PEP,2020 Intercensal,Population Estimate,2012
Griswold,11837,Town,0918033900,PEP,2020 Intercensal,Population Estimate,2013
Griswold,11748,Town,0918033900,PEP,2020 Intercensal,Population Estimate,2014
Griswold,11625,Town,0918033900,PEP,2020 Intercensal,Population Estimate,2015
Griswold,11525,Town,0918033900,PEP,2020 Intercensal,Population Estimate,2016
Griswold,11477,Town,0918033900,PEP,2020 Intercensal,Population Estimate,2017
Griswold,11408,Town,0918033900,PEP,2020 Intercensal,Population Estimate,2018
Griswold,11338,Town,0918033900,PEP,2020 Intercensal,Population Estimate,2019
Griswold,11403,Town,0918033900,PEP,2020 Intercensal,Population Estimate,2020
Groton,40125,Town,0918034250,PEP,2020 Intercensal,Estimate Base,2010
Groton,40096,Town,0918034250,PEP,2020 Intercensal,Population Estimate,2010
Groton,39836,Town,0918034250,PEP,2020 Intercensal,Population Estimate,2011
Groton,40249,Town,0918034250,PEP,2020 Intercensal,Population Estimate,2012
Groton,40126,Town,0918034250,PEP,2020 Intercensal,Population Estimate,2013
Groton,39772,Town,0918034250,PEP,2020 Intercensal,Population Estimate,2014
Groton,39334,Town,0918034250,PEP,2020 Intercensal,Population Estimate,2015
Groton,39161,Town,0918034250,PEP,2020 Intercensal,Population Estimate,2016
Groton,38956,Town,0918034250,PEP,2020 Intercensal,Population Estimate,2017
Groton,38727,Town,0918034250,PEP,2020 Intercensal,Population Estimate,2018
Groton,38450,Town,0918034250,PEP,2020 Intercensal,Population Estimate,2019
Groton,38399,Town,0918034250,PEP,2020 Intercensal,Population Estimate,2020
Guilford,22375,Town,0917034950,PEP,2020 Intercensal,Estimate Base,2010
Guilford,22382,Town,0917034950,PEP,2020 Intercensal,Population Estimate,2010
Guilford,22377,Town,0917034950,PEP,2020 Intercensal,Population Estimate,2011
Guilford,22411,Town,0917034950,PEP,2020 Intercensal,Population Estimate,2012
Guilford,22392,Town,0917034950,PEP,2020 Intercensal,Population Estimate,2013
Guilford,22423,Town,0917034950,PEP,2020 Intercensal,Population Estimate,2014
Guilford,22340,Town,0917034950,PEP,2020 Intercensal,Population Estimate,2015
Guilford,22245,Town,0917034950,PEP,2020 Intercensal,Population Estimate,2016
Guilford,22200,Town,0917034950,PEP,2020 Intercensal,Population Estimate,2017
Guilford,22214,Town,0917034950,PEP,2020 Intercensal,Population Estimate,2018
Guilford,22105,Town,0917034950,PEP,2020 Intercensal,Population Estimate,2019
Guilford,22067,Town,0917034950,PEP,2020 Intercensal,Population Estimate,2020
Haddam,8347,Town,0913035230,PEP,2020 Intercensal,Estimate Base,2010
Haddam,8352,Town,0913035230,PEP,2020 Intercensal,Population Estimate,2010
Haddam,8422,Town,0913035230,PEP,2020 Intercensal,Population Estimate,2011
Haddam,8419,Town,0913035230,PEP,2020 Intercensal,Population Estimate,2012
Haddam,8446,Town,0913035230,PEP,2020 Intercensal,Population Estimate,2013
Haddam,8444,Town,0913035230,PEP,2020 Intercensal,Population Estimate,2014
Haddam,8428,Town,0913035230,PEP,2020 Intercensal,Population Estimate,2015
Haddam,8433,Town,0913035230,PEP,2020 Intercensal,Population Estimate,2016
Haddam,8441,Town,0913035230,PEP,2020 Intercensal,Population Estimate,2017
Haddam,8462,Town,0913035230,PEP,2020 Intercensal,Population Estimate,2018
Haddam,8461,Town,0913035230,PEP,2020 Intercensal,Population Estimate,2019
Haddam,8450,Town,0913035230,PEP,2020 Intercensal,Population Estimate,2020
Hamden,60867,Town,0917035650,PEP,2020 Intercensal,Estimate Base,2010
Hamden,61620,Town,0917035650,PEP,2020 Intercensal,Population Estimate,2010
Hamden,61719,Town,0917035650,PEP,2020 Intercensal,Population Estimate,2011
Hamden,61990,Town,0917035650,PEP,2020 Intercensal,Population Estimate,2012
Hamden,61895,Town,0917035650,PEP,2020 Intercensal,Population Estimate,2013
Hamden,61849,Town,0917035650,PEP,2020 Intercensal,Population Estimate,2014
Hamden,61870,Town,0917035650,PEP,2020 Intercensal,Population Estimate,2015
Hamden,61672,Town,0917035650,PEP,2020 Intercensal,Population Estimate,2016
Hamden,61571,Town,0917035650,PEP,2020 Intercensal,Population Estimate,2017
Hamden,61426,Town,0917035650,PEP,2020 Intercensal,Population Estimate,2018
Hamden,61213,Town,0917035650,PEP,2020 Intercensal,Population Estimate,2019
Hamden,61175,Town,0917035650,PEP,2020 Intercensal,Population Estimate,2020
Hampton,1859,Town,0915036000,PEP,2020 Intercensal,Estimate Base,2010
Hampton,1857,Town,0915036000,PEP,2020 Intercensal,Population Estimate,2010
Hampton,1851,Town,0915036000,PEP,2020 Intercensal,Population Estimate,2011
Hampton,1843,Town,0915036000,PEP,2020 Intercensal,Population Estimate,2012
Hampton,1831,Town,0915036000,PEP,2020 Intercensal,Population Estimate,2013
Hampton,1810,Town,0915036000,PEP,2020 Intercensal,Population Estimate,2014
Hampton,1792,Town,0915036000,PEP,2020 Intercensal,Population Estimate,2015
Hampton,1773,Town,0915036000,PEP,2020 Intercensal,Population Estimate,2016
Hampton,1763,Town,0915036000,PEP,2020 Intercensal,Population Estimate,2017
Hampton,1759,Town,0915036000,PEP,2020 Intercensal,Population Estimate,2018
Hampton,1736,Town,0915036000,PEP,2020 Intercensal,Population Estimate,2019
Hampton,1727,Town,0915036000,PEP,2020 Intercensal,Population Estimate,2020
Hartford,124756,Town,0911037070,PEP,2020 Intercensal,Estimate Base,2010
Hartford,125331,Town,0911037070,PEP,2020 Intercensal,Population Estimate,2010
Hartford,125343,Town,0911037070,PEP,2020 Intercensal,Population Estimate,2011
Hartford,125109,Town,0911037070,PEP,2020 Intercensal,Population Estimate,2012
Hartford,124906,Town,0911037070,PEP,2020 Intercensal,Population Estimate,2013
Hartford,124378,Town,0911037070,PEP,2020 Intercensal,Population Estimate,2014
Hartford,123961,Town,0911037070,PEP,2020 Intercensal,Population Estimate,2015
Hartford,123213,Town,0911037070,PEP,2020 Intercensal,Population Estimate,2016
Hartford,122364,Town,0911037070,PEP,2020 Intercensal,Population Estimate,2017
Hartford,121976,Town,0911037070,PEP,2020 Intercensal,Population Estimate,2018
Hartford,121363,Town,0911037070,PEP,2020 Intercensal,Population Estimate,2019
Hartford,121016,Town,0911037070,PEP,2020 Intercensal,Population Estimate,2020
Hartland,2117,Town,0916037140,PEP,2020 Intercensal,Estimate Base,2010
Hartland,2114,Town,0916037140,PEP,2020 Intercensal,Population Estimate,2010
Hartland,2107,Town,0916037140,PEP,2020 Intercensal,Population Estimate,2011
Hartland,2087,Town,0916037140,PEP,2020 Intercensal,Population Estimate,2012
Hartland,2062,Town,0916037140,PEP,2020 Intercensal,Population Estimate,2013
Hartland,2036,Town,0916037140,PEP,2020 Intercensal,Population Estimate,2014
Hartland,2013,Town,0916037140,PEP,2020 Intercensal,Population Estimate,2015
Hartland,1981,Town,0916037140,PEP,2020 Intercensal,Population Estimate,2016
Hartland,1953,Town,0916037140,PEP,2020 Intercensal,Population Estimate,2017
Hartland,1946,Town,0916037140,PEP,2020 Intercensal,Population Estimate,2018
Hartland,1918,Town,0916037140,PEP,2020 Intercensal,Population Estimate,2019
Hartland,1899,Town,0916037140,PEP,2020 Intercensal,Population Estimate,2020
Harwinton,5640,Town,0916037280,PEP,2020 Intercensal,Estimate Base,2010
Harwinton,5642,Town,0916037280,PEP,2020 Intercensal,Population Estimate,2010
Harwinton,5641,Town,0916037280,PEP,2020 Intercensal,Population Estimate,2011
Harwinton,5616,Town,0916037280,PEP,2020 Intercensal,Population Estimate,2012
Harwinton,5614,Town,0916037280,PEP,2020 Intercensal,Population Estimate,2013
Harwinton,5567,Town,0916037280,PEP,2020 Intercensal,Population Estimate,2014
Harwinton,5543,Town,0916037280,PEP,2020 Intercensal,Population Estimate,2015
Harwinton,5518,Town,0916037280,PEP,2020 Intercensal,Population Estimate,2016
Harwinton,5495,Town,0916037280,PEP,2020 Intercensal,Population Estimate,2017
Harwinton,5494,Town,0916037280,PEP,2020 Intercensal,Population Estimate,2018
Harwinton,5491,Town,0916037280,PEP,2020 Intercensal,Population Estimate,2019
Harwinton,5487,Town,0916037280,PEP,2020 Intercensal,Population Estimate,2020
Hebron,9690,Town,0911037910,PEP,2020 Intercensal,Estimate Base,2010
Hebron,9680,Town,0911037910,PEP,2020 Intercensal,Population Estimate,2010
Hebron,9622,Town,0911037910,PEP,2020 Intercensal,Population Estimate,2011
Hebron,9548,Town,0911037910,PEP,2020 Intercensal,Population Estimate,2012
Hebron,9461,Town,0911037910,PEP,2020 Intercensal,Population Estimate,2013
Hebron,9400,Town,0911037910,PEP,2020 Intercensal,Population Estimate,2014
Hebron,9359,Town,0911037910,PEP,2020 Intercensal,Population Estimate,2015
Hebron,9277,Town,0911037910,PEP,2020 Intercensal,Population Estimate,2016
Hebron,9224,Town,0911037910,PEP,2020 Intercensal,Population Estimate,2017
Hebron,9188,Town,0911037910,PEP,2020 Intercensal,Population Estimate,2018
Hebron,9143,Town,0911037910,PEP,2020 Intercensal,Population Estimate,2019
Hebron,9091,Town,0911037910,PEP,2020 Intercensal,Population Estimate,2020
Kent,2979,Town,0916040290,PEP,2020 Intercensal,Estimate Base,2010
Kent,2986,Town,0916040290,PEP,2020 Intercensal,Population Estimate,2010
Kent,3004,Town,0916040290,PEP,2020 Intercensal,Population Estimate,2011
Kent,3005,Town,0916040290,PEP,2020 Intercensal,Population Estimate,2012
Kent,3015,Town,0916040290,PEP,2020 Intercensal,Population Estimate,2013
Kent,3001,Town,0916040290,PEP,2020 Intercensal,Population Estimate,2014
Kent,2975,Town,0916040290,PEP,2020 Intercensal,Population Estimate,2015
Kent,2957,Town,0916040290,PEP,2020 Intercensal,Population Estimate,2016
Kent,2972,Town,0916040290,PEP,2020 Intercensal,Population Estimate,2017
Kent,2989,Town,0916040290,PEP,2020 Intercensal,Population Estimate,2018
Kent,3006,Town,0916040290,PEP,2020 Intercensal,Population Estimate,2019
Kent,3017,Town,0916040290,PEP,2020 Intercensal,Population Estimate,2020
Killingly,17376,Town,0915040500,PEP,2020 Intercensal,Estimate Base,2010
Killingly,17393,Town,0915040500,PEP,2020 Intercensal,Population Estimate,2010
Killingly,17424,Town,0915040500,PEP,2020 Intercensal,Population Estimate,2011
Killingly,17406,Town,0915040500,PEP,2020 Intercensal,Population Estimate,2012
Killingly,17406,Town,0915040500,PEP,2020 Intercensal,Population Estimate,2013
Killingly,17373,Town,0915040500,PEP,2020 Intercensal,Population Estimate,2014
Killingly,17373,Town,0915040500,PEP,2020 Intercensal,Population Estimate,2015
Killingly,17382,Town,0915040500,PEP,2020 Intercensal,Population Estimate,2016
Killingly,17514,Town,0915040500,PEP,2020 Intercensal,Population Estimate,2017
Killingly,17692,Town,0915040500,PEP,2020 Intercensal,Population Estimate,2018
Killingly,17742,Town,0915040500,PEP,2020 Intercensal,Population Estimate,2019
Killingly,17750,Town,0915040500,PEP,2020 Intercensal,Population Estimate,2020
Killingworth,6525,Town,0913040710,PEP,2020 Intercensal,Estimate Base,2010
Killingworth,6515,Town,0913040710,PEP,2020 Intercensal,Population Estimate,2010
Killingworth,6502,Town,0913040710,PEP,2020 Intercensal,Population Estimate,2011
Killingworth,6452,Town,0913040710,PEP,2020 Intercensal,Population Estimate,2012
Killingworth,6428,Town,0913040710,PEP,2020 Intercensal,Population Estimate,2013
Killingworth,6401,Town,0913040710,PEP,2020 Intercensal,Population Estimate,2014
Killingworth,6342,Town,0913040710,PEP,2020 Intercensal,Population Estimate,2015
Killingworth,6297,Town,0913040710,PEP,2020 Intercensal,Population Estimate,2016
Killingworth,6259,Town,0913040710,PEP,2020 Intercensal,Population Estimate,2017
Killingworth,6235,Town,0913040710,PEP,2020 Intercensal,Population Estimate,2018
Killingworth,6205,Town,0913040710,PEP,2020 Intercensal,Population Estimate,2019
Killingworth,6171,Town,0913040710,PEP,2020 Intercensal,Population Estimate,2020
Lebanon,7376,Town,0918042390,PEP,2020 Intercensal,Estimate Base,2010
Lebanon,7371,Town,0918042390,PEP,2020 Intercensal,Population Estimate,2010
Lebanon,7364,Town,0918042390,PEP,2020 Intercensal,Population Estimate,2011
Lebanon,7385,Town,0918042390,PEP,2020 Intercensal,Population Estimate,2012
Lebanon,7340,Town,0918042390,PEP,2020 Intercensal,Population Estimate,2013
Lebanon,7320,Town,0918042390,PEP,2020 Intercensal,Population Estimate,2014
Lebanon,7259,Town,0918042390,PEP,2020 Intercensal,Population Estimate,2015
Lebanon,7221,Town,0918042390,PEP,2020 Intercensal,Population Estimate,2016
Lebanon,7234,Town,0918042390,PEP,2020 Intercensal,Population Estimate,2017
Lebanon,7223,Town,0918042390,PEP,2020 Intercensal,Population Estimate,2018
Lebanon,7172,Town,0918042390,PEP,2020 Intercensal,Population Estimate,2019
Lebanon,7142,Town,0918042390,PEP,2020 Intercensal,Population Estimate,2020
Ledyard,15050,Town,0918042600,PEP,2020 Intercensal,Estimate Base,2010
Ledyard,15061,Town,0918042600,PEP,2020 Intercensal,Population Estimate,2010
Ledyard,15117,Town,0918042600,PEP,2020 Intercensal,Population Estimate,2011
Ledyard,15234,Town,0918042600,PEP,2020 Intercensal,Population Estimate,2012
Ledyard,15274,Town,0918042600,PEP,2020 Intercensal,Population Estimate,2013
Ledyard,15350,Town,0918042600,PEP,2020 Intercensal,Population Estimate,2014
Ledyard,15313,Town,0918042600,PEP,2020 Intercensal,Population Estimate,2015
Ledyard,15317,Town,0918042600,PEP,2020 Intercensal,Population Estimate,2016
Ledyard,15389,Town,0918042600,PEP,2020 Intercensal,Population Estimate,2017
Ledyard,15435,Town,0918042600,PEP,2020 Intercensal,Population Estimate,2018
Ledyard,15411,Town,0918042600,PEP,2020 Intercensal,Population Estimate,2019
Ledyard,15420,Town,0918042600,PEP,2020 Intercensal,Population Estimate,2020
Lisbon,4339,Town,0918043230,PEP,2020 Intercensal,Estimate Base,2010
Lisbon,4336,Town,0918043230,PEP,2020 Intercensal,Population Estimate,2010
Lisbon,4323,Town,0918043230,PEP,2020 Intercensal,Population Estimate,2011
Lisbon,4340,Town,0918043230,PEP,2020 Intercensal,Population Estimate,2012
Lisbon,4317,Town,0918043230,PEP,2020 Intercensal,Population Estimate,2013
Lisbon,4295,Town,0918043230,PEP,2020 Intercensal,Population Estimate,2014
Lisbon,4255,Town,0918043230,PEP,2020 Intercensal,Population Estimate,2015
Lisbon,4233,Town,0918043230,PEP,2020 Intercensal,Population Estimate,2016
Lisbon,4224,Town,0918043230,PEP,2020 Intercensal,Population Estimate,2017
Lisbon,4213,Town,0918043230,PEP,2020 Intercensal,Population Estimate,2018
Lisbon,4192,Town,0918043230,PEP,2020 Intercensal,Population Estimate,2019
Lisbon,4194,Town,0918043230,PEP,2020 Intercensal,Population Estimate,2020
Litchfield,8456,Town,0916043370,PEP,2020 Intercensal,Estimate Base,2010
Litchfield,8455,Town,0916043370,PEP,2020 Intercensal,Population Estimate,2010
Litchfield,8424,Town,0916043370,PEP,2020 Intercensal,Population Estimate,2011
Litchfield,8379,Town,0916043370,PEP,2020 Intercensal,Population Estimate,2012
Litchfield,8367,Town,0916043370,PEP,2020 Intercensal,Population Estimate,2013
Litchfield,8311,Town,0916043370,PEP,2020 Intercensal,Population Estimate,2014
Litchfield,8292,Town,0916043370,PEP,2020 Intercensal,Population Estimate,2015
Litchfield,8244,Town,0916043370,PEP,2020 Intercensal,Population Estimate,2016
Litchfield,8219,Town,0916043370,PEP,2020 Intercensal,Population Estimate,2017
Litchfield,8204,Town,0916043370,PEP,2020 Intercensal,Population Estimate,2018
Litchfield,8197,Town,0916043370,PEP,2020 Intercensal,Population Estimate,2019
Litchfield,8191,Town,0916043370,PEP,2020 Intercensal,Population Estimate,2020
Lower Connecticut River Valley Planning Region,175686,Planning Region,09130,PEP,2020 Intercensal,Estimate Base,2010
Lower Connecticut River Valley Planning Region,175695,Planning Region,09130,PEP,2020 Intercensal,Population Estimate,2010
Lower Connecticut River Valley Planning Region,176509,Planning Region,09130,PEP,2020 Intercensal,Population Estimate,2011
Lower Connecticut River Valley Planning Region,176267,Planning Region,09130,PEP,2020 Intercensal,Population Estimate,2012
Lower Connecticut River Valley Planning Region,176200,Planning Region,09130,PEP,2020 Intercensal,Population Estimate,2013
Lower Connecticut River Valley Planning Region,175897,Planning Region,09130,PEP,2020 Intercensal,Population Estimate,2014
Lower Connecticut River Valley Planning Region,175034,Planning Region,09130,PEP,2020 Intercensal,Population Estimate,2015
Lower Connecticut River Valley Planning Region,174853,Planning Region,09130,PEP,2020 Intercensal,Population Estimate,2016
Lower Connecticut River Valley Planning Region,174754,Planning Region,09130,PEP,2020 Intercensal,Population Estimate,2017
Lower Connecticut River Valley Planning Region,174976,Planning Region,09130,PEP,2020 Intercensal,Population Estimate,2018
Lower Connecticut River Valley Planning Region,174651,Planning Region,09130,PEP,2020 Intercensal,Population Estimate,2019
Lower Connecticut River Valley Planning Region,174218,Planning Region,09130,PEP,2020 Intercensal,Population Estimate,2020
Lyme,2402,Town,0913044210,PEP,2020 Intercensal,Estimate Base,2010
Lyme,2401,Town,0913044210,PEP,2020 Intercensal,Population Estimate,2010
Lyme,2399,Town,0913044210,PEP,2020 Intercensal,Population Estimate,2011
Lyme,2406,Town,0913044210,PEP,2020 Intercensal,Population Estimate,2012
Lyme,2396,Town,0913044210,PEP,2020 Intercensal,Population Estimate,2013
Lyme,2390,Town,0913044210,PEP,2020 Intercensal,Population Estimate,2014
Lyme,2376,Town,0913044210,PEP,2020 Intercensal,Population Estimate,2015
Lyme,2370,Town,0913044210,PEP,2020 Intercensal,Population Estimate,2016
Lyme,2373,Town,0913044210,PEP,2020 Intercensal,Population Estimate,2017
Lyme,2370,Town,0913044210,PEP,2020 Intercensal,Population Estimate,2018
Lyme,2358,Town,0913044210,PEP,2020 Intercensal,Population Estimate,2019
Lyme,2350,Town,0913044210,PEP,2020 Intercensal,Population Estimate,2020
Madison,18258,Town,0917044560,PEP,2020 Intercensal,Estimate Base,2010
Madison,18260,Town,0917044560,PEP,2020 Intercensal,Population Estimate,2010
Madison,18228,Town,0917044560,PEP,2020 Intercensal,Population Estimate,2011
Madison,18237,Town,0917044560,PEP,2020 Intercensal,Population Estimate,2012
Madison,18177,Town,0917044560,PEP,2020 Intercensal,Population Estimate,2013
Madison,18156,Town,0917044560,PEP,2020 Intercensal,Population Estimate,2014
Madison,18064,Town,0917044560,PEP,2020 Intercensal,Population Estimate,2015
Madison,17963,Town,0917044560,PEP,2020 Intercensal,Population Estimate,2016
Madison,17928,Town,0917044560,PEP,2020 Intercensal,Population Estimate,2017
Madison,17890,Town,0917044560,PEP,2020 Intercensal,Population Estimate,2018
Madison,17766,Town,0917044560,PEP,2020 Intercensal,Population Estimate,2019
Madison,17693,Town,0917044560,PEP,2020 Intercensal,Population Estimate,2020
Manchester,58253,Town,0911044700,PEP,2020 Intercensal,Estimate Base,2010
Manchester,58309,Town,0911044700,PEP,2020 Intercensal,Population Estimate,2010
Manchester,58590,Town,0911044700,PEP,2020 Intercensal,Population Estimate,2011
Manchester,58845,Town,0911044700,PEP,2020 Intercensal,Population Estimate,2012
Manchester,58990,Town,0911044700,PEP,2020 Intercensal,Population Estimate,2013
Manchester,59111,Town,0911044700,PEP,2020 Intercensal,Population Estimate,2014
Manchester,59272,Town,0911044700,PEP,2020 Intercensal,Population Estimate,2015
Manchester,59467,Town,0911044700,PEP,2020 Intercensal,Population Estimate,2016
Manchester,59465,Town,0911044700,PEP,2020 Intercensal,Population Estimate,2017
Manchester,59636,Town,0911044700,PEP,2020 Intercensal,Population Estimate,2018
Manchester,59651,Town,0911044700,PEP,2020 Intercensal,Population Estimate,2019
Manchester,59714,Town,0911044700,PEP,2020 Intercensal,Population Estimate,2020
Mansfield,26608,Town,0911044910,PEP,2020 Intercensal,Estimate Base,2010
Mansfield,27089,Town,0911044910,PEP,2020 Intercensal,Population Estimate,2010
Mansfield,26913,Town,0911044910,PEP,2020 Intercensal,Population Estimate,2011
Mansfield,26012,Town,0911044910,PEP,2020 Intercensal,Population Estimate,2012
Mansfield,26233,Town,0911044910,PEP,2020 Intercensal,Population Estimate,2013
Mansfield,26345,Town,0911044910,PEP,2020 Intercensal,Population Estimate,2014
Mansfield,26366,Town,0911044910,PEP,2020 Intercensal,Population Estimate,2015
Mansfield,26287,Town,0911044910,PEP,2020 Intercensal,Population Estimate,2016
Mansfield,26197,Town,0911044910,PEP,2020 Intercensal,Population Estimate,2017
Mansfield,25912,Town,0911044910,PEP,2020 Intercensal,Population Estimate,2018
Mansfield,25908,Town,0911044910,PEP,2020 Intercensal,Population Estimate,2019
Mansfield,25885,Town,0911044910,PEP,2020 Intercensal,Population Estimate,2020
Marlborough,6390,Town,0911045820,PEP,2020 Intercensal,Estimate Base,2010
Marlborough,6385,Town,0911045820,PEP,2020 Intercensal,Population Estimate,2010
Marlborough,6385,Town,0911045820,PEP,2020 Intercensal,Population Estimate,2011
Marlborough,6372,Town,0911045820,PEP,2020 Intercensal,Population Estimate,2012
Marlborough,6339,Town,0911045820,PEP,2020 Intercensal,Population Estimate,2013
Marlborough,6337,Town,0911045820,PEP,2020 Intercensal,Population Estimate,2014
Marlborough,6309,Town,0911045820,PEP,2020 Intercensal,Population Estimate,2015
Marlborough,6273,Town,0911045820,PEP,2020 Intercensal,Population Estimate,2016
Marlborough,6231,Town,0911045820,PEP,2020 Intercensal,Population Estimate,2017
Marlborough,6205,Town,0911045820,PEP,2020 Intercensal,Population Estimate,2018
Marlborough,6163,Town,0911045820,PEP,2020 Intercensal,Population Estimate,2019
Marlborough,6132,Town,0911045820,PEP,2020 Intercensal,Population Estimate,2020
Meriden,60825,Town,0917046520,PEP,2020 Intercensal,Estimate Base,2010
Meriden,60876,Town,0917046520,PEP,2020 Intercensal,Population Estimate,2010
Meriden,60922,Town,0917046520,PEP,2020 Intercensal,Population Estimate,2011
Meriden,61072,Town,0917046520,PEP,2020 Intercensal,Population Estimate,2012
Meriden,61066,Town,0917046520,PEP,2020 Intercensal,Population Estimate,2013
Meriden,61138,Town,0917046520,PEP,2020 Intercensal,Population Estimate,2014
Meriden,60995,Town,0917046520,PEP,2020 Intercensal,Population Estimate,2015
Meriden,60809,Town,0917046520,PEP,2020 Intercensal,Population Estimate,2016
Meriden,60911,Town,0917046520,PEP,2020 Intercensal,Population Estimate,2017
Meriden,60992,Town,0917046520,PEP,2020 Intercensal,Population Estimate,2018
Meriden,60933,Town,0917046520,PEP,2020 Intercensal,Population Estimate,2019
Meriden,60838,Town,0917046520,PEP,2020 Intercensal,Population Estimate,2020
Middlebury,7610,Town,0914046940,PEP,2020 Intercensal,Estimate Base,2010
Middlebury,7607,Town,0914046940,PEP,2020 Intercensal,Population Estimate,2010
Middlebury,7580,Town,0914046940,PEP,2020 Intercensal,Population Estimate,2011
Middlebury,7563,Town,0914046940,PEP,2020 Intercensal,Population Estimate,2012
Middlebury,7527,Town,0914046940,PEP,2020 Intercensal,Population Estimate,2013
Middlebury,7532,Town,0914046940,PEP,2020 Intercensal,Population Estimate,2014
Middlebury,7546,Town,0914046940,PEP,2020 Intercensal,Population Estimate,2015
Middlebury,7531,Town,0914046940,PEP,2020 Intercensal,Population Estimate,2016
Middlebury,7548,Town,0914046940,PEP,2020 Intercensal,Population Estimate,2017
Middlebury,7562,Town,0914046940,PEP,2020 Intercensal,Population Estimate,2018
Middlebury,7555,Town,0914046940,PEP,2020 Intercensal,Population Estimate,2019
Middlebury,7574,Town,0914046940,PEP,2020 Intercensal,Population Estimate,2020
Middlefield,4427,Town,0913047080,PEP,2020 Intercensal,Estimate Base,2010
Middlefield,4417,Town,0913047080,PEP,2020 Intercensal,Population Estimate,2010
Middlefield,4418,Town,0913047080,PEP,2020 Intercensal,Population Estimate,2011
Middlefield,4383,Town,0913047080,PEP,2020 Intercensal,Population Estimate,2012
Middlefield,4371,Town,0913047080,PEP,2020 Intercensal,Population Estimate,2013
Middlefield,4354,Town,0913047080,PEP,2020 Intercensal,Population Estimate,2014
Middlefield,4320,Town,0913047080,PEP,2020 Intercensal,Population Estimate,2015
Middlefield,4292,Town,0913047080,PEP,2020 Intercensal,Population Estimate,2016
Middlefield,4277,Town,0913047080,PEP,2020 Intercensal,Population Estimate,2017
Middlefield,4267,Town,0913047080,PEP,2020 Intercensal,Population Estimate,2018
Middlefield,4243,Town,0913047080,PEP,2020 Intercensal,Population Estimate,2019
Middlefield,4216,Town,0913047080,PEP,2020 Intercensal,Population Estimate,2020
Middletown,47650,Town,0913047360,PEP,2020 Intercensal,Estimate Base,2010
Middletown,47700,Town,0913047360,PEP,2020 Intercensal,Population Estimate,2010
Middletown,47954,Town,0913047360,PEP,2020 Intercensal,Population Estimate,2011
Middletown,47945,Town,0913047360,PEP,2020 Intercensal,Population Estimate,2012
Middletown,47866,Town,0913047360,PEP,2020 Intercensal,Population Estimate,2013
Middletown,47829,Town,0913047360,PEP,2020 Intercensal,Population Estimate,2014
Middletown,47620,Town,0913047360,PEP,2020 Intercensal,Population Estimate,2015
Middletown,47718,Town,0913047360,PEP,2020 Intercensal,Population Estimate,2016
Middletown,47684,Town,0913047360,PEP,2020 Intercensal,Population Estimate,2017
Middletown,47820,Town,0913047360,PEP,2020 Intercensal,Population Estimate,2018
Middletown,47792,Town,0913047360,PEP,2020 Intercensal,Population Estimate,2019
Middletown,47725,Town,0913047360,PEP,2020 Intercensal,Population Estimate,2020
Milford,52756,Town,0917047535,PEP,2020 Intercensal,Estimate Base,2010
Milford,52729,Town,0917047535,PEP,2020 Intercensal,Population Estimate,2010
Milford,52535,Town,0917047535,PEP,2020 Intercensal,Population Estimate,2011
Milford,52443,Town,0917047535,PEP,2020 Intercensal,Population Estimate,2012
Milford,52276,Town,0917047535,PEP,2020 Intercensal,Population Estimate,2013
Milford,52333,Town,0917047535,PEP,2020 Intercensal,Population Estimate,2014
Milford,52222,Town,0917047535,PEP,2020 Intercensal,Population Estimate,2015
Milford,52361,Town,0917047535,PEP,2020 Intercensal,Population Estimate,2016
Milford,52366,Town,0917047535,PEP,2020 Intercensal,Population Estimate,2017
Milford,52421,Town,0917047535,PEP,2020 Intercensal,Population Estimate,2018
Milford,52141,Town,0917047535,PEP,2020 Intercensal,Population Estimate,2019
Milford,52041,Town,0917047535,PEP,2020 Intercensal,Population Estimate,2020
Monroe,19479,Town,0912048620,PEP,2020 Intercensal,Estimate Base,2010
Monroe,19489,Town,0912048620,PEP,2020 Intercensal,Population Estimate,2010
Monroe,19586,Town,0912048620,PEP,2020 Intercensal,Population Estimate,2011
Monroe,19660,Town,0912048620,PEP,2020 Intercensal,Population Estimate,2012
Monroe,19605,Town,0912048620,PEP,2020 Intercensal,Population Estimate,2013
Monroe,19560,Town,0912048620,PEP,2020 Intercensal,Population Estimate,2014
Monroe,19439,Town,0912048620,PEP,2020 Intercensal,Population Estimate,2015
Monroe,19263,Town,0912048620,PEP,2020 Intercensal,Population Estimate,2016
Monroe,19123,Town,0912048620,PEP,2020 Intercensal,Population Estimate,2017
Monroe,19060,Town,0912048620,PEP,2020 Intercensal,Population Estimate,2018
Monroe,18950,Town,0912048620,PEP,2020 Intercensal,Population Estimate,2019
Monroe,18823,Town,0912048620,PEP,2020 Intercensal,Population Estimate,2020
Montville,19574,Town,0918048900,PEP,2020 Intercensal,Estimate Base,2010
Montville,19586,Town,0918048900,PEP,2020 Intercensal,Population Estimate,2010
Montville,19667,Town,0918048900,PEP,2020 Intercensal,Population Estimate,2011
Montville,19651,Town,0918048900,PEP,2020 Intercensal,Population Estimate,2012
Montville,19662,Town,0918048900,PEP,2020 Intercensal,Population Estimate,2013
Montville,19525,Town,0918048900,PEP,2020 Intercensal,Population Estimate,2014
Montville,19200,Town,0918048900,PEP,2020 Intercensal,Population Estimate,2015
Montville,19089,Town,0918048900,PEP,2020 Intercensal,Population Estimate,2016
Montville,18736,Town,0918048900,PEP,2020 Intercensal,Population Estimate,2017
Montville,18634,Town,0918048900,PEP,2020 Intercensal,Population Estimate,2018
Montville,18473,Town,0918048900,PEP,2020 Intercensal,Population Estimate,2019
Montville,18392,Town,0918048900,PEP,2020 Intercensal,Population Estimate,2020
Morris,2390,Town,0916049460,PEP,2020 Intercensal,Estimate Base,2010
Morris,2389,Town,0916049460,PEP,2020 Intercensal,Population Estimate,2010
Morris,2378,Town,0916049460,PEP,2020 Intercensal,Population Estimate,2011
Morris,2360,Town,0916049460,PEP,2020 Intercensal,Population Estimate,2012
Morris,2345,Town,0916049460,PEP,2020 Intercensal,Population Estimate,2013
Morris,2324,Town,0916049460,PEP,2020 Intercensal,Population Estimate,2014
Morris,2306,Town,0916049460,PEP,2020 Intercensal,Population Estimate,2015
Morris,2288,Town,0916049460,PEP,2020 Intercensal,Population Estimate,2016
Morris,2272,Town,0916049460,PEP,2020 Intercensal,Population Estimate,2017
Morris,2263,Town,0916049460,PEP,2020 Intercensal,Population Estimate,2018
Morris,2253,Town,0916049460,PEP,2020 Intercensal,Population Estimate,2019
Morris,2251,Town,0916049460,PEP,2020 Intercensal,Population Estimate,2020
Naugatuck,31871,Town,0914049950,PEP,2020 Intercensal,Estimate Base,2010
Naugatuck,31885,Town,0914049950,PEP,2020 Intercensal,Population Estimate,2010
Naugatuck,31892,Town,0914049950,PEP,2020 Intercensal,Population Estimate,2011
Naugatuck,31953,Town,0914049950,PEP,2020 Intercensal,Population Estimate,2012
Naugatuck,31947,Town,0914049950,PEP,2020 Intercensal,Population Estimate,2013
Naugatuck,31961,Town,0914049950,PEP,2020 Intercensal,Population Estimate,2014
Naugatuck,31877,Town,0914049950,PEP,2020 Intercensal,Population Estimate,2015
Naugatuck,31774,Town,0914049950,PEP,2020 Intercensal,Population Estimate,2016
Naugatuck,31765,Town,0914049950,PEP,2020 Intercensal,Population Estimate,2017
Naugatuck,31758,Town,0914049950,PEP,2020 Intercensal,Population Estimate,2018
Naugatuck,31602,Town,0914049950,PEP,2020 Intercensal,Population Estimate,2019
Naugatuck,31523,Town,0914049950,PEP,2020 Intercensal,Population Estimate,2020
Naugatuck Valley Planning Region,448846,Planning Region,09140,PEP,2020 Intercensal,Estimate Base,2010
Naugatuck Valley Planning Region,449231,Planning Region,09140,PEP,2020 Intercensal,Population Estimate,2010
Naugatuck Valley Planning Region,450138,Planning Region,09140,PEP,2020 Intercensal,Population Estimate,2011
Naugatuck Valley Planning Region,451244,Planning Region,09140,PEP,2020 Intercensal,Population Estimate,2012
Naugatuck Valley Planning Region,451737,Planning Region,09140,PEP,2020 Intercensal,Population Estimate,2013
Naugatuck Valley Planning Region,452411,Planning Region,09140,PEP,2020 Intercensal,Population Estimate,2014
Naugatuck Valley Planning Region,451893,Planning Region,09140,PEP,2020 Intercensal,Population Estimate,2015
Naugatuck Valley Planning Region,451371,Planning Region,09140,PEP,2020 Intercensal,Population Estimate,2016
Naugatuck Valley Planning Region,451216,Planning Region,09140,PEP,2020 Intercensal,Population Estimate,2017
Naugatuck Valley Planning Region,451758,Planning Region,09140,PEP,2020 Intercensal,Population Estimate,2018
Naugatuck Valley Planning Region,450792,Planning Region,09140,PEP,2020 Intercensal,Population Estimate,2019
Naugatuck Valley Planning Region,450423,Planning Region,09140,PEP,2020 Intercensal,Population Estimate,2020
New Britain,73203,Town,0911050440,PEP,2020 Intercensal,Estimate Base,2010
New Britain,73302,Town,0911050440,PEP,2020 Intercensal,Population Estimate,2010
New Britain,73514,Town,0911050440,PEP,2020 Intercensal,Population Estimate,2011
New Britain,73646,Town,0911050440,PEP,2020 Intercensal,Population Estimate,2012
New Britain,73666,Town,0911050440,PEP,2020 Intercensal,Population Estimate,2013
New Britain,73853,Town,0911050440,PEP,2020 Intercensal,Population Estimate,2014
New Britain,74210,Town,0911050440,PEP,2020 Intercensal,Population Estimate,2015
New Britain,73985,Town,0911050440,PEP,2020 Intercensal,Population Estimate,2016
New Britain,73975,Town,0911050440,PEP,2020 Intercensal,Population Estimate,2017
New Britain,74134,Town,0911050440,PEP,2020 Intercensal,Population Estimate,2018
New Britain,74179,Town,0911050440,PEP,2020 Intercensal,Population Estimate,2019
New Britain,74158,Town,0911050440,PEP,2020 Intercensal,Population Estimate,2020
New Canaan,19774,Town,0919050580,PEP,2020 Intercensal,Estimate Base,2010
New Canaan,19815,Town,0919050580,PEP,2020 Intercensal,Population Estimate,2010
New Canaan,20043,Town,0919050580,PEP,2020 Intercensal,Population Estimate,2011
New Canaan,20265,Town,0919050580,PEP,2020 Intercensal,Population Estimate,2012
New Canaan,20372,Town,0919050580,PEP,2020 Intercensal,Population Estimate,2013
New Canaan,20504,Town,0919050580,PEP,2020 Intercensal,Population Estimate,2014
New Canaan,20593,Town,0919050580,PEP,2020 Intercensal,Population Estimate,2015
New Canaan,20607,Town,0919050580,PEP,2020 Intercensal,Population Estimate,2016
New Canaan,20596,Town,0919050580,PEP,2020 Intercensal,Population Estimate,2017
New Canaan,20647,Town,0919050580,PEP,2020 Intercensal,Population Estimate,2018
New Canaan,20668,Town,0919050580,PEP,2020 Intercensal,Population Estimate,2019
New Canaan,20612,Town,0919050580,PEP,2020 Intercensal,Population Estimate,2020
New Fairfield,13887,Town,0919050860,PEP,2020 Intercensal,Estimate Base,2010
New Fairfield,13902,Town,0919050860,PEP,2020 Intercensal,Population Estimate,2010
New Fairfield,13995,Town,0919050860,PEP,2020 Intercensal,Population Estimate,2011
New Fairfield,14065,Town,0919050860,PEP,2020 Intercensal,Population Estimate,2012
New Fairfield,14048,Town,0919050860,PEP,2020 Intercensal,Population Estimate,2013
New Fairfield,14014,Town,0919050860,PEP,2020 Intercensal,Population Estimate,2014
New Fairfield,13948,Town,0919050860,PEP,2020 Intercensal,Population Estimate,2015
New Fairfield,13857,Town,0919050860,PEP,2020 Intercensal,Population Estimate,2016
New Fairfield,13775,Town,0919050860,PEP,2020 Intercensal,Population Estimate,2017
New Fairfield,13726,Town,0919050860,PEP,2020 Intercensal,Population Estimate,2018
New Fairfield,13665,Town,0919050860,PEP,2020 Intercensal,Population Estimate,2019
New Fairfield,13581,Town,0919050860,PEP,2020 Intercensal,Population Estimate,2020
New Hartford,6962,Town,0916051350,PEP,2020 Intercensal,Estimate Base,2010
New Hartford,6965,Town,0916051350,PEP,2020 Intercensal,Population Estimate,2010
New Hartford,6945,Town,0916051350,PEP,2020 Intercensal,Population Estimate,2011
New Hartford,6899,Town,0916051350,PEP,2020 Intercensal,Population Estimate,2012
New Hartford,6870,Town,0916051350,PEP,2020 Intercensal,Population Estimate,2013
New Hartford,6817,Town,0916051350,PEP,2020 Intercensal,Population Estimate,2014
New Hartford,6779,Town,0916051350,PEP,2020 Intercensal,Population Estimate,2015
New Hartford,6736,Town,0916051350,PEP,2020 Intercensal,Population Estimate,2016
New Hartford,6704,Town,0916051350,PEP,2020 Intercensal,Population Estimate,2017
New Hartford,6690,Town,0916051350,PEP,2020 Intercensal,Population Estimate,2018
New Hartford,6667,Town,0916051350,PEP,2020 Intercensal,Population Estimate,2019
New Hartford,6658,Town,0916051350,PEP,2020 Intercensal,Population Estimate,2020
New Haven,129864,Town,0917052070,PEP,2020 Intercensal,Estimate Base,2010
New Haven,129880,Town,0917052070,PEP,2020 Intercensal,Population Estimate,2010
New Haven,131249,Town,0917052070,PEP,2020 Intercensal,Population Estimate,2011
New Haven,131863,Town,0917052070,PEP,2020 Intercensal,Population Estimate,2012
New Haven,131990,Town,0917052070,PEP,2020 Intercensal,Population Estimate,2013
New Haven,132035,Town,0917052070,PEP,2020 Intercensal,Population Estimate,2014
New Haven,132147,Town,0917052070,PEP,2020 Intercensal,Population Estimate,2015
New Haven,132506,Town,0917052070,PEP,2020 Intercensal,Population Estimate,2016
New Haven,133049,Town,0917052070,PEP,2020 Intercensal,Population Estimate,2017
New Haven,132698,Town,0917052070,PEP,2020 Intercensal,Population Estimate,2018
New Haven,133160,Town,0917052070,PEP,2020 Intercensal,Population Estimate,2019
New Haven,134026,Town,0917052070,PEP,2020 Intercensal,Population Estimate,2020
New London,27620,Town,0918052350,PEP,2020 Intercensal,Estimate Base,2010
New London,27624,Town,0918052350,PEP,2020 Intercensal,Population Estimate,2010
New London,27681,Town,0918052350,PEP,2020 Intercensal,Population Estimate,2011
New London,27672,Town,0918052350,PEP,2020 Intercensal,Population Estimate,2012
New London,27507,Town,0918052350,PEP,2020 Intercensal,Population Estimate,2013
New London,27405,Town,0918052350,PEP,2020 Intercensal,Population Estimate,2014
New London,27268,Town,0918052350,PEP,2020 Intercensal,Population Estimate,2015
New London,27319,Town,0918052350,PEP,2020 Intercensal,Population Estimate,2016
New London,27332,Town,0918052350,PEP,2020 Intercensal,Population Estimate,2017
New London,27518,Town,0918052350,PEP,2020 Intercensal,Population Estimate,2018
New London,27408,Town,0918052350,PEP,2020 Intercensal,Population Estimate,2019
New London,27376,Town,0918052350,PEP,2020 Intercensal,Population Estimate,2020
New Milford,28088,Town,0919052630,PEP,2020 Intercensal,Estimate Base,2010
New Milford,28101,Town,0919052630,PEP,2020 Intercensal,Population Estimate,2010
New Milford,28162,Town,0919052630,PEP,2020 Intercensal,Population Estimate,2011
New Milford,28092,Town,0919052630,PEP,2020 Intercensal,Population Estimate,2012
New Milford,28127,Town,0919052630,PEP,2020 Intercensal,Population Estimate,2013
New Milford,28041,Town,0919052630,PEP,2020 Intercensal,Population Estimate,2014
New Milford,28000,Town,0919052630,PEP,2020 Intercensal,Population Estimate,2015
New Milford,27953,Town,0919052630,PEP,2020 Intercensal,Population Estimate,2016
New Milford,28011,Town,0919052630,PEP,2020 Intercensal,Population Estimate,2017
New Milford,28070,Town,0919052630,PEP,2020 Intercensal,Population Estimate,2018
New Milford,28091,Town,0919052630,PEP,2020 Intercensal,Population Estimate,2019
New Milford,28118,Town,0919052630,PEP,2020 Intercensal,Population Estimate,2020
Newington,30536,Town,0911052140,PEP,2020 Intercensal,Estimate Base,2010
Newington,30543,Town,0911052140,PEP,2020 Intercensal,Population Estimate,2010
Newington,30583,Town,0911052140,PEP,2020 Intercensal,Population Estimate,2011
Newington,30641,Town,0911052140,PEP,2020 Intercensal,Population Estimate,2012
Newington,30802,Town,0911052140,PEP,2020 Intercensal,Population Estimate,2013
Newington,30826,Town,0911052140,PEP,2020 Intercensal,Population Estimate,2014
Newington,30787,Town,0911052140,PEP,2020 Intercensal,Population Estimate,2015
Newington,30738,Town,0911052140,PEP,2020 Intercensal,Population Estimate,2016
Newington,30622,Town,0911052140,PEP,2020 Intercensal,Population Estimate,2017
Newington,30642,Town,0911052140,PEP,2020 Intercensal,Population Estimate,2018
Newington,30576,Town,0911052140,PEP,2020 Intercensal,Population Estimate,2019
Newington,30543,Town,0911052140,PEP,2020 Intercensal,Population Estimate,2020
Newtown,27539,Town,0919052980,PEP,2020 Intercensal,Estimate Base,2010
Newtown,27561,Town,0919052980,PEP,2020 Intercensal,Population Estimate,2010
Newtown,27709,Town,0919052980,PEP,2020 Intercensal,Population Estimate,2011
Newtown,27891,Town,0919052980,PEP,2020 Intercensal,Population Estimate,2012
Newtown,27816,Town,0919052980,PEP,2020 Intercensal,Population Estimate,2013
Newtown,27621,Town,0919052980,PEP,2020 Intercensal,Population Estimate,2014
Newtown,27517,Town,0919052980,PEP,2020 Intercensal,Population Estimate,2015
Newtown,27374,Town,0919052980,PEP,2020 Intercensal,Population Estimate,2016
Newtown,27219,Town,0919052980,PEP,2020 Intercensal,Population Estimate,2017
Newtown,27235,Town,0919052980,PEP,2020 Intercensal,Population Estimate,2018
Newtown,27251,Town,0919052980,PEP,2020 Intercensal,Population Estimate,2019
Newtown,27166,Town,0919052980,PEP,2020 Intercensal,Population Estimate,2020
Norfolk,1709,Town,0916053470,PEP,2020 Intercensal,Estimate Base,2010
Norfolk,1706,Town,0916053470,PEP,2020 Intercensal,Population Estimate,2010
Norfolk,1698,Town,0916053470,PEP,2020 Intercensal,Population Estimate,2011
Norfolk,1679,Town,0916053470,PEP,2020 Intercensal,Population Estimate,2012
Norfolk,1669,Town,0916053470,PEP,2020 Intercensal,Population Estimate,2013
Norfolk,1649,Town,0916053470,PEP,2020 Intercensal,Population Estimate,2014
Norfolk,1636,Town,0916053470,PEP,2020 Intercensal,Population Estimate,2015
Norfolk,1619,Town,0916053470,PEP,2020 Intercensal,Population Estimate,2016
Norfolk,1611,Town,0916053470,PEP,2020 Intercensal,Population Estimate,2017
Norfolk,1609,Town,0916053470,PEP,2020 Intercensal,Population Estimate,2018
Norfolk,1597,Town,0916053470,PEP,2020 Intercensal,Population Estimate,2019
Norfolk,1587,Town,0916053470,PEP,2020 Intercensal,Population Estimate,2020
North Branford,14422,Town,0917053890,PEP,2020 Intercensal,Estimate Base,2010
North Branford,14409,Town,0917053890,PEP,2020 Intercensal,Population Estimate,2010
North Branford,14332,Town,0917053890,PEP,2020 Intercensal,Population Estimate,2011
North Branford,14282,Town,0917053890,PEP,2020 Intercensal,Population Estimate,2012
North Branford,14183,Town,0917053890,PEP,2020 Intercensal,Population Estimate,2013
North Branford,14108,Town,0917053890,PEP,2020 Intercensal,Population Estimate,2014
North Branford,13987,Town,0917053890,PEP,2020 Intercensal,Population Estimate,2015
North Branford,13855,Town,0917053890,PEP,2020 Intercensal,Population Estimate,2016
North Branford,13782,Town,0917053890,PEP,2020 Intercensal,Population Estimate,2017
North Branford,13732,Town,0917053890,PEP,2020 Intercensal,Population Estimate,2018
North Branford,13623,Town,0917053890,PEP,2020 Intercensal,Population Estimate,2019
North Branford,13545,Town,0917053890,PEP,2020 Intercensal,Population Estimate,2020
North Canaan,3435,Town,0916054030,PEP,2020 Intercensal,Estimate Base,2010
North Canaan,3432,Town,0916054030,PEP,2020 Intercensal,Population Estimate,2010
North Canaan,3402,Town,0916054030,PEP,2020 Intercensal,Population Estimate,2011
North Canaan,3373,Town,0916054030,PEP,2020 Intercensal,Population Estimate,2012
North Canaan,3364,Town,0916054030,PEP,2020 Intercensal,Population Estimate,2013
North Canaan,3338,Town,0916054030,PEP,2020 Intercensal,Population Estimate,2014
North Canaan,3310,Town,0916054030,PEP,2020 Intercensal,Population Estimate,2015
North Canaan,3276,Town,0916054030,PEP,2020 Intercensal,Population Estimate,2016
North Canaan,3247,Town,0916054030,PEP,2020 Intercensal,Population Estimate,2017
North Canaan,3238,Town,0916054030,PEP,2020 Intercensal,Population Estimate,2018
North Canaan,3219,Town,0916054030,PEP,2020 Intercensal,Population Estimate,2019
North Canaan,3206,Town,0916054030,PEP,2020 Intercensal,Population Estimate,2020
North Haven,24088,Town,0917054870,PEP,2020 Intercensal,Estimate Base,2010
North Haven,24103,Town,0917054870,PEP,2020 Intercensal,Population Estimate,2010
North Haven,24130,Town,0917054870,PEP,2020 Intercensal,Population Estimate,2011
North Haven,24122,Town,0917054870,PEP,2020 Intercensal,Population Estimate,2012
North Haven,24164,Town,0917054870,PEP,2020 Intercensal,Population Estimate,2013
North Haven,24219,Town,0917054870,PEP,2020 Intercensal,Population Estimate,2014
North Haven,24196,Town,0917054870,PEP,2020 Intercensal,Population Estimate,2015
North Haven,24132,Town,0917054870,PEP,2020 Intercensal,Population Estimate,2016
North Haven,24163,Town,0917054870,PEP,2020 Intercensal,Population Estimate,2017
North Haven,24255,Town,0917054870,PEP,2020 Intercensal,Population Estimate,2018
North Haven,24271,Town,0917054870,PEP,2020 Intercensal,Population Estimate,2019
North Haven,24259,Town,0917054870,PEP,2020 Intercensal,Population Estimate,2020
North Stonington,5297,Town,0918055500,PEP,2020 Intercensal,Estimate Base,2010
North Stonington,5297,Town,0918055500,PEP,2020 Intercensal,Population Estimate,2010
North Stonington,5283,Town,0918055500,PEP,2020 Intercensal,Population Estimate,2011
North Stonington,5296,Town,0918055500,PEP,2020 Intercensal,Population Estimate,2012
North Stonington,5268,Town,0918055500,PEP,2020 Intercensal,Population Estimate,2013
North Stonington,5243,Town,0918055500,PEP,2020 Intercensal,Population Estimate,2014
North Stonington,5205,Town,0918055500,PEP,2020 Intercensal,Population Estimate,2015
North Stonington,5183,Town,0918055500,PEP,2020 Intercensal,Population Estimate,2016
North Stonington,5189,Town,0918055500,PEP,2020 Intercensal,Population Estimate,2017
North Stonington,5186,Town,0918055500,PEP,2020 Intercensal,Population Estimate,2018
North Stonington,5156,Town,0918055500,PEP,2020 Intercensal,Population Estimate,2019
North Stonington,5148,Town,0918055500,PEP,2020 Intercensal,Population Estimate,2020
Northeastern Connecticut Planning Region,96622,Planning Region,09150,PEP,2020 Intercensal,Estimate Base,2010
Northeastern Connecticut Planning Region,96621,Planning Region,09150,PEP,2020 Intercensal,Population Estimate,2010
Northeastern Connecticut Planning Region,96389,Planning Region,09150,PEP,2020 Intercensal,Population Estimate,2011
Northeastern Connecticut Planning Region,96078,Planning Region,09150,PEP,2020 Intercensal,Population Estimate,2012
Northeastern Connecticut Planning Region,95821,Planning Region,09150,PEP,2020 Intercensal,Population Estimate,2013
Northeastern Connecticut Planning Region,95321,Planning Region,09150,PEP,2020 Intercensal,Population Estimate,2014
Northeastern Connecticut Planning Region,95112,Planning Region,09150,PEP,2020 Intercensal,Population Estimate,2015
Northeastern Connecticut Planning Region,94807,Planning Region,09150,PEP,2020 Intercensal,Population Estimate,2016
Northeastern Connecticut Planning Region,95096,Planning Region,09150,PEP,2020 Intercensal,Population Estimate,2017
Northeastern Connecticut Planning Region,95705,Planning Region,09150,PEP,2020 Intercensal,Population Estimate,2018
Northeastern Connecticut Planning Region,95499,Planning Region,09150,PEP,2020 Intercensal,Population Estimate,2019
Northeastern Connecticut Planning Region,95344,Planning Region,09150,PEP,2020 Intercensal,Population Estimate,2020
Northwest Hills Planning Region,115268,Planning Region,09160,PEP,2020 Intercensal,Estimate Base,2010
Northwest Hills Planning Region,115286,Planning Region,09160,PEP,2020 Intercensal,Population Estimate,2010
Northwest Hills Planning Region,115152,Planning Region,09160,PEP,2020 Intercensal,Population Estimate,2011
Northwest Hills Planning Region,114663,Planning Region,09160,PEP,2020 Intercensal,Population Estimate,2012
Northwest Hills Planning Region,114545,Planning Region,09160,PEP,2020 Intercensal,Population Estimate,2013
Northwest Hills Planning Region,114072,Planning Region,09160,PEP,2020 Intercensal,Population Estimate,2014
Northwest Hills Planning Region,113675,Planning Region,09160,PEP,2020 Intercensal,Population Estimate,2015
Northwest Hills Planning Region,113172,Planning Region,09160,PEP,2020 Intercensal,Population Estimate,2016
Northwest Hills Planning Region,112699,Planning Region,09160,PEP,2020 Intercensal,Population Estimate,2017
Northwest Hills Planning Region,112668,Planning Region,09160,PEP,2020 Intercensal,Population Estimate,2018
Northwest Hills Planning Region,112490,Planning Region,09160,PEP,2020 Intercensal,Population Estimate,2019
Northwest Hills Planning Region,112476,Planning Region,09160,PEP,2020 Intercensal,Population Estimate,2020
Norwalk,85609,Town,0919056060,PEP,2020 Intercensal,Estimate Base,2010
Norwalk,86015,Town,0919056060,PEP,2020 Intercensal,Population Estimate,2010
Norwalk,86920,Town,0919056060,PEP,2020 Intercensal,Population Estimate,2011
Norwalk,87813,Town,0919056060,PEP,2020 Intercensal,Population Estimate,2012
Norwalk,88532,Town,0919056060,PEP,2020 Intercensal,Population Estimate,2013
Norwalk,89077,Town,0919056060,PEP,2020 Intercensal,Population Estimate,2014
Norwalk,89545,Town,0919056060,PEP,2020 Intercensal,Population Estimate,2015
Norwalk,90014,Town,0919056060,PEP,2020 Intercensal,Population Estimate,2016
Norwalk,90204,Town,0919056060,PEP,2020 Intercensal,Population Estimate,2017
Norwalk,91195,Town,0919056060,PEP,2020 Intercensal,Population Estimate,2018
Norwalk,91145,Town,0919056060,PEP,2020 Intercensal,Population Estimate,2019
Norwalk,91188,Town,0919056060,PEP,2020 Intercensal,Population Estimate,2020
Norwich,40503,Town,0918056270,PEP,2020 Intercensal,Estimate Base,2010
Norwich,40587,Town,0918056270,PEP,2020 Intercensal,Population Estimate,2010
Norwich,40655,Town,0918056270,PEP,2020 Intercensal,Population Estimate,2011
Norwich,40848,Town,0918056270,PEP,2020 Intercensal,Population Estimate,2012
Norwich,40802,Town,0918056270,PEP,2020 Intercensal,Population Estimate,2013
Norwich,40728,Town,0918056270,PEP,2020 Intercensal,Population Estimate,2014
Norwich,40525,Town,0918056270,PEP,2020 Intercensal,Population Estimate,2015
Norwich,40381,Town,0918056270,PEP,2020 Intercensal,Population Estimate,2016
Norwich,40398,Town,0918056270,PEP,2020 Intercensal,Population Estimate,2017
Norwich,40384,Town,0918056270,PEP,2020 Intercensal,Population Estimate,2018
Norwich,40201,Town,0918056270,PEP,2020 Intercensal,Population Estimate,2019
Norwich,40130,Town,0918056270,PEP,2020 Intercensal,Population Estimate,2020
Old Lyme,7611,Town,0913057040,PEP,2020 Intercensal,Estimate Base,2010
Old Lyme,7612,Town,0913057040,PEP,2020 Intercensal,Population Estimate,2010
Old Lyme,7624,Town,0913057040,PEP,2020 Intercensal,Population Estimate,2011
Old Lyme,7668,Town,0913057040,PEP,2020 Intercensal,Population Estimate,2012
Old Lyme,7669,Town,0913057040,PEP,2020 Intercensal,Population Estimate,2013
Old Lyme,7675,Town,0913057040,PEP,2020 Intercensal,Population Estimate,2014
Old Lyme,7645,Town,0913057040,PEP,2020 Intercensal,Population Estimate,2015
Old Lyme,7646,Town,0913057040,PEP,2020 Intercensal,Population Estimate,2016
Old Lyme,7659,Town,0913057040,PEP,2020 Intercensal,Population Estimate,2017
Old Lyme,7660,Town,0913057040,PEP,2020 Intercensal,Population Estimate,2018
Old Lyme,7633,Town,0913057040,PEP,2020 Intercensal,Population Estimate,2019
Old Lyme,7623,Town,0913057040,PEP,2020 Intercensal,Population Estimate,2020
Old Saybrook,10245,Town,0913057320,PEP,2020 Intercensal,Estimate Base,2010
Old Saybrook,10249,Town,0913057320,PEP,2020 Intercensal,Population Estimate,2010
Old Saybrook,10312,Town,0913057320,PEP,2020 Intercensal,Population Estimate,2011
Old Saybrook,10334,Town,0913057320,PEP,2020 Intercensal,Population Estimate,2012
Old Saybrook,10365,Town,0913057320,PEP,2020 Intercensal,Population Estimate,2013
Old Saybrook,10391,Town,0913057320,PEP,2020 Intercensal,Population Estimate,2014
Old Saybrook,10363,Town,0913057320,PEP,2020 Intercensal,Population Estimate,2015
Old Saybrook,10370,Town,0913057320,PEP,2020 Intercensal,Population Estimate,2016
Old Saybrook,10440,Town,0913057320,PEP,2020 Intercensal,Population Estimate,2017
Old Saybrook,10461,Town,0913057320,PEP,2020 Intercensal,Population Estimate,2018
Old Saybrook,10481,Town,0913057320,PEP,2020 Intercensal,Population Estimate,2019
Old Saybrook,10484,Town,0913057320,PEP,2020 Intercensal,Population Estimate,2020
Orange,13957,Town,0917057600,PEP,2020 Intercensal,Estimate Base,2010
Orange,13971,Town,0917057600,PEP,2020 Intercensal,Population Estimate,2010
Orange,13996,Town,0917057600,PEP,2020 Intercensal,Population Estimate,2011
Orange,14045,Town,0917057600,PEP,2020 Intercensal,Population Estimate,2012
Orange,14076,Town,0917057600,PEP,2020 Intercensal,Population Estimate,2013
Orange,14126,Town,0917057600,PEP,2020 Intercensal,Population Estimate,2014
Orange,14150,Town,0917057600,PEP,2020 Intercensal,Population Estimate,2015
Orange,14161,Town,0917057600,PEP,2020 Intercensal,Population Estimate,2016
Orange,14208,Town,0917057600,PEP,2020 Intercensal,Population Estimate,2017
Orange,14271,Town,0917057600,PEP,2020 Intercensal,Population Estimate,2018
Orange,14255,Town,0917057600,PEP,2020 Intercensal,Population Estimate,2019
Orange,14269,Town,0917057600,PEP,2020 Intercensal,Population Estimate,2020
Oxford,12702,Town,0914058300,PEP,2020 Intercensal,Estimate Base,2010
Oxford,12707,Town,0914058300,PEP,2020 Intercensal,Population Estimate,2010
Oxford,12737,Town,0914058300,PEP,2020 Intercensal,Population Estimate,2011
Oxford,12713,Town,0914058300,PEP,2020 Intercensal,Population Estimate,2012
Oxford,12690,Town,0914058300,PEP,2020 Intercensal,Population Estimate,2013
Oxford,12695,Town,0914058300,PEP,2020 Intercensal,Population Estimate,2014
Oxford,12724,Town,0914058300,PEP,2020 Intercensal,Population Estimate,2015
Oxford,12634,Town,0914058300,PEP,2020 Intercensal,Population Estimate,2016
Oxford,12600,Town,0914058300,PEP,2020 Intercensal,Population Estimate,2017
Oxford,12787,Town,0914058300,PEP,2020 Intercensal,Population Estimate,2018
Oxford,12734,Town,0914058300,PEP,2020 Intercensal,Population Estimate,2019
Oxford,12705,Town,0914058300,PEP,2020 Intercensal,Population Estimate,2020
Plainfield,15408,Town,0915059980,PEP,2020 Intercensal,Estimate Base,2010
Plainfield,15397,Town,0915059980,PEP,2020 Intercensal,Population Estimate,2010
Plainfield,15332,Town,0915059980,PEP,2020 Intercensal,Population Estimate,2011
Plainfield,15261,Town,0915059980,PEP,2020 Intercensal,Population Estimate,2012
Plainfield,15188,Town,0915059980,PEP,2020 Intercensal,Population Estimate,2013
Plainfield,15087,Town,0915059980,PEP,2020 Intercensal,Population Estimate,2014
Plainfield,15037,Town,0915059980,PEP,2020 Intercensal,Population Estimate,2015
Plainfield,14996,Town,0915059980,PEP,2020 Intercensal,Population Estimate,2016
Plainfield,15013,Town,0915059980,PEP,2020 Intercensal,Population Estimate,2017
Plainfield,15083,Town,0915059980,PEP,2020 Intercensal,Population Estimate,2018
Plainfield,15021,Town,0915059980,PEP,2020 Intercensal,Population Estimate,2019
Plainfield,14976,Town,0915059980,PEP,2020 Intercensal,Population Estimate,2020
Plainville,17675,Town,0911060120,PEP,2020 Intercensal,Estimate Base,2010
Plainville,17684,Town,0911060120,PEP,2020 Intercensal,Population Estimate,2010
Plainville,17733,Town,0911060120,PEP,2020 Intercensal,Population Estimate,2011
Plainville,17800,Town,0911060120,PEP,2020 Intercensal,Population Estimate,2012
Plainville,17788,Town,0911060120,PEP,2020 Intercensal,Population Estimate,2013
Plainville,17771,Town,0911060120,PEP,2020 Intercensal,Population Estimate,2014
Plainville,17766,Town,0911060120,PEP,2020 Intercensal,Population Estimate,2015
Plainville,17705,Town,0911060120,PEP,2020 Intercensal,Population Estimate,2016
Plainville,17622,Town,0911060120,PEP,2020 Intercensal,Population Estimate,2017
Plainville,17612,Town,0911060120,PEP,2020 Intercensal,Population Estimate,2018
Plainville,17557,Town,0911060120,PEP,2020 Intercensal,Population Estimate,2019
Plainville,17528,Town,0911060120,PEP,2020 Intercensal,Population Estimate,2020
Plymouth,12243,Town,0914060750,PEP,2020 Intercensal,Estimate Base,2010
Plymouth,12236,Town,0914060750,PEP,2020 Intercensal,Population Estimate,2010
Plymouth,12197,Town,0914060750,PEP,2020 Intercensal,Population Estimate,2011
Plymouth,12126,Town,0914060750,PEP,2020 Intercensal,Population Estimate,2012
Plymouth,12082,Town,0914060750,PEP,2020 Intercensal,Population Estimate,2013
Plymouth,11984,Town,0914060750,PEP,2020 Intercensal,Population Estimate,2014
Plymouth,11915,Town,0914060750,PEP,2020 Intercensal,Population Estimate,2015
Plymouth,11832,Town,0914060750,PEP,2020 Intercensal,Population Estimate,2016
Plymouth,11760,Town,0914060750,PEP,2020 Intercensal,Population Estimate,2017
Plymouth,11737,Town,0914060750,PEP,2020 Intercensal,Population Estimate,2018
Plymouth,11689,Town,0914060750,PEP,2020 Intercensal,Population Estimate,2019
Plymouth,11663,Town,0914060750,PEP,2020 Intercensal,Population Estimate,2020
Pomfret,4248,Town,0915061030,PEP,2020 Intercensal,Estimate Base,2010
Pomfret,4252,Town,0915061030,PEP,2020 Intercensal,Population Estimate,2010
Pomfret,4241,Town,0915061030,PEP,2020 Intercensal,Population Estimate,2011
Pomfret,4233,Town,0915061030,PEP,2020 Intercensal,Population Estimate,2012
Pomfret,4227,Town,0915061030,PEP,2020 Intercensal,Population Estimate,2013
Pomfret,4208,Town,0915061030,PEP,2020 Intercensal,Population Estimate,2014
Pomfret,4206,Town,0915061030,PEP,2020 Intercensal,Population Estimate,2015
Pomfret,4198,Town,0915061030,PEP,2020 Intercensal,Population Estimate,2016
Pomfret,4224,Town,0915061030,PEP,2020 Intercensal,Population Estimate,2017
Pomfret,4265,Town,0915061030,PEP,2020 Intercensal,Population Estimate,2018
Pomfret,4268,Town,0915061030,PEP,2020 Intercensal,Population Estimate,2019
Pomfret,4268,Town,0915061030,PEP,2020 Intercensal,Population Estimate,2020
Portland,9509,Town,0913061800,PEP,2020 Intercensal,Estimate Base,2010
Portland,9504,Town,0913061800,PEP,2020 Intercensal,Population Estimate,2010
Portland,9520,Town,0913061800,PEP,2020 Intercensal,Population Estimate,2011
Portland,9516,Town,0913061800,PEP,2020 Intercensal,Population Estimate,2012
Portland,9503,Town,0913061800,PEP,2020 Intercensal,Population Estimate,2013
Portland,9503,Town,0913061800,PEP,2020 Intercensal,Population Estimate,2014
Portland,9452,Town,0913061800,PEP,2020 Intercensal,Population Estimate,2015
Portland,9448,Town,0913061800,PEP,2020 Intercensal,Population Estimate,2016
Portland,9436,Town,0913061800,PEP,2020 Intercensal,Population Estimate,2017
Portland,9426,Town,0913061800,PEP,2020 Intercensal,Population Estimate,2018
Portland,9407,Town,0913061800,PEP,2020 Intercensal,Population Estimate,2019
Portland,9380,Town,0913061800,PEP,2020 Intercensal,Population Estimate,2020
Preston,4724,Town,0918062150,PEP,2020 Intercensal,Estimate Base,2010
Preston,4728,Town,0918062150,PEP,2020 Intercensal,Population Estimate,2010
Preston,4742,Town,0918062150,PEP,2020 Intercensal,Population Estimate,2011
Preston,4778,Town,0918062150,PEP,2020 Intercensal,Population Estimate,2012
Preston,4780,Town,0918062150,PEP,2020 Intercensal,Population Estimate,2013
Preston,4786,Town,0918062150,PEP,2020 Intercensal,Population Estimate,2014
Preston,4752,Town,0918062150,PEP,2020 Intercensal,Population Estimate,2015
Preston,4759,Town,0918062150,PEP,2020 Intercensal,Population Estimate,2016
Preston,4768,Town,0918062150,PEP,2020 Intercensal,Population Estimate,2017
Preston,4780,Town,0918062150,PEP,2020 Intercensal,Population Estimate,2018
Preston,4786,Town,0918062150,PEP,2020 Intercensal,Population Estimate,2019
Preston,4792,Town,0918062150,PEP,2020 Intercensal,Population Estimate,2020
Prospect,9429,Town,0914062290,PEP,2020 Intercensal,Estimate Base,2010
Prospect,9443,Town,0914062290,PEP,2020 Intercensal,Population Estimate,2010
Prospect,9501,Town,0914062290,PEP,2020 Intercensal,Population Estimate,2011
Prospect,9585,Town,0914062290,PEP,2020 Intercensal,Population Estimate,2012
Prospect,9584,Town,0914062290,PEP,2020 Intercensal,Population Estimate,2013
Prospect,9577,Town,0914062290,PEP,2020 Intercensal,Population Estimate,2014
Prospect,9550,Town,0914062290,PEP,2020 Intercensal,Population Estimate,2015
Prospect,9530,Town,0914062290,PEP,2020 Intercensal,Population Estimate,2016
Prospect,9420,Town,0914062290,PEP,2020 Intercensal,Population Estimate,2017
Prospect,9413,Town,0914062290,PEP,2020 Intercensal,Population Estimate,2018
Prospect,9376,Town,0914062290,PEP,2020 Intercensal,Population Estimate,2019
Prospect,9405,Town,0914062290,PEP,2020 Intercensal,Population Estimate,2020
Putnam,9559,Town,0915062710,PEP,2020 Intercensal,Estimate Base,2010
Putnam,9552,Town,0915062710,PEP,2020 Intercensal,Population Estimate,2010
Putnam,9521,Town,0915062710,PEP,2020 Intercensal,Population Estimate,2011
Putnam,9461,Town,0915062710,PEP,2020 Intercensal,Population Estimate,2012
Putnam,9407,Town,0915062710,PEP,2020 Intercensal,Population Estimate,2013
Putnam,9339,Town,0915062710,PEP,2020 Intercensal,Population Estimate,2014
Putnam,9298,Town,0915062710,PEP,2020 Intercensal,Population Estimate,2015
Putnam,9227,Town,0915062710,PEP,2020 Intercensal,Population Estimate,2016
Putnam,9237,Town,0915062710,PEP,2020 Intercensal,Population Estimate,2017
Putnam,9288,Town,0915062710,PEP,2020 Intercensal,Population Estimate,2018
Putnam,9248,Town,0915062710,PEP,2020 Intercensal,Population Estimate,2019
Putnam,9225,Town,0915062710,PEP,2020 Intercensal,Population Estimate,2020
Redding,9135,Town,0919063480,PEP,2020 Intercensal,Estimate Base,2010
Redding,9138,Town,0919063480,PEP,2020 Intercensal,Population Estimate,2010
Redding,9187,Town,0919063480,PEP,2020 Intercensal,Population Estimate,2011
Redding,9213,Town,0919063480,PEP,2020 Intercensal,Population Estimate,2012
Redding,9189,Town,0919063480,PEP,2020 Intercensal,Population Estimate,2013
Redding,9140,Town,0919063480,PEP,2020 Intercensal,Population Estimate,2014
Redding,9096,Town,0919063480,PEP,2020 Intercensal,Population Estimate,2015
Redding,9010,Town,0919063480,PEP,2020 Intercensal,Population Estimate,2016
Redding,8935,Town,0919063480,PEP,2020 Intercensal,Population Estimate,2017
Redding,8891,Town,0919063480,PEP,2020 Intercensal,Population Estimate,2018
Redding,8834,Town,0919063480,PEP,2020 Intercensal,Population Estimate,2019
Redding,8768,Town,0919063480,PEP,2020 Intercensal,Population Estimate,2020
Ridgefield,24659,Town,0919063970,PEP,2020 Intercensal,Estimate Base,2010
Ridgefield,24697,Town,0919063970,PEP,2020 Intercensal,Population Estimate,2010
Ridgefield,24917,Town,0919063970,PEP,2020 Intercensal,Population Estimate,2011
Ridgefield,25104,Town,0919063970,PEP,2020 Intercensal,Population Estimate,2012
Ridgefield,25189,Town,0919063970,PEP,2020 Intercensal,Population Estimate,2013
Ridgefield,25205,Town,0919063970,PEP,2020 Intercensal,Population Estimate,2014
Ridgefield,25231,Town,0919063970,PEP,2020 Intercensal,Population Estimate,2015
Ridgefield,25135,Town,0919063970,PEP,2020 Intercensal,Population Estimate,2016
Ridgefield,25136,Town,0919063970,PEP,2020 Intercensal,Population Estimate,2017
Ridgefield,25155,Town,0919063970,PEP,2020 Intercensal,Population Estimate,2018
Ridgefield,25088,Town,0919063970,PEP,2020 Intercensal,Population Estimate,2019
Ridgefield,25036,Town,0919063970,PEP,2020 Intercensal,Population Estimate,2020
Rocky Hill,19711,Town,0911065370,PEP,2020 Intercensal,Estimate Base,2010
Rocky Hill,19740,Town,0911065370,PEP,2020 Intercensal,Population Estimate,2010
Rocky Hill,19772,Town,0911065370,PEP,2020 Intercensal,Population Estimate,2011
Rocky Hill,19921,Town,0911065370,PEP,2020 Intercensal,Population Estimate,2012
Rocky Hill,20144,Town,0911065370,PEP,2020 Intercensal,Population Estimate,2013
Rocky Hill,20394,Town,0911065370,PEP,2020 Intercensal,Population Estimate,2014
Rocky Hill,20494,Town,0911065370,PEP,2020 Intercensal,Population Estimate,2015
Rocky Hill,20710,Town,0911065370,PEP,2020 Intercensal,Population Estimate,2016
Rocky Hill,20745,Town,0911065370,PEP,2020 Intercensal,Population Estimate,2017
Rocky Hill,20813,Town,0911065370,PEP,2020 Intercensal,Population Estimate,2018
Rocky Hill,20824,Town,0911065370,PEP,2020 Intercensal,Population Estimate,2019
Rocky Hill,20842,Town,0911065370,PEP,2020 Intercensal,Population Estimate,2020
Roxbury,2259,Town,0916065930,PEP,2020 Intercensal,Estimate Base,2010
Roxbury,2260,Town,0916065930,PEP,2020 Intercensal,Population Estimate,2010
Roxbury,2261,Town,0916065930,PEP,2020 Intercensal,Population Estimate,2011
Roxbury,2262,Town,0916065930,PEP,2020 Intercensal,Population Estimate,2012
Roxbury,2260,Town,0916065930,PEP,2020 Intercensal,Population Estimate,2013
Roxbury,2249,Town,0916065930,PEP,2020 Intercensal,Population Estimate,2014
Roxbury,2247,Town,0916065930,PEP,2020 Intercensal,Population Estimate,2015
Roxbury,2244,Town,0916065930,PEP,2020 Intercensal,Population Estimate,2016
Roxbury,2242,Town,0916065930,PEP,2020 Intercensal,Population Estimate,2017
Roxbury,2247,Town,0916065930,PEP,2020 Intercensal,Population Estimate,2018
Roxbury,2249,Town,0916065930,PEP,2020 Intercensal,Population Estimate,2019
Roxbury,2257,Town,0916065930,PEP,2020 Intercensal,Population Estimate,2020
Salem,4145,Town,0918066210,PEP,2020 Intercensal,Estimate Base,2010
Salem,4149,Town,0918066210,PEP,2020 Intercensal,Population Estimate,2010
Salem,4171,Town,0918066210,PEP,2020 Intercensal,Population Estimate,2011
Salem,4201,Town,0918066210,PEP,2020 Intercensal,Population Estimate,2012
Salem,4198,Town,0918066210,PEP,2020 Intercensal,Population Estimate,2013
Salem,4185,Town,0918066210,PEP,2020 Intercensal,Population Estimate,2014
Salem,4193,Town,0918066210,PEP,2020 Intercensal,Population Estimate,2015
Salem,4194,Town,0918066210,PEP,2020 Intercensal,Population Estimate,2016
Salem,4210,Town,0918066210,PEP,2020 Intercensal,Population Estimate,2017
Salem,4221,Town,0918066210,PEP,2020 Intercensal,Population Estimate,2018
Salem,4203,Town,0918066210,PEP,2020 Intercensal,Population Estimate,2019
Salem,4210,Town,0918066210,PEP,2020 Intercensal,Population Estimate,2020
Salisbury,3749,Town,0916066420,PEP,2020 Intercensal,Estimate Base,2010
Salisbury,3761,Town,0916066420,PEP,2020 Intercensal,Population Estimate,2010
Salisbury,3806,Town,0916066420,PEP,2020 Intercensal,Population Estimate,2011
Salisbury,3848,Town,0916066420,PEP,2020 Intercensal,Population Estimate,2012
Salisbury,3906,Town,0916066420,PEP,2020 Intercensal,Population Estimate,2013
Salisbury,3947,Town,0916066420,PEP,2020 Intercensal,Population Estimate,2014
Salisbury,3980,Town,0916066420,PEP,2020 Intercensal,Population Estimate,2015
Salisbury,4025,Town,0916066420,PEP,2020 Intercensal,Population Estimate,2016
Salisbury,4054,Town,0916066420,PEP,2020 Intercensal,Population Estimate,2017
Salisbury,4114,Town,0916066420,PEP,2020 Intercensal,Population Estimate,2018
Salisbury,4163,Town,0916066420,PEP,2020 Intercensal,Population Estimate,2019
Salisbury,4197,Town,0916066420,PEP,2020 Intercensal,Population Estimate,2020
Scotland,1725,Town,0915067400,PEP,2020 Intercensal,Estimate Base,2010
Scotland,1724,Town,0915067400,PEP,2020 Intercensal,Population Estimate,2010
Scotland,1706,Town,0915067400,PEP,2020 Intercensal,Population Estimate,2011
Scotland,1688,Town,0915067400,PEP,2020 Intercensal,Population Estimate,2012
Scotland,1670,Town,0915067400,PEP,2020 Intercensal,Population Estimate,2013
Scotland,1652,Town,0915067400,PEP,2020 Intercensal,Population Estimate,2014
Scotland,1633,Town,0915067400,PEP,2020 Intercensal,Population Estimate,2015
Scotland,1617,Town,0915067400,PEP,2020 Intercensal,Population Estimate,2016
Scotland,1610,Town,0915067400,PEP,2020 Intercensal,Population Estimate,2017
Scotland,1608,Town,0915067400,PEP,2020 Intercensal,Population Estimate,2018
Scotland,1586,Town,0915067400,PEP,2020 Intercensal,Population Estimate,2019
Scotland,1573,Town,0915067400,PEP,2020 Intercensal,Population Estimate,2020
Seymour,16523,Town,0914067610,PEP,2020 Intercensal,Estimate Base,2010
Seymour,16539,Town,0914067610,PEP,2020 Intercensal,Population Estimate,2010
Seymour,16590,Town,0914067610,PEP,2020 Intercensal,Population Estimate,2011
Seymour,16664,Town,0914067610,PEP,2020 Intercensal,Population Estimate,2012
Seymour,16689,Town,0914067610,PEP,2020 Intercensal,Population Estimate,2013
Seymour,16731,Town,0914067610,PEP,2020 Intercensal,Population Estimate,2014
Seymour,16684,Town,0914067610,PEP,2020 Intercensal,Population Estimate,2015
Seymour,16808,Town,0914067610,PEP,2020 Intercensal,Population Estimate,2016
Seymour,16808,Town,0914067610,PEP,2020 Intercensal,Population Estimate,2017
Seymour,16831,Town,0914067610,PEP,2020 Intercensal,Population Estimate,2018
Seymour,16783,Town,0914067610,PEP,2020 Intercensal,Population Estimate,2019
Seymour,16757,Town,0914067610,PEP,2020 Intercensal,Population Estimate,2020
Sharon,2782,Town,0916067960,PEP,2020 Intercensal,Estimate Base,2010
Sharon,2780,Town,0916067960,PEP,2020 Intercensal,Population Estimate,2010
Sharon,2767,Town,0916067960,PEP,2020 Intercensal,Population Estimate,2011
Sharon,2752,Town,0916067960,PEP,2020 Intercensal,Population Estimate,2012
Sharon,2749,Town,0916067960,PEP,2020 Intercensal,Population Estimate,2013
Sharon,2724,Town,0916067960,PEP,2020 Intercensal,Population Estimate,2014
Sharon,2701,Town,0916067960,PEP,2020 Intercensal,Population Estimate,2015
Sharon,2721,Town,0916067960,PEP,2020 Intercensal,Population Estimate,2016
Sharon,2701,Town,0916067960,PEP,2020 Intercensal,Population Estimate,2017
Sharon,2691,Town,0916067960,PEP,2020 Intercensal,Population Estimate,2018
Sharon,2679,Town,0916067960,PEP,2020 Intercensal,Population Estimate,2019
Sharon,2679,Town,0916067960,PEP,2020 Intercensal,Population Estimate,2020
Shelton,39563,Town,0914068170,PEP,2020 Intercensal,Estimate Base,2010
Shelton,39610,Town,0914068170,PEP,2020 Intercensal,Population Estimate,2010
Shelton,39941,Town,0914068170,PEP,2020 Intercensal,Population Estimate,2011
Shelton,40218,Town,0914068170,PEP,2020 Intercensal,Population Estimate,2012
Shelton,40886,Town,0914068170,PEP,2020 Intercensal,Population Estimate,2013
Shelton,41102,Town,0914068170,PEP,2020 Intercensal,Population Estimate,2014
Shelton,41026,Town,0914068170,PEP,2020 Intercensal,Population Estimate,2015
Shelton,41175,Town,0914068170,PEP,2020 Intercensal,Population Estimate,2016
Shelton,41019,Town,0914068170,PEP,2020 Intercensal,Population Estimate,2017
Shelton,41072,Town,0914068170,PEP,2020 Intercensal,Population Estimate,2018
Shelton,41039,Town,0914068170,PEP,2020 Intercensal,Population Estimate,2019
Shelton,40883,Town,0914068170,PEP,2020 Intercensal,Population Estimate,2020
Sherman,3601,Town,0919068310,PEP,2020 Intercensal,Estimate Base,2010
Sherman,3605,Town,0919068310,PEP,2020 Intercensal,Population Estimate,2010
Sherman,3629,Town,0919068310,PEP,2020 Intercensal,Population Estimate,2011
Sherman,3648,Town,0919068310,PEP,2020 Intercensal,Population Estimate,2012
Sherman,3655,Town,0919068310,PEP,2020 Intercensal,Population Estimate,2013
Sherman,3643,Town,0919068310,PEP,2020 Intercensal,Population Estimate,2014
Sherman,3625,Town,0919068310,PEP,2020 Intercensal,Population Estimate,2015
Sherman,3600,Town,0919068310,PEP,2020 Intercensal,Population Estimate,2016
Sherman,3576,Town,0919068310,PEP,2020 Intercensal,Population Estimate,2017
Sherman,3566,Town,0919068310,PEP,2020 Intercensal,Population Estimate,2018
Sherman,3550,Town,0919068310,PEP,2020 Intercensal,Population Estimate,2019
Sherman,3526,Town,0919068310,PEP,2020 Intercensal,Population Estimate,2020
Simsbury,23511,Town,0911068940,PEP,2020 Intercensal,Estimate Base,2010
Simsbury,23488,Town,0911068940,PEP,2020 Intercensal,Population Estimate,2010
Simsbury,23435,Town,0911068940,PEP,2020 Intercensal,Population Estimate,2011
Simsbury,23379,Town,0911068940,PEP,2020 Intercensal,Population Estimate,2012
Simsbury,23459,Town,0911068940,PEP,2020 Intercensal,Population Estimate,2013
Simsbury,23571,Town,0911068940,PEP,2020 Intercensal,Population Estimate,2014
Simsbury,23803,Town,0911068940,PEP,2020 Intercensal,Population Estimate,2015
Simsbury,23812,Town,0911068940,PEP,2020 Intercensal,Population Estimate,2016
Simsbury,24224,Town,0911068940,PEP,2020 Intercensal,Population Estimate,2017
Simsbury,24253,Town,0911068940,PEP,2020 Intercensal,Population Estimate,2018
Simsbury,24536,Town,0911068940,PEP,2020 Intercensal,Population Estimate,2019
Simsbury,24520,Town,0911068940,PEP,2020 Intercensal,Population Estimate,2020
Somers,11451,Town,0911069220,PEP,2020 Intercensal,Estimate Base,2010
Somers,11428,Town,0911069220,PEP,2020 Intercensal,Population Estimate,2010
Somers,11443,Town,0911069220,PEP,2020 Intercensal,Population Estimate,2011
Somers,11354,Town,0911069220,PEP,2020 Intercensal,Population Estimate,2012
Somers,11188,Town,0911069220,PEP,2020 Intercensal,Population Estimate,2013
Somers,11222,Town,0911069220,PEP,2020 Intercensal,Population Estimate,2014
Somers,11188,Town,0911069220,PEP,2020 Intercensal,Population Estimate,2015
Somers,10793,Town,0911069220,PEP,2020 Intercensal,Population Estimate,2016
Somers,10502,Town,0911069220,PEP,2020 Intercensal,Population Estimate,2017
Somers,10396,Town,0911069220,PEP,2020 Intercensal,Population Estimate,2018
Somers,10326,Town,0911069220,PEP,2020 Intercensal,Population Estimate,2019
Somers,10259,Town,0911069220,PEP,2020 Intercensal,Population Estimate,2020
South Central Connecticut Planning Region,569915,Planning Region,09170,PEP,2020 Intercensal,Estimate Base,2010
South Central Connecticut Planning Region,570815,Planning Region,09170,PEP,2020 Intercensal,Population Estimate,2010
South Central Connecticut Planning Region,572068,Planning Region,09170,PEP,2020 Intercensal,Population Estimate,2011
South Central Connecticut Planning Region,573057,Planning Region,09170,PEP,2020 Intercensal,Population Estimate,2012
South Central Connecticut Planning Region,572609,Planning Region,09170,PEP,2020 Intercensal,Population Estimate,2013
South Central Connecticut Planning Region,573240,Planning Region,09170,PEP,2020 Intercensal,Population Estimate,2014
South Central Connecticut Planning Region,572031,Planning Region,09170,PEP,2020 Intercensal,Population Estimate,2015
South Central Connecticut Planning Region,571119,Planning Region,09170,PEP,2020 Intercensal,Population Estimate,2016
South Central Connecticut Planning Region,571701,Planning Region,09170,PEP,2020 Intercensal,Population Estimate,2017
South Central Connecticut Planning Region,571486,Planning Region,09170,PEP,2020 Intercensal,Population Estimate,2018
South Central Connecticut Planning Region,570315,Planning Region,09170,PEP,2020 Intercensal,Population Estimate,2019
South Central Connecticut Planning Region,570462,Planning Region,09170,PEP,2020 Intercensal,Population Estimate,2020
South Windsor,25695,Town,0911071390,PEP,2020 Intercensal,Estimate Base,2010
South Windsor,25724,Town,0911071390,PEP,2020 Intercensal,Population Estimate,2010
South Windsor,25849,Town,0911071390,PEP,2020 Intercensal,Population Estimate,2011
South Windsor,25970,Town,0911071390,PEP,2020 Intercensal,Population Estimate,2012
South Windsor,26034,Town,0911071390,PEP,2020 Intercensal,Population Estimate,2013
South Windsor,26092,Town,0911071390,PEP,2020 Intercensal,Population Estimate,2014
South Windsor,26135,Town,0911071390,PEP,2020 Intercensal,Population Estimate,2015
South Windsor,26136,Town,0911071390,PEP,2020 Intercensal,Population Estimate,2016
South Windsor,26437,Town,0911071390,PEP,2020 Intercensal,Population Estimate,2017
South Windsor,26717,Town,0911071390,PEP,2020 Intercensal,Population Estimate,2018
South Windsor,26871,Town,0911071390,PEP,2020 Intercensal,Population Estimate,2019
South Windsor,26917,Town,0911071390,PEP,2020 Intercensal,Population Estimate,2020
Southbury,19901,Town,0914069640,PEP,2020 Intercensal,Estimate Base,2010
Southbury,19909,Town,0914069640,PEP,2020 Intercensal,Population Estimate,2010
Southbury,19913,Town,0914069640,PEP,2020 Intercensal,Population Estimate,2011
Southbury,19951,Town,0914069640,PEP,2020 Intercensal,Population Estimate,2012
Southbury,19946,Town,0914069640,PEP,2020 Intercensal,Population Estimate,2013
Southbury,20021,Town,0914069640,PEP,2020 Intercensal,Population Estimate,2014
Southbury,19993,Town,0914069640,PEP,2020 Intercensal,Population Estimate,2015
Southbury,19932,Town,0914069640,PEP,2020 Intercensal,Population Estimate,2016
Southbury,19933,Town,0914069640,PEP,2020 Intercensal,Population Estimate,2017
Southbury,19939,Town,0914069640,PEP,2020 Intercensal,Population Estimate,2018
Southbury,19874,Town,0914069640,PEP,2020 Intercensal,Population Estimate,2019
Southbury,19875,Town,0914069640,PEP,2020 Intercensal,Population Estimate,2020
Southeastern Connecticut Planning Region,286671,Planning Region,09180,PEP,2020 Intercensal,Estimate Base,2010
Southeastern Connecticut Planning Region,286853,Planning Region,09180,PEP,2020 Intercensal,Population Estimate,2010
Southeastern Connecticut Planning Region,286214,Planning Region,09180,PEP,2020 Intercensal,Population Estimate,2011
Southeastern Connecticut Planning Region,287470,Planning Region,09180,PEP,2020 Intercensal,Population Estimate,2012
Southeastern Connecticut Planning Region,286551,Planning Region,09180,PEP,2020 Intercensal,Population Estimate,2013
Southeastern Connecticut Planning Region,285098,Planning Region,09180,PEP,2020 Intercensal,Population Estimate,2014
Southeastern Connecticut Planning Region,283613,Planning Region,09180,PEP,2020 Intercensal,Population Estimate,2015
Southeastern Connecticut Planning Region,282663,Planning Region,09180,PEP,2020 Intercensal,Population Estimate,2016
Southeastern Connecticut Planning Region,282134,Planning Region,09180,PEP,2020 Intercensal,Population Estimate,2017
Southeastern Connecticut Planning Region,281775,Planning Region,09180,PEP,2020 Intercensal,Population Estimate,2018
Southeastern Connecticut Planning Region,280709,Planning Region,09180,PEP,2020 Intercensal,Population Estimate,2019
Southeastern Connecticut Planning Region,280430,Planning Region,09180,PEP,2020 Intercensal,Population Estimate,2020
Southington,43064,Town,0911070550,PEP,2020 Intercensal,Estimate Base,2010
Southington,43147,Town,0911070550,PEP,2020 Intercensal,Population Estimate,2010
Southington,43261,Town,0911070550,PEP,2020 Intercensal,Population Estimate,2011
Southington,43436,Town,0911070550,PEP,2020 Intercensal,Population Estimate,2012
Southington,43519,Town,0911070550,PEP,2020 Intercensal,Population Estimate,2013
Southington,43626,Town,0911070550,PEP,2020 Intercensal,Population Estimate,2014
Southington,43595,Town,0911070550,PEP,2020 Intercensal,Population Estimate,2015
Southington,43506,Town,0911070550,PEP,2020 Intercensal,Population Estimate,2016
Southington,43480,Town,0911070550,PEP,2020 Intercensal,Population Estimate,2017
Southington,43481,Town,0911070550,PEP,2020 Intercensal,Population Estimate,2018
Southington,43471,Town,0911070550,PEP,2020 Intercensal,Population Estimate,2019
Southington,43512,Town,0911070550,PEP,2020 Intercensal,Population Estimate,2020
Sprague,2984,Town,0918071670,PEP,2020 Intercensal,Estimate Base,2010
Sprague,2987,Town,0918071670,PEP,2020 Intercensal,Population Estimate,2010
Sprague,2999,Town,0918071670,PEP,2020 Intercensal,Population Estimate,2011
Sprague,3013,Town,0918071670,PEP,2020 Intercensal,Population Estimate,2012
Sprague,3010,Town,0918071670,PEP,2020 Intercensal,Population Estimate,2013
Sprague,3016,Town,0918071670,PEP,2020 Intercensal,Population Estimate,2014
Sprague,2997,Town,0918071670,PEP,2020 Intercensal,Population Estimate,2015
Sprague,2986,Town,0918071670,PEP,2020 Intercensal,Population Estimate,2016
Sprague,2990,Town,0918071670,PEP,2020 Intercensal,Population Estimate,2017
Sprague,2991,Town,0918071670,PEP,2020 Intercensal,Population Estimate,2018
Sprague,2975,Town,0918071670,PEP,2020 Intercensal,Population Estimate,2019
Sprague,2973,Town,0918071670,PEP,2020 Intercensal,Population Estimate,2020
Stafford,12078,Town,0911072090,PEP,2020 Intercensal,Estimate Base,2010
Stafford,12070,Town,0911072090,PEP,2020 Intercensal,Population Estimate,2010
Stafford,12015,Town,0911072090,PEP,2020 Intercensal,Population Estimate,2011
Stafford,11922,Town,0911072090,PEP,2020 Intercensal,Population Estimate,2012
Stafford,11823,Town,0911072090,PEP,2020 Intercensal,Population Estimate,2013
Stafford,11745,Town,0911072090,PEP,2020 Intercensal,Population Estimate,2014
Stafford,11681,Town,0911072090,PEP,2020 Intercensal,Population Estimate,2015
Stafford,11562,Town,0911072090,PEP,2020 Intercensal,Population Estimate,2016
Stafford,11659,Town,0911072090,PEP,2020 Intercensal,Population Estimate,2017
Stafford,11613,Town,0911072090,PEP,2020 Intercensal,Population Estimate,2018
Stafford,11546,Town,0911072090,PEP,2020 Intercensal,Population Estimate,2019
Stafford,11473,Town,0911072090,PEP,2020 Intercensal,Population Estimate,2020
Stamford,122633,Town,0919073070,PEP,2020 Intercensal,Estimate Base,2010
Stamford,122892,Town,0919073070,PEP,2020 Intercensal,Population Estimate,2010
Stamford,124546,Town,0919073070,PEP,2020 Intercensal,Population Estimate,2011
Stamford,126054,Town,0919073070,PEP,2020 Intercensal,Population Estimate,2012
Stamford,127761,Town,0919073070,PEP,2020 Intercensal,Population Estimate,2013
Stamford,129851,Town,0919073070,PEP,2020 Intercensal,Population Estimate,2014
Stamford,130698,Town,0919073070,PEP,2020 Intercensal,Population Estimate,2015
Stamford,131805,Town,0919073070,PEP,2020 Intercensal,Population Estimate,2016
Stamford,133197,Town,0919073070,PEP,2020 Intercensal,Population Estimate,2017
Stamford,133620,Town,0919073070,PEP,2020 Intercensal,Population Estimate,2018
Stamford,133821,Town,0919073070,PEP,2020 Intercensal,Population Estimate,2019
Stamford,135458,Town,0919073070,PEP,2020 Intercensal,Population Estimate,2020
Sterling,3825,Town,0915073420,PEP,2020 Intercensal,Estimate Base,2010
Sterling,3820,Town,0915073420,PEP,2020 Intercensal,Population Estimate,2010
Sterling,3778,Town,0915073420,PEP,2020 Intercensal,Population Estimate,2011
Sterling,3748,Town,0915073420,PEP,2020 Intercensal,Population Estimate,2012
Sterling,3711,Town,0915073420,PEP,2020 Intercensal,Population Estimate,2013
Sterling,3673,Town,0915073420,PEP,2020 Intercensal,Population Estimate,2014
Sterling,3644,Town,0915073420,PEP,2020 Intercensal,Population Estimate,2015
Sterling,3615,Town,0915073420,PEP,2020 Intercensal,Population Estimate,2016
Sterling,3607,Town,0915073420,PEP,2020 Intercensal,Population Estimate,2017
Sterling,3621,Town,0915073420,PEP,2020 Intercensal,Population Estimate,2018
Sterling,3604,Town,0915073420,PEP,2020 Intercensal,Population Estimate,2019
Sterling,3577,Town,0915073420,PEP,2020 Intercensal,Population Estimate,2020
Stonington,18536,Town,0918073770,PEP,2020 Intercensal,Estimate Base,2010
Stonington,18518,Town,0918073770,PEP,2020 Intercensal,Population Estimate,2010
Stonington,18452,Town,0918073770,PEP,2020 Intercensal,Population Estimate,2011
Stonington,18483,Town,0918073770,PEP,2020 Intercensal,Population Estimate,2012
Stonington,18387,Town,0918073770,PEP,2020 Intercensal,Population Estimate,2013
Stonington,18289,Town,0918073770,PEP,2020 Intercensal,Population Estimate,2014
Stonington,18117,Town,0918073770,PEP,2020 Intercensal,Population Estimate,2015
Stonington,18402,Town,0918073770,PEP,2020 Intercensal,Population Estimate,2016
Stonington,18341,Town,0918073770,PEP,2020 Intercensal,Population Estimate,2017
Stonington,18241,Town,0918073770,PEP,2020 Intercensal,Population Estimate,2018
Stonington,18381,Town,0918073770,PEP,2020 Intercensal,Population Estimate,2019
Stonington,18342,Town,0918073770,PEP,2020 Intercensal,Population Estimate,2020
Stratford,51378,Town,0912074190,PEP,2020 Intercensal,Estimate Base,2010
Stratford,51456,Town,0912074190,PEP,2020 Intercensal,Population Estimate,2010
Stratford,51920,Town,0912074190,PEP,2020 Intercensal,Population Estimate,2011
Stratford,52295,Town,0912074190,PEP,2020 Intercensal,Population Estimate,2012
Stratford,52337,Town,0912074190,PEP,2020 Intercensal,Population Estimate,2013
Stratford,52949,Town,0912074190,PEP,2020 Intercensal,Population Estimate,2014
Stratford,52844,Town,0912074190,PEP,2020 Intercensal,Population Estimate,2015
Stratford,52649,Town,0912074190,PEP,2020 Intercensal,Population Estimate,2016
Stratford,52452,Town,0912074190,PEP,2020 Intercensal,Population Estimate,2017
Stratford,52560,Town,0912074190,PEP,2020 Intercensal,Population Estimate,2018
Stratford,52467,Town,0912074190,PEP,2020 Intercensal,Population Estimate,2019
Stratford,52364,Town,0912074190,PEP,2020 Intercensal,Population Estimate,2020
Suffield,15735,Town,0911074540,PEP,2020 Intercensal,Estimate Base,2010
Suffield,15764,Town,0911074540,PEP,2020 Intercensal,Population Estimate,2010
Suffield,15815,Town,0911074540,PEP,2020 Intercensal,Population Estimate,2011
Suffield,15575,Town,0911074540,PEP,2020 Intercensal,Population Estimate,2012
Suffield,15589,Town,0911074540,PEP,2020 Intercensal,Population Estimate,2013
Suffield,15606,Town,0911074540,PEP,2020 Intercensal,Population Estimate,2014
Suffield,15638,Town,0911074540,PEP,2020 Intercensal,Population Estimate,2015
Suffield,15607,Town,0911074540,PEP,2020 Intercensal,Population Estimate,2016
Suffield,15576,Town,0911074540,PEP,2020 Intercensal,Population Estimate,2017
Suffield,15663,Town,0911074540,PEP,2020 Intercensal,Population Estimate,2018
Suffield,15737,Town,0911074540,PEP,2020 Intercensal,Population Estimate,2019
Suffield,15759,Town,0911074540,PEP,2020 Intercensal,Population Estimate,2020
Thomaston,7892,Town,0914075730,PEP,2020 Intercensal,Estimate Base,2010
Thomaston,7885,Town,0914075730,PEP,2020 Intercensal,Population Estimate,2010
Thomaston,7848,Town,0914075730,PEP,2020 Intercensal,Population Estimate,2011
Thomaston,7786,Town,0914075730,PEP,2020 Intercensal,Population Estimate,2012
Thomaston,7746,Town,0914075730,PEP,2020 Intercensal,Population Estimate,2013
Thomaston,7674,Town,0914075730,PEP,2020 Intercensal,Population Estimate,2014
Thomaston,7617,Town,0914075730,PEP,2020 Intercensal,Population Estimate,2015
Thomaston,7570,Town,0914075730,PEP,2020 Intercensal,Population Estimate,2016
Thomaston,7539,Town,0914075730,PEP,2020 Intercensal,Population Estimate,2017
Thomaston,7509,Town,0914075730,PEP,2020 Intercensal,Population Estimate,2018
Thomaston,7464,Town,0914075730,PEP,2020 Intercensal,Population Estimate,2019
Thomaston,7443,Town,0914075730,PEP,2020 Intercensal,Population Estimate,2020
Thompson,9491,Town,0915075870,PEP,2020 Intercensal,Estimate Base,2010
Thompson,9485,Town,0915075870,PEP,2020 Intercensal,Population Estimate,2010
Thompson,9438,Town,0915075870,PEP,2020 Intercensal,Population Estimate,2011
Thompson,9382,Town,0915075870,PEP,2020 Intercensal,Population Estimate,2012
Thompson,9335,Town,0915075870,PEP,2020 Intercensal,Population Estimate,2013
Thompson,9259,Town,0915075870,PEP,2020 Intercensal,Population Estimate,2014
Thompson,9229,Town,0915075870,PEP,2020 Intercensal,Population Estimate,2015
Thompson,9196,Town,0915075870,PEP,2020 Intercensal,Population Estimate,2016
Thompson,9199,Town,0915075870,PEP,2020 Intercensal,Population Estimate,2017
Thompson,9254,Town,0915075870,PEP,2020 Intercensal,Population Estimate,2018
Thompson,9213,Town,0915075870,PEP,2020 Intercensal,Population Estimate,2019
Thompson,9188,Town,0915075870,PEP,2020 Intercensal,Population Estimate,2020
Tolland,15056,Town,0911076290,PEP,2020 Intercensal,Estimate Base,2010
Tolland,15054,Town,0911076290,PEP,2020 Intercensal,Population Estimate,2010
Tolland,15040,Town,0911076290,PEP,2020 Intercensal,Population Estimate,2011
Tolland,14975,Town,0911076290,PEP,2020 Intercensal,Population Estimate,2012
Tolland,14909,Town,0911076290,PEP,2020 Intercensal,Population Estimate,2013
Tolland,14859,Town,0911076290,PEP,2020 Intercensal,Population Estimate,2014
Tolland,14860,Town,0911076290,PEP,2020 Intercensal,Population Estimate,2015
Tolland,14757,Town,0911076290,PEP,2020 Intercensal,Population Estimate,2016
Tolland,14708,Town,0911076290,PEP,2020 Intercensal,Population Estimate,2017
Tolland,14674,Town,0911076290,PEP,2020 Intercensal,Population Estimate,2018
Tolland,14617,Town,0911076290,PEP,2020 Intercensal,Population Estimate,2019
Tolland,14574,Town,0911076290,PEP,2020 Intercensal,Population Estimate,2020
Torrington,36395,Town,0916076570,PEP,2020 Intercensal,Estimate Base,2010
Torrington,36400,Town,0916076570,PEP,2020 Intercensal,Population Estimate,2010
Torrington,36352,Town,0916076570,PEP,2020 Intercensal,Population Estimate,2011
Torrington,36179,Town,0916076570,PEP,2020 Intercensal,Population Estimate,2012
Torrington,36138,Town,0916076570,PEP,2020 Intercensal,Population Estimate,2013
Torrington,36002,Town,0916076570,PEP,2020 Intercensal,Population Estimate,2014
Torrington,35877,Town,0916076570,PEP,2020 Intercensal,Population Estimate,2015
Torrington,35726,Town,0916076570,PEP,2020 Intercensal,Population Estimate,2016
Torrington,35550,Town,0916076570,PEP,2020 Intercensal,Population Estimate,2017
Torrington,35536,Town,0916076570,PEP,2020 Intercensal,Population Estimate,2018
Torrington,35507,Town,0916076570,PEP,2020 Intercensal,Population Estimate,2019
Torrington,35507,Town,0916076570,PEP,2020 Intercensal,Population Estimate,2020
Trumbull,36012,Town,0912077200,PEP,2020 Intercensal,Estimate Base,2010
Trumbull,36084,Town,0912077200,PEP,2020 Intercensal,Population Estimate,2010
Trumbull,36472,Town,0912077200,PEP,2020 Intercensal,Population Estimate,2011
Trumbull,36820,Town,0912077200,PEP,2020 Intercensal,Population Estimate,2012
Trumbull,36947,Town,0912077200,PEP,2020 Intercensal,Population Estimate,2013
Trumbull,37173,Town,0912077200,PEP,2020 Intercensal,Population Estimate,2014
Trumbull,37121,Town,0912077200,PEP,2020 Intercensal,Population Estimate,2015
Trumbull,36942,Town,0912077200,PEP,2020 Intercensal,Population Estimate,2016
Trumbull,36903,Town,0912077200,PEP,2020 Intercensal,Population Estimate,2017
Trumbull,36920,Town,0912077200,PEP,2020 Intercensal,Population Estimate,2018
Trumbull,36927,Town,0912077200,PEP,2020 Intercensal,Population Estimate,2019
Trumbull,36835,Town,0912077200,PEP,2020 Intercensal,Population Estimate,2020
Union,851,Town,0915077830,PEP,2020 Intercensal,Estimate Base,2010
Union,851,Town,0915077830,PEP,2020 Intercensal,Population Estimate,2010
Union,840,Town,0915077830,PEP,2020 Intercensal,Population Estimate,2011
Union,836,Town,0915077830,PEP,2020 Intercensal,Population Estimate,2012
Union,828,Town,0915077830,PEP,2020 Intercensal,Population Estimate,2013
Union,820,Town,0915077830,PEP,2020 Intercensal,Population Estimate,2014
Union,814,Town,0915077830,PEP,2020 Intercensal,Population Estimate,2015
Union,801,Town,0915077830,PEP,2020 Intercensal,Population Estimate,2016
Union,792,Town,0915077830,PEP,2020 Intercensal,Population Estimate,2017
Union,789,Town,0915077830,PEP,2020 Intercensal,Population Estimate,2018
Union,784,Town,0915077830,PEP,2020 Intercensal,Population Estimate,2019
Union,783,Town,0915077830,PEP,2020 Intercensal,Population Estimate,2020
Vernon,29176,Town,0911078250,PEP,2020 Intercensal,Estimate Base,2010
Vernon,29190,Town,0911078250,PEP,2020 Intercensal,Population Estimate,2010
Vernon,29267,Town,0911078250,PEP,2020 Intercensal,Population Estimate,2011
Vernon,29372,Town,0911078250,PEP,2020 Intercensal,Population Estimate,2012
Vernon,29476,Town,0911078250,PEP,2020 Intercensal,Population Estimate,2013
Vernon,29465,Town,0911078250,PEP,2020 Intercensal,Population Estimate,2014
Vernon,29484,Town,0911078250,PEP,2020 Intercensal,Population Estimate,2015
Vernon,29669,Town,0911078250,PEP,2020 Intercensal,Population Estimate,2016
Vernon,29837,Town,0911078250,PEP,2020 Intercensal,Population Estimate,2017
Vernon,30012,Town,0911078250,PEP,2020 Intercensal,Population Estimate,2018
Vernon,30125,Town,0911078250,PEP,2020 Intercensal,Population Estimate,2019
Vernon,30211,Town,0911078250,PEP,2020 Intercensal,Population Estimate,2020
Voluntown,2603,Town,0915078600,PEP,2020 Intercensal,Estimate Base,2010
Voluntown,2605,Town,0915078600,PEP,2020 Intercensal,Population Estimate,2010
Voluntown,2605,Town,0915078600,PEP,2020 Intercensal,Population Estimate,2011
Voluntown,2618,Town,0915078600,PEP,2020 Intercensal,Population Estimate,2012
Voluntown,2613,Town,0915078600,PEP,2020 Intercensal,Population Estimate,2013
Voluntown,2601,Town,0915078600,PEP,2020 Intercensal,Population Estimate,2014
Voluntown,2588,Town,0915078600,PEP,2020 Intercensal,Population Estimate,2015
Voluntown,2588,Town,0915078600,PEP,2020 Intercensal,Population Estimate,2016
Voluntown,2594,Town,0915078600,PEP,2020 Intercensal,Population Estimate,2017
Voluntown,2588,Town,0915078600,PEP,2020 Intercensal,Population Estimate,2018
Voluntown,2575,Town,0915078600,PEP,2020 Intercensal,Population Estimate,2019
Voluntown,2568,Town,0915078600,PEP,2020 Intercensal,Population Estimate,2020
Wallingford,45138,Town,0917078740,PEP,2020 Intercensal,Estimate Base,2010
Wallingford,45166,Town,0917078740,PEP,2020 Intercensal,Population Estimate,2010
Wallingford,45197,Town,0917078740,PEP,2020 Intercensal,Population Estimate,2011
Wallingford,45281,Town,0917078740,PEP,2020 Intercensal,Population Estimate,2012
Wallingford,45262,Town,0917078740,PEP,2020 Intercensal,Population Estimate,2013
Wallingford,45237,Town,0917078740,PEP,2020 Intercensal,Population Estimate,2014
Wallingford,45037,Town,0917078740,PEP,2020 Intercensal,Population Estimate,2015
Wallingford,44814,Town,0917078740,PEP,2020 Intercensal,Population Estimate,2016
Wallingford,44746,Town,0917078740,PEP,2020 Intercensal,Population Estimate,2017
Wallingford,44727,Town,0917078740,PEP,2020 Intercensal,Population Estimate,2018
Wallingford,44503,Town,0917078740,PEP,2020 Intercensal,Population Estimate,2019
Wallingford,44389,Town,0917078740,PEP,2020 Intercensal,Population Estimate,2020
Warren,1461,Town,0916079510,PEP,2020 Intercensal,Estimate Base,2010
Warren,1459,Town,0916079510,PEP,2020 Intercensal,Population Estimate,2010
Warren,1452,Town,0916079510,PEP,2020 Intercensal,Population Estimate,2011
Warren,1437,Town,0916079510,PEP,2020 Intercensal,Population Estimate,2012
Warren,1432,Town,0916079510,PEP,2020 Intercensal,Population Estimate,2013
Warren,1416,Town,0916079510,PEP,2020 Intercensal,Population Estimate,2014
Warren,1401,Town,0916079510,PEP,2020 Intercensal,Population Estimate,2015
Warren,1388,Town,0916079510,PEP,2020 Intercensal,Population Estimate,2016
Warren,1375,Town,0916079510,PEP,2020 Intercensal,Population Estimate,2017
Warren,1364,Town,0916079510,PEP,2020 Intercensal,Population Estimate,2018
Warren,1355,Town,0916079510,PEP,2020 Intercensal,Population Estimate,2019
Warren,1347,Town,0916079510,PEP,2020 Intercensal,Population Estimate,2020
Washington,3578,Town,0916079720,PEP,2020 Intercensal,Estimate Base,2010
Washington,3582,Town,0916079720,PEP,2020 Intercensal,Population Estimate,2010
Washington,3589,Town,0916079720,PEP,2020 Intercensal,Population Estimate,2011
Washington,3590,Town,0916079720,PEP,2020 Intercensal,Population Estimate,2012
Washington,3599,Town,0916079720,PEP,2020 Intercensal,Population Estimate,2013
Washington,3595,Town,0916079720,PEP,2020 Intercensal,Population Estimate,2014
Washington,3602,Town,0916079720,PEP,2020 Intercensal,Population Estimate,2015
Washington,3603,Town,0916079720,PEP,2020 Intercensal,Population Estimate,2016
Washington,3605,Town,0916079720,PEP,2020 Intercensal,Population Estimate,2017
Washington,3619,Town,0916079720,PEP,2020 Intercensal,Population Estimate,2018
Washington,3632,Town,0916079720,PEP,2020 Intercensal,Population Estimate,2019
Washington,3645,Town,0916079720,PEP,2020 Intercensal,Population Estimate,2020
Waterbury,110305,Town,0914080070,PEP,2020 Intercensal,Estimate Base,2010
Waterbury,110531,Town,0914080070,PEP,2020 Intercensal,Population Estimate,2010
Waterbury,110999,Town,0914080070,PEP,2020 Intercensal,Population Estimate,2011
Waterbury,111689,Town,0914080070,PEP,2020 Intercensal,Population Estimate,2012
Waterbury,112145,Town,0914080070,PEP,2020 Intercensal,Population Estimate,2013
Waterbury,112679,Town,0914080070,PEP,2020 Intercensal,Population Estimate,2014
Waterbury,112891,Town,0914080070,PEP,2020 Intercensal,Population Estimate,2015
Waterbury,113079,Town,0914080070,PEP,2020 Intercensal,Population Estimate,2016
Waterbury,113621,Town,0914080070,PEP,2020 Intercensal,Population Estimate,2017
Waterbury,114180,Town,0914080070,PEP,2020 Intercensal,Population Estimate,2018
Waterbury,114249,Town,0914080070,PEP,2020 Intercensal,Population Estimate,2019
Waterbury,114411,Town,0914080070,PEP,2020 Intercensal,Population Estimate,2020
Waterford,19514,Town,0918080280,PEP,2020 Intercensal,Estimate Base,2010
Waterford,19515,Town,0918080280,PEP,2020 Intercensal,Population Estimate,2010
Waterford,19563,Town,0918080280,PEP,2020 Intercensal,Population Estimate,2011
Waterford,19670,Town,0918080280,PEP,2020 Intercensal,Population Estimate,2012
Waterford,19633,Town,0918080280,PEP,2020 Intercensal,Population Estimate,2013
Waterford,19587,Town,0918080280,PEP,2020 Intercensal,Population Estimate,2014
Waterford,19488,Town,0918080280,PEP,2020 Intercensal,Population Estimate,2015
Waterford,19440,Town,0918080280,PEP,2020 Intercensal,Population Estimate,2016
Waterford,19473,Town,0918080280,PEP,2020 Intercensal,Population Estimate,2017
Waterford,19501,Town,0918080280,PEP,2020 Intercensal,Population Estimate,2018
Waterford,19443,Town,0918080280,PEP,2020 Intercensal,Population Estimate,2019
Waterford,19563,Town,0918080280,PEP,2020 Intercensal,Population Estimate,2020
Watertown,22541,Town,0914080490,PEP,2020 Intercensal,Estimate Base,2010
Watertown,22546,Town,0914080490,PEP,2020 Intercensal,Population Estimate,2010
Watertown,22523,Town,0914080490,PEP,2020 Intercensal,Population Estimate,2011
Watertown,22432,Town,0914080490,PEP,2020 Intercensal,Population Estimate,2012
Watertown,22424,Town,0914080490,PEP,2020 Intercensal,Population Estimate,2013
Watertown,22332,Town,0914080490,PEP,2020 Intercensal,Population Estimate,2014
Watertown,22289,Town,0914080490,PEP,2020 Intercensal,Population Estimate,2015
Watertown,22185,Town,0914080490,PEP,2020 Intercensal,Population Estimate,2016
Watertown,22130,Town,0914080490,PEP,2020 Intercensal,Population Estimate,2017
Watertown,22123,Town,0914080490,PEP,2020 Intercensal,Population Estimate,2018
Watertown,22110,Town,0914080490,PEP,2020 Intercensal,Population Estimate,2019
Watertown,22114,Town,0914080490,PEP,2020 Intercensal,Population Estimate,2020
West Hartford,63299,Town,0911082590,PEP,2020 Intercensal,Estimate Base,2010
West Hartford,63487,Town,0911082590,PEP,2020 Intercensal,Population Estimate,2010
West Hartford,63607,Town,0911082590,PEP,2020 Intercensal,Population Estimate,2011
West Hartford,63817,Town,0911082590,PEP,2020 Intercensal,Population Estimate,2012
West Hartford,63876,Town,0911082590,PEP,2020 Intercensal,Population Estimate,2013
West Hartford,63840,Town,0911082590,PEP,2020 Intercensal,Population Estimate,2014
West Hartford,63888,Town,0911082590,PEP,2020 Intercensal,Population Estimate,2015
West Hartford,63915,Town,0911082590,PEP,2020 Intercensal,Population Estimate,2016
West Hartford,63856,Town,0911082590,PEP,2020 Intercensal,Population Estimate,2017
West Hartford,64011,Town,0911082590,PEP,2020 Intercensal,Population Estimate,2018
West Hartford,64012,Town,0911082590,PEP,2020 Intercensal,Population Estimate,2019
West Hartford,64087,Town,0911082590,PEP,2020 Intercensal,Population Estimate,2020
West Haven,55564,Town,0917082870,PEP,2020 Intercensal,Estimate Base,2010
West Haven,55599,Town,0917082870,PEP,2020 Intercensal,Population Estimate,2010
West Haven,55656,Town,0917082870,PEP,2020 Intercensal,Population Estimate,2011
West Haven,55547,Town,0917082870,PEP,2020 Intercensal,Population Estimate,2012
West Haven,55510,Town,0917082870,PEP,2020 Intercensal,Population Estimate,2013
West Haven,55783,Town,0917082870,PEP,2020 Intercensal,Population Estimate,2014
West Haven,55485,Town,0917082870,PEP,2020 Intercensal,Population Estimate,2015
West Haven,55364,Town,0917082870,PEP,2020 Intercensal,Population Estimate,2016
West Haven,55665,Town,0917082870,PEP,2020 Intercensal,Population Estimate,2017
West Haven,55822,Town,0917082870,PEP,2020 Intercensal,Population Estimate,2018
West Haven,55605,Town,0917082870,PEP,2020 Intercensal,Population Estimate,2019
West Haven,55581,Town,0917082870,PEP,2020 Intercensal,Population Estimate,2020
Westbrook,6935,Town,0913081680,PEP,2020 Intercensal,Estimate Base,2010
Westbrook,6927,Town,0913081680,PEP,2020 Intercensal,Population Estimate,2010
Westbrook,6929,Town,0913081680,PEP,2020 Intercensal,Population Estimate,2011
Westbrook,6889,Town,0913081680,PEP,2020 Intercensal,Population Estimate,2012
Westbrook,6877,Town,0913081680,PEP,2020 Intercensal,Population Estimate,2013
Westbrook,6857,Town,0913081680,PEP,2020 Intercensal,Population Estimate,2014
Westbrook,6841,Town,0913081680,PEP,2020 Intercensal,Population Estimate,2015
Westbrook,6870,Town,0913081680,PEP,2020 Intercensal,Population Estimate,2016
Westbrook,6854,Town,0913081680,PEP,2020 Intercensal,Population Estimate,2017
Westbrook,6830,Town,0913081680,PEP,2020 Intercensal,Population Estimate,2018
Westbrook,6794,Town,0913081680,PEP,2020 Intercensal,Population Estimate,2019
Westbrook,6770,Town,0913081680,PEP,2020 Intercensal,Population Estimate,2020
Western Connecticut Planning Region,589161,Planning Region,09190,PEP,2020 Intercensal,Estimate Base,2010
Western Connecticut Planning Region,590740,Planning Region,09190,PEP,2020 Intercensal,Population Estimate,2010
Western Connecticut Planning Region,597213,Planning Region,09190,PEP,2020 Intercensal,Population Estimate,2011
Western Connecticut Planning Region,602772,Planning Region,09190,PEP,2020 Intercensal,Population Estimate,2012
Western Connecticut Planning Region,607048,Planning Region,09190,PEP,2020 Intercensal,Population Estimate,2013
Western Connecticut Planning Region,610733,Planning Region,09190,PEP,2020 Intercensal,Population Estimate,2014
Western Connecticut Planning Region,613237,Planning Region,09190,PEP,2020 Intercensal,Population Estimate,2015
Western Connecticut Planning Region,615373,Planning Region,09190,PEP,2020 Intercensal,Population Estimate,2016
Western Connecticut Planning Region,616349,Planning Region,09190,PEP,2020 Intercensal,Population Estimate,2017
Western Connecticut Planning Region,618951,Planning Region,09190,PEP,2020 Intercensal,Population Estimate,2018
Western Connecticut Planning Region,619555,Planning Region,09190,PEP,2020 Intercensal,Population Estimate,2019
Western Connecticut Planning Region,620542,Planning Region,09190,PEP,2020 Intercensal,Population Estimate,2020
Weston,10191,Town,0919083430,PEP,2020 Intercensal,Estimate Base,2010
Weston,10206,Town,0919083430,PEP,2020 Intercensal,Population Estimate,2010
Weston,10314,Town,0919083430,PEP,2020 Intercensal,Population Estimate,2011
Weston,10391,Town,0919083430,PEP,2020 Intercensal,Population Estimate,2012
Weston,10411,Town,0919083430,PEP,2020 Intercensal,Population Estimate,2013
Weston,10428,Town,0919083430,PEP,2020 Intercensal,Population Estimate,2014
Weston,10425,Town,0919083430,PEP,2020 Intercensal,Population Estimate,2015
Weston,10384,Town,0919083430,PEP,2020 Intercensal,Population Estimate,2016
Weston,10372,Town,0919083430,PEP,2020 Intercensal,Population Estimate,2017
Weston,10383,Town,0919083430,PEP,2020 Intercensal,Population Estimate,2018
Weston,10385,Town,0919083430,PEP,2020 Intercensal,Population Estimate,2019
Weston,10355,Town,0919083430,PEP,2020 Intercensal,Population Estimate,2020
Westport,26404,Town,0919083500,PEP,2020 Intercensal,Estimate Base,2010
Westport,26419,Town,0919083500,PEP,2020 Intercensal,Population Estimate,2010
Westport,26622,Town,0919083500,PEP,2020 Intercensal,Population Estimate,2011
Westport,26817,Town,0919083500,PEP,2020 Intercensal,Population Estimate,2012
Westport,26900,Town,0919083500,PEP,2020 Intercensal,Population Estimate,2013
Westport,26972,Town,0919083500,PEP,2020 Intercensal,Population Estimate,2014
Westport,27133,Town,0919083500,PEP,2020 Intercensal,Population Estimate,2015
Westport,27040,Town,0919083500,PEP,2020 Intercensal,Population Estimate,2016
Westport,26887,Town,0919083500,PEP,2020 Intercensal,Population Estimate,2017
Westport,27067,Town,0919083500,PEP,2020 Intercensal,Population Estimate,2018
Westport,27295,Town,0919083500,PEP,2020 Intercensal,Population Estimate,2019
Westport,27142,Town,0919083500,PEP,2020 Intercensal,Population Estimate,2020
Wethersfield,26668,Town,0911084900,PEP,2020 Intercensal,Estimate Base,2010
Wethersfield,26705,Town,0911084900,PEP,2020 Intercensal,Population Estimate,2010
Wethersfield,26890,Town,0911084900,PEP,2020 Intercensal,Population Estimate,2011
Wethersfield,26867,Town,0911084900,PEP,2020 Intercensal,Population Estimate,2012
Wethersfield,26950,Town,0911084900,PEP,2020 Intercensal,Population Estimate,2013
Wethersfield,27039,Town,0911084900,PEP,2020 Intercensal,Population Estimate,2014
Wethersfield,27110,Town,0911084900,PEP,2020 Intercensal,Population Estimate,2015
Wethersfield,27126,Town,0911084900,PEP,2020 Intercensal,Population Estimate,2016
Wethersfield,27143,Town,0911084900,PEP,2020 Intercensal,Population Estimate,2017
Wethersfield,27252,Town,0911084900,PEP,2020 Intercensal,Population Estimate,2018
Wethersfield,27275,Town,0911084900,PEP,2020 Intercensal,Population Estimate,2019
Wethersfield,27309,Town,0911084900,PEP,2020 Intercensal,Population Estimate,2020
Willington,6035,Town,0911085950,PEP,2020 Intercensal,Estimate Base,2010
Willington,6032,Town,0911085950,PEP,2020 Intercensal,Population Estimate,2010
Willington,5994,Town,0911085950,PEP,2020 Intercensal,Population Estimate,2011
Willington,5933,Town,0911085950,PEP,2020 Intercensal,Population Estimate,2012
Willington,5876,Town,0911085950,PEP,2020 Intercensal,Population Estimate,2013
Willington,5819,Town,0911085950,PEP,2020 Intercensal,Population Estimate,2014
Willington,5778,Town,0911085950,PEP,2020 Intercensal,Population Estimate,2015
Willington,5704,Town,0911085950,PEP,2020 Intercensal,Population Estimate,2016
Willington,5711,Town,0911085950,PEP,2020 Intercensal,Population Estimate,2017
Willington,5665,Town,0911085950,PEP,2020 Intercensal,Population Estimate,2018
Willington,5611,Town,0911085950,PEP,2020 Intercensal,Population Estimate,2019
Willington,5565,Town,0911085950,PEP,2020 Intercensal,Population Estimate,2020
Wilton,18032,Town,0919086370,PEP,2020 Intercensal,Estimate Base,2010
Wilton,18062,Town,0919086370,PEP,2020 Intercensal,Population Estimate,2010
Wilton,18503,Town,0919086370,PEP,2020 Intercensal,Population Estimate,2011
Wilton,18664,Town,0919086370,PEP,2020 Intercensal,Population Estimate,2012
Wilton,18684,Town,0919086370,PEP,2020 Intercensal,Population Estimate,2013
Wilton,18736,Town,0919086370,PEP,2020 Intercensal,Population Estimate,2014
Wilton,18767,Town,0919086370,PEP,2020 Intercensal,Population Estimate,2015
Wilton,18691,Town,0919086370,PEP,2020 Intercensal,Population Estimate,2016
Wilton,18629,Town,0919086370,PEP,2020 Intercensal,Population Estimate,2017
Wilton,18623,Town,0919086370,PEP,2020 Intercensal,Population Estimate,2018
Wilton,18585,Town,0919086370,PEP,2020 Intercensal,Population Estimate,2019
Wilton,18511,Town,0919086370,PEP,2020 Intercensal,Population Estimate,2020
Winchester,11248,Town,0916086440,PEP,2020 Intercensal,Estimate Base,2010
Winchester,11231,Town,0916086440,PEP,2020 Intercensal,Population Estimate,2010
Winchester,11142,Town,0916086440,PEP,2020 Intercensal,Population Estimate,2011
Winchester,11010,Town,0916086440,PEP,2020 Intercensal,Population Estimate,2012
Winchester,10922,Town,0916086440,PEP,2020 Intercensal,Population Estimate,2013
Winchester,10830,Town,0916086440,PEP,2020 Intercensal,Population Estimate,2014
Winchester,10713,Town,0916086440,PEP,2020 Intercensal,Population Estimate,2015
Winchester,10586,Town,0916086440,PEP,2020 Intercensal,Population Estimate,2016
Winchester,10468,Town,0916086440,PEP,2020 Intercensal,Population Estimate,2017
Winchester,10383,Town,0916086440,PEP,2020 Intercensal,Population Estimate,2018
Winchester,10290,Town,0916086440,PEP,2020 Intercensal,Population Estimate,2019
Winchester,10227,Town,0916086440,PEP,2020 Intercensal,Population Estimate,2020
Windham,25211,Town,0918086790,PEP,2020 Intercensal,Estimate Base,2010
Windham,25372,Town,0918086790,PEP,2020 Intercensal,Population Estimate,2010
Windham,25354,Town,0918086790,PEP,2020 Intercensal,Population Estimate,2011
Windham,25265,Town,0918086790,PEP,2020 Intercensal,Population Estimate,2012
Windham,25090,Town,0918086790,PEP,2020 Intercensal,Population Estimate,2013
Windham,24804,Town,0918086790,PEP,2020 Intercensal,Population Estimate,2014
Windham,24715,Town,0918086790,PEP,2020 Intercensal,Population Estimate,2015
Windham,24617,Town,0918086790,PEP,2020 Intercensal,Population Estimate,2016
Windham,24598,Town,0918086790,PEP,2020 Intercensal,Population Estimate,2017
Windham,24649,Town,0918086790,PEP,2020 Intercensal,Population Estimate,2018
Windham,24514,Town,0918086790,PEP,2020 Intercensal,Population Estimate,2019
Windham,24424,Town,0918086790,PEP,2020 Intercensal,Population Estimate,2020
Windsor,29060,Town,0911087000,PEP,2020 Intercensal,Estimate Base,2010
Windsor,29132,Town,0911087000,PEP,2020 Intercensal,Population Estimate,2010
Windsor,29256,Town,0911087000,PEP,2020 Intercensal,Population Estimate,2011
Windsor,29338,Town,0911087000,PEP,2020 Intercensal,Population Estimate,2012
Windsor,29393,Town,0911087000,PEP,2020 Intercensal,Population Estimate,2013
Windsor,29395,Town,0911087000,PEP,2020 Intercensal,Population Estimate,2014
Windsor,29445,Town,0911087000,PEP,2020 Intercensal,Population Estimate,2015
Windsor,29437,Town,0911087000,PEP,2020 Intercensal,Population Estimate,2016
Windsor,29412,Town,0911087000,PEP,2020 Intercensal,Population Estimate,2017
Windsor,29480,Town,0911087000,PEP,2020 Intercensal,Population Estimate,2018
Windsor,29469,Town,0911087000,PEP,2020 Intercensal,Population Estimate,2019
Windsor,29488,Town,0911087000,PEP,2020 Intercensal,Population Estimate,2020
Windsor Locks,12498,Town,0911087070,PEP,2020 Intercensal,Estimate Base,2010
Windsor Locks,12500,Town,0911087070,PEP,2020 Intercensal,Population Estimate,2010
Windsor Locks,12524,Town,0911087070,PEP,2020 Intercensal,Population Estimate,2011
Windsor Locks,12518,Town,0911087070,PEP,2020 Intercensal,Population Estimate,2012
Windsor Locks,12501,Town,0911087070,PEP,2020 Intercensal,Population Estimate,2013
Windsor Locks,12477,Town,0911087070,PEP,2020 Intercensal,Population Estimate,2014
Windsor Locks,12443,Town,0911087070,PEP,2020 Intercensal,Population Estimate,2015
Windsor Locks,12415,Town,0911087070,PEP,2020 Intercensal,Population Estimate,2016
Windsor Locks,12381,Town,0911087070,PEP,2020 Intercensal,Population Estimate,2017
Windsor Locks,12726,Town,0911087070,PEP,2020 Intercensal,Population Estimate,2018
Windsor Locks,12657,Town,0911087070,PEP,2020 Intercensal,Population Estimate,2019
Windsor Locks,12610,Town,0911087070,PEP,2020 Intercensal,Population Estimate,2020
Wolcott,16703,Town,0914087560,PEP,2020 Intercensal,Estimate Base,2010
Wolcott,16704,Town,0914087560,PEP,2020 Intercensal,Population Estimate,2010
Wolcott,16684,Town,0914087560,PEP,2020 Intercensal,Population Estimate,2011
Wolcott,16667,Town,0914087560,PEP,2020 Intercensal,Population Estimate,2012
Wolcott,16593,Town,0914087560,PEP,2020 Intercensal,Population Estimate,2013
Wolcott,16543,Town,0914087560,PEP,2020 Intercensal,Population Estimate,2014
Wolcott,16450,Town,0914087560,PEP,2020 Intercensal,Population Estimate,2015
Wolcott,16364,Town,0914087560,PEP,2020 Intercensal,Population Estimate,2016
Wolcott,16336,Town,0914087560,PEP,2020 Intercensal,Population Estimate,2017
Wolcott,16299,Town,0914087560,PEP,2020 Intercensal,Population Estimate,2018
Wolcott,16180,Town,0914087560,PEP,2020 Intercensal,Population Estimate,2019
Wolcott,16154,Town,0914087560,PEP,2020 Intercensal,Population Estimate,2020
Woodbridge,8983,Town,0917087700,PEP,2020 Intercensal,Estimate Base,2010
Woodbridge,8997,Town,0917087700,PEP,2020 Intercensal,Population Estimate,2010
Woodbridge,9013,Town,0917087700,PEP,2020 Intercensal,Population Estimate,2011
Woodbridge,9055,Town,0917087700,PEP,2020 Intercensal,Population Estimate,2012
Woodbridge,9069,Town,0917087700,PEP,2020 Intercensal,Population Estimate,2013
Woodbridge,9089,Town,0917087700,PEP,2020 Intercensal,Population Estimate,2014
Woodbridge,9078,Town,0917087700,PEP,2020 Intercensal,Population Estimate,2015
Woodbridge,9074,Town,0917087700,PEP,2020 Intercensal,Population Estimate,2016
Woodbridge,9088,Town,0917087700,PEP,2020 Intercensal,Population Estimate,2017
Woodbridge,9110,Town,0917087700,PEP,2020 Intercensal,Population Estimate,2018
Woodbridge,9086,Town,0917087700,PEP,2020 Intercensal,Population Estimate,2019
Woodbridge,9088,Town,0917087700,PEP,2020 Intercensal,Population Estimate,2020
Woodbury,9978,Town,0914087910,PEP,2020 Intercensal,Estimate Base,2010
Woodbury,9979,Town,0914087910,PEP,2020 Intercensal,Population Estimate,2010
Woodbury,9955,Town,0914087910,PEP,2020 Intercensal,Population Estimate,2011
Woodbury,9910,Town,0914087910,PEP,2020 Intercensal,Population Estimate,2012
Woodbury,9895,Town,0914087910,PEP,2020 Intercensal,Population Estimate,2013
Woodbury,9845,Town,0914087910,PEP,2020 Intercensal,Population Estimate,2014
Woodbury,9798,Town,0914087910,PEP,2020 Intercensal,Population Estimate,2015
Woodbury,9756,Town,0914087910,PEP,2020 Intercensal,Population Estimate,2016
Woodbury,9725,Town,0914087910,PEP,2020 Intercensal,Population Estimate,2017
Woodbury,9753,Town,0914087910,PEP,2020 Intercensal,Population Estimate,2018
Woodbury,9741,Town,0914087910,PEP,2020 Intercensal,Population Estimate,2019
Woodbury,9727,Town,0914087910,PEP,2020 Intercensal,Population Estimate,2020
Woodstock,7964,Town,0915088190,PEP,2020 Intercensal,Estimate Base,2010
Woodstock,7972,Town,0915088190,PEP,2020 Intercensal,Population Estimate,2010
Woodstock,7995,Town,0915088190,PEP,2020 Intercensal,Population Estimate,2011
Woodstock,7992,Town,0915088190,PEP,2020 Intercensal,Population Estimate,2012
Woodstock,8009,Town,0915088190,PEP,2020 Intercensal,Population Estimate,2013
Woodstock,8007,Town,0915088190,PEP,2020 Intercensal,Population Estimate,2014
Woodstock,8025,Town,0915088190,PEP,2020 Intercensal,Population Estimate,2015
Woodstock,8051,Town,0915088190,PEP,2020 Intercensal,Population Estimate,2016
Woodstock,8110,Town,0915088190,PEP,2020 Intercensal,Population Estimate,2017
Woodstock,8200,Town,0915088190,PEP,2020 Intercensal,Population Estimate,2018
Woodstock,8223,Town,0915088190,PEP,2020 Intercensal,Population Estimate,2019
Woodstock,8229,Town,0915088190,PEP,2020 Intercensal,Population Estimate,2020
Andover,3132,Town,0911001080,PEP,2021,Estimate Base,2020
Andover,3130,Town,0911001080,PEP,2021,Population Estimate,2020
Andover,3133,Town,0911001080,PEP,2021,Population Estimate,2021
Ansonia,18929,Town,0914001220,PEP,2021,Estimate Base,2020
Ansonia,18880,Town,0914001220,PEP,2021,Population Estimate,2020
Ansonia,18815,Town,0914001220,PEP,2021,Population Estimate,2021
Ashford,4190,Town,0915001430,PEP,2021,Estimate Base,2020
Ashford,4183,Town,0915001430,PEP,2021,Population Estimate,2020
Ashford,4186,Town,0915001430,PEP,2021,Population Estimate,2021
Avon,18926,Town,0911002060,PEP,2021,Estimate Base,2020
Avon,18890,Town,0911002060,PEP,2021,Population Estimate,2020
Avon,18848,Town,0911002060,PEP,2021,Population Estimate,2021
Barkhamsted,3657,Town,0916002760,PEP,2021,Estimate Base,2020
Barkhamsted,3652,Town,0916002760,PEP,2021,Population Estimate,2020
Barkhamsted,3647,Town,0916002760,PEP,2021,Population Estimate,2021
Beacon Falls,6007,Town,0914003250,PEP,2021,Estimate Base,2020
Beacon Falls,6004,Town,0914003250,PEP,2021,Population Estimate,2020
Beacon Falls,6033,Town,0914003250,PEP,2021,Population Estimate,2021
Berlin,20149,Town,0911004300,PEP,2021,Estimate Base,2020
Berlin,20117,Town,0911004300,PEP,2021,Population Estimate,2020
Berlin,20113,Town,0911004300,PEP,2021,Population Estimate,2021
Bethany,5300,Town,0917004580,PEP,2021,Estimate Base,2020
Bethany,5289,Town,0917004580,PEP,2021,Population Estimate,2020
Bethany,5288,Town,0917004580,PEP,2021,Population Estimate,2021
Bethel,20360,Town,0919004720,PEP,2021,Estimate Base,2020
Bethel,20348,Town,0919004720,PEP,2021,Population Estimate,2020
Bethel,20537,Town,0919004720,PEP,2021,Population Estimate,2021
Bethlehem,3389,Town,0914004930,PEP,2021,Estimate Base,2020
Bethlehem,3384,Town,0914004930,PEP,2021,Population Estimate,2020
Bethlehem,3386,Town,0914004930,PEP,2021,Population Estimate,2021
Bloomfield,21530,Town,0911005910,PEP,2021,Estimate Base,2020
Bloomfield,21499,Town,0911005910,PEP,2021,Population Estimate,2020
Bloomfield,21480,Town,0911005910,PEP,2021,Population Estimate,2021
Bolton,4834,Town,0911006260,PEP,2021,Estimate Base,2020
Bolton,4823,Town,0911006260,PEP,2021,Population Estimate,2020
Bolton,4819,Town,0911006260,PEP,2021,Population Estimate,2021
Bozrah,2421,Town,0918006820,PEP,2021,Estimate Base,2020
Bozrah,2416,Town,0918006820,PEP,2021,Population Estimate,2020
Bozrah,2417,Town,0918006820,PEP,2021,Population Estimate,2021
Branford,28276,Town,0917007310,PEP,2021,Estimate Base,2020
Branford,28214,Town,0917007310,PEP,2021,Population Estimate,2020
Branford,28176,Town,0917007310,PEP,2021,Population Estimate,2021
Bridgeport,148692,Town,0912008070,PEP,2021,Estimate Base,2020
Bridgeport,148271,Town,0912008070,PEP,2021,Population Estimate,2020
Bridgeport,148333,Town,0912008070,PEP,2021,Population Estimate,2021
Bridgewater,1661,Town,0919008210,PEP,2021,Estimate Base,2020
Bridgewater,1660,Town,0919008210,PEP,2021,Population Estimate,2020
Bridgewater,1658,Town,0919008210,PEP,2021,Population Estimate,2021
Bristol,60783,Town,0914008490,PEP,2021,Estimate Base,2020
Bristol,60665,Town,0914008490,PEP,2021,Population Estimate,2020
Bristol,60661,Town,0914008490,PEP,2021,Population Estimate,2021
Brookfield,17517,Town,0919008980,PEP,2021,Estimate Base,2020
Brookfield,17472,Town,0919008980,PEP,2021,Population Estimate,2020
Brookfield,17482,Town,0919008980,PEP,2021,Population Estimate,2021
Brooklyn,8453,Town,0915009190,PEP,2021,Estimate Base,2020
Brooklyn,8443,Town,0915009190,PEP,2021,Population Estimate,2020
Brooklyn,8488,Town,0915009190,PEP,2021,Population Estimate,2021
Burlington,9498,Town,0916010100,PEP,2021,Estimate Base,2020
Burlington,9501,Town,0916010100,PEP,2021,Population Estimate,2020
Burlington,9591,Town,0916010100,PEP,2021,Population Estimate,2021
Canaan,1081,Town,0916010940,PEP,2021,Estimate Base,2020
Canaan,1078,Town,0916010940,PEP,2021,Population Estimate,2020
Canaan,1078,Town,0916010940,PEP,2021,Population Estimate,2021
Canterbury,5039,Town,0915012130,PEP,2021,Estimate Base,2020
Canterbury,5038,Town,0915012130,PEP,2021,Population Estimate,2020
Canterbury,5060,Town,0915012130,PEP,2021,Population Estimate,2021
Canton,10115,Town,0911012270,PEP,2021,Estimate Base,2020
Canton,10098,Town,0911012270,PEP,2021,Population Estimate,2020
Canton,10083,Town,0911012270,PEP,2021,Population Estimate,2021
Capitol Planning Region,976330,Planning Region,09110,PEP,2021,Estimate Base,2020
Capitol Planning Region,974745,Planning Region,09110,PEP,2021,Population Estimate,2020
Capitol Planning Region,974223,Planning Region,09110,PEP,2021,Population Estimate,2021
Chaplin,2151,Town,0915013810,PEP,2021,Estimate Base,2020
Chaplin,2147,Town,0915013810,PEP,2021,Population Estimate,2020
Chaplin,2143,Town,0915013810,PEP,2021,Population Estimate,2021
Cheshire,28702,Town,0914014160,PEP,2021,Estimate Base,2020
Cheshire,28644,Town,0914014160,PEP,2021,Population Estimate,2020
Cheshire,28628,Town,0914014160,PEP,2021,Population Estimate,2021
Chester,3752,Town,0913014300,PEP,2021,Estimate Base,2020
Chester,3743,Town,0913014300,PEP,2021,Population Estimate,2020
Chester,3752,Town,0913014300,PEP,2021,Population Estimate,2021
Clinton,13256,Town,0913015350,PEP,2021,Estimate Base,2020
Clinton,13236,Town,0913015350,PEP,2021,Population Estimate,2020
Clinton,13400,Town,0913015350,PEP,2021,Population Estimate,2021
Colchester,15507,Town,0918015910,PEP,2021,Estimate Base,2020
Colchester,15479,Town,0918015910,PEP,2021,Population Estimate,2020
Colchester,15501,Town,0918015910,PEP,2021,Population Estimate,2021
Colebrook,1359,Town,0916016050,PEP,2021,Estimate Base,2020
Colebrook,1357,Town,0916016050,PEP,2021,Population Estimate,2020
Colebrook,1357,Town,0916016050,PEP,2021,Population Estimate,2021
Columbia,5255,Town,0911016400,PEP,2021,Estimate Base,2020
Columbia,5243,Town,0911016400,PEP,2021,Population Estimate,2020
Columbia,5246,Town,0911016400,PEP,2021,Population Estimate,2021
Connecticut,3605944,State,09,PEP,2021,Estimate Base,2020
Connecticut,3600260,State,09,PEP,2021,Population Estimate,2020
Connecticut,3605597,State,09,PEP,2021,Population Estimate,2021
Connecticut,-5684,State,09,PEP,2021,Population Change (#),2020
Connecticut,5337,State,09,PEP,2021,Population Change (#),2021
Connecticut,8290,State,09,PEP,2021,Births,2020
Connecticut,32671,State,09,PEP,2021,Births,2021
Connecticut,9428,State,09,PEP,2021,Deaths,2020
Connecticut,37646,State,09,PEP,2021,Deaths,2021
Connecticut,-1138,State,09,PEP,2021,Natural Change,2020
Connecticut,-4975,State,09,PEP,2021,Natural Change,2021
Connecticut,413,State,09,PEP,2021,International Migration,2020
Connecticut,4583,State,09,PEP,2021,International Migration,2021
Connecticut,-4908,State,09,PEP,2021,Domestic Migration,2020
Connecticut,5134,State,09,PEP,2021,Domestic Migration,2021
Connecticut,-51,State,09,PEP,2021,Residual,2020
Connecticut,595,State,09,PEP,2021,Residual,2021
Connecticut,9.067901292,State,09,PEP,2021,Birth Rate,2021
Connecticut,10.44872248,State,09,PEP,2021,Death Rate,2021
Connecticut,-1.380821185,State,09,PEP,2021,Natural Change Rate,2021
Connecticut,1.272020802,State,09,PEP,2021,International Migration Rate,2021
Connecticut,1.424951952,State,09,PEP,2021,Domestic Migration Rate,2021
Cornwall,1575,Town,0916017240,PEP,2021,Estimate Base,2020
Cornwall,1574,Town,0916017240,PEP,2021,Population Estimate,2020
Cornwall,1571,Town,0916017240,PEP,2021,Population Estimate,2021
Coventry,12174,Town,0911017800,PEP,2021,Estimate Base,2020
Coventry,12158,Town,0911017800,PEP,2021,Population Estimate,2020
Coventry,12205,Town,0911017800,PEP,2021,Population Estimate,2021
Cromwell,14271,Town,0913018080,PEP,2021,Estimate Base,2020
Cromwell,14244,Town,0913018080,PEP,2021,Population Estimate,2020
Cromwell,14302,Town,0913018080,PEP,2021,Population Estimate,2021
Danbury,86550,Town,0919018500,PEP,2021,Estimate Base,2020
Danbury,86356,Town,0919018500,PEP,2021,Population Estimate,2020
Danbury,86759,Town,0919018500,PEP,2021,Population Estimate,2021
Darien,21488,Town,0919018850,PEP,2021,Estimate Base,2020
Darien,21451,Town,0919018850,PEP,2021,Population Estimate,2020
Darien,21500,Town,0919018850,PEP,2021,Population Estimate,2021
Deep River,4448,Town,0913019130,PEP,2021,Estimate Base,2020
Deep River,4438,Town,0913019130,PEP,2021,Population Estimate,2020
Deep River,4462,Town,0913019130,PEP,2021,Population Estimate,2021
Derby,12335,Town,0914019550,PEP,2021,Estimate Base,2020
Derby,12305,Town,0914019550,PEP,2021,Population Estimate,2020
Derby,12274,Town,0914019550,PEP,2021,Population Estimate,2021
Durham,7214,Town,0913020810,PEP,2021,Estimate Base,2020
Durham,7200,Town,0913020810,PEP,2021,Population Estimate,2020
Durham,7231,Town,0913020810,PEP,2021,Population Estimate,2021
East Granby,5205,Town,0911022070,PEP,2021,Estimate Base,2020
East Granby,5193,Town,0911022070,PEP,2021,Population Estimate,2020
East Granby,5180,Town,0911022070,PEP,2021,Population Estimate,2021
East Haddam,8938,Town,0913022280,PEP,2021,Estimate Base,2020
East Haddam,8919,Town,0913022280,PEP,2021,Population Estimate,2020
East Haddam,8965,Town,0913022280,PEP,2021,Population Estimate,2021
East Hampton,12828,Town,0913022490,PEP,2021,Estimate Base,2020
East Hampton,12805,Town,0913022490,PEP,2021,Population Estimate,2020
East Hampton,12874,Town,0913022490,PEP,2021,Population Estimate,2021
East Hartford,50998,Town,0911022630,PEP,2021,Estimate Base,2020
East Hartford,50883,Town,0911022630,PEP,2021,Population Estimate,2020
East Hartford,50731,Town,0911022630,PEP,2021,Population Estimate,2021
East Haven,27936,Town,0917022910,PEP,2021,Estimate Base,2020
East Haven,27883,Town,0917022910,PEP,2021,Population Estimate,2020
East Haven,27804,Town,0917022910,PEP,2021,Population Estimate,2021
East Lyme,18716,Town,0918023400,PEP,2021,Estimate Base,2020
East Lyme,18715,Town,0918023400,PEP,2021,Population Estimate,2020
East Lyme,18849,Town,0918023400,PEP,2021,Population Estimate,2021
East Windsor,11190,Town,0911024800,PEP,2021,Estimate Base,2020
East Windsor,11174,Town,0911024800,PEP,2021,Population Estimate,2020
East Windsor,11161,Town,0911024800,PEP,2021,Population Estimate,2021
Eastford,1647,Town,0915021860,PEP,2021,Estimate Base,2020
Eastford,1647,Town,0915021860,PEP,2021,Population Estimate,2020
Eastford,1660,Town,0915021860,PEP,2021,Population Estimate,2021
Easton,7597,Town,0912023890,PEP,2021,Estimate Base,2020
Easton,7575,Town,0912023890,PEP,2021,Population Estimate,2020
Easton,7594,Town,0912023890,PEP,2021,Population Estimate,2021
Ellington,16343,Town,0911025360,PEP,2021,Estimate Base,2020
Ellington,16375,Town,0911025360,PEP,2021,Population Estimate,2020
Ellington,16630,Town,0911025360,PEP,2021,Population Estimate,2021
Enfield,42214,Town,0911025990,PEP,2021,Estimate Base,2020
Enfield,42150,Town,0911025990,PEP,2021,Population Estimate,2020
Enfield,42031,Town,0911025990,PEP,2021,Population Estimate,2021
Essex,6738,Town,0913026270,PEP,2021,Estimate Base,2020
Essex,6724,Town,0913026270,PEP,2021,Population Estimate,2020
Essex,6759,Town,0913026270,PEP,2021,Population Estimate,2021
Fairfield,61659,Town,0912026620,PEP,2021,Estimate Base,2020
Fairfield,61630,Town,0912026620,PEP,2021,Population Estimate,2020
Fairfield,61949,Town,0912026620,PEP,2021,Population Estimate,2021
Farmington,26700,Town,0911027600,PEP,2021,Estimate Base,2020
Farmington,26672,Town,0911027600,PEP,2021,Population Estimate,2020
Farmington,26645,Town,0911027600,PEP,2021,Population Estimate,2021
Franklin,1856,Town,0918029910,PEP,2021,Estimate Base,2020
Franklin,1852,Town,0918029910,PEP,2021,Population Estimate,2020
Franklin,1862,Town,0918029910,PEP,2021,Population Estimate,2021
Glastonbury,35133,Town,0911031240,PEP,2021,Estimate Base,2020
Glastonbury,35074,Town,0911031240,PEP,2021,Population Estimate,2020
Glastonbury,35054,Town,0911031240,PEP,2021,Population Estimate,2021
Goshen,3164,Town,0916032290,PEP,2021,Estimate Base,2020
Goshen,3160,Town,0916032290,PEP,2021,Population Estimate,2020
Goshen,3165,Town,0916032290,PEP,2021,Population Estimate,2021
Granby,10894,Town,0911032640,PEP,2021,Estimate Base,2020
Granby,10895,Town,0911032640,PEP,2021,Population Estimate,2020
Granby,10953,Town,0911032640,PEP,2021,Population Estimate,2021
Greater Bridgeport Planning Region,325911,Planning Region,09120,PEP,2021,Estimate Base,2020
Greater Bridgeport Planning Region,325158,Planning Region,09120,PEP,2021,Population Estimate,2020
Greater Bridgeport Planning Region,325858,Planning Region,09120,PEP,2021,Population Estimate,2021
Greenwich,63496,Town,0919033620,PEP,2021,Estimate Base,2020
Greenwich,63397,Town,0919033620,PEP,2021,Population Estimate,2020
Greenwich,63514,Town,0919033620,PEP,2021,Population Estimate,2021
Griswold,11363,Town,0918033900,PEP,2021,Estimate Base,2020
Griswold,11383,Town,0918033900,PEP,2021,Population Estimate,2020
Griswold,11407,Town,0918033900,PEP,2021,Population Estimate,2021
Groton,38506,Town,0918034250,PEP,2021,Estimate Base,2020
Groton,38466,Town,0918034250,PEP,2021,Population Estimate,2020
Groton,38456,Town,0918034250,PEP,2021,Population Estimate,2021
Guilford,22081,Town,0917034950,PEP,2021,Estimate Base,2020
Guilford,22040,Town,0917034950,PEP,2021,Population Estimate,2020
Guilford,22031,Town,0917034950,PEP,2021,Population Estimate,2021
Haddam,8508,Town,0913035230,PEP,2021,Estimate Base,2020
Haddam,8491,Town,0913035230,PEP,2021,Population Estimate,2020
Haddam,8529,Town,0913035230,PEP,2021,Population Estimate,2021
Hamden,61122,Town,0917035650,PEP,2021,Estimate Base,2020
Hamden,61015,Town,0917035650,PEP,2021,Population Estimate,2020
Hamden,60923,Town,0917035650,PEP,2021,Population Estimate,2021
Hampton,1729,Town,0915036000,PEP,2021,Estimate Base,2020
Hampton,1727,Town,0915036000,PEP,2021,Population Estimate,2020
Hampton,1728,Town,0915036000,PEP,2021,Population Estimate,2021
Hartford,121219,Town,0911037070,PEP,2021,Estimate Base,2020
Hartford,120957,Town,0911037070,PEP,2021,Population Estimate,2020
Hartford,120576,Town,0911037070,PEP,2021,Population Estimate,2021
Hartland,1898,Town,0916037140,PEP,2021,Estimate Base,2020
Hartland,1894,Town,0916037140,PEP,2021,Population Estimate,2020
Hartland,1891,Town,0916037140,PEP,2021,Population Estimate,2021
Harwinton,5496,Town,0916037280,PEP,2021,Estimate Base,2020
Harwinton,5488,Town,0916037280,PEP,2021,Population Estimate,2020
Harwinton,5508,Town,0916037280,PEP,2021,Population Estimate,2021
Hebron,9047,Town,0911037910,PEP,2021,Estimate Base,2020
Hebron,9034,Town,0911037910,PEP,2021,Population Estimate,2020
Hebron,9066,Town,0911037910,PEP,2021,Population Estimate,2021
Kent,2982,Town,0916040290,PEP,2021,Estimate Base,2020
Kent,2977,Town,0916040290,PEP,2021,Population Estimate,2020
Kent,2984,Town,0916040290,PEP,2021,Population Estimate,2021
Killingly,17747,Town,0915040500,PEP,2021,Estimate Base,2020
Killingly,17722,Town,0915040500,PEP,2021,Population Estimate,2020
Killingly,17742,Town,0915040500,PEP,2021,Population Estimate,2021
Killingworth,6234,Town,0913040710,PEP,2021,Estimate Base,2020
Killingworth,6222,Town,0913040710,PEP,2021,Population Estimate,2020
Killingworth,6268,Town,0913040710,PEP,2021,Population Estimate,2021
Lebanon,7118,Town,0918042390,PEP,2021,Estimate Base,2020
Lebanon,7105,Town,0918042390,PEP,2021,Population Estimate,2020
Lebanon,7108,Town,0918042390,PEP,2021,Population Estimate,2021
Ledyard,15359,Town,0918042600,PEP,2021,Estimate Base,2020
Ledyard,15332,Town,0918042600,PEP,2021,Population Estimate,2020
Ledyard,15336,Town,0918042600,PEP,2021,Population Estimate,2021
Lisbon,4175,Town,0918043230,PEP,2021,Estimate Base,2020
Lisbon,4173,Town,0918043230,PEP,2021,Population Estimate,2020
Lisbon,4198,Town,0918043230,PEP,2021,Population Estimate,2021
Litchfield,8146,Town,0916043370,PEP,2021,Estimate Base,2020
Litchfield,8135,Town,0916043370,PEP,2021,Population Estimate,2020
Litchfield,8170,Town,0916043370,PEP,2021,Population Estimate,2021
Lower Connecticut River Valley Planning Region,174179,Planning Region,09130,PEP,2021,Estimate Base,2020
Lower Connecticut River Valley Planning Region,173835,Planning Region,09130,PEP,2021,Population Estimate,2020
Lower Connecticut River Valley Planning Region,174680,Planning Region,09130,PEP,2021,Population Estimate,2021
Lyme,2344,Town,0913044210,PEP,2021,Estimate Base,2020
Lyme,2339,Town,0913044210,PEP,2021,Population Estimate,2020
Lyme,2344,Town,0913044210,PEP,2021,Population Estimate,2021
Madison,17696,Town,0917044560,PEP,2021,Estimate Base,2020
Madison,17657,Town,0917044560,PEP,2021,Population Estimate,2020
Madison,17619,Town,0917044560,PEP,2021,Population Estimate,2021
Manchester,59678,Town,0911044700,PEP,2021,Estimate Base,2020
Manchester,59559,Town,0911044700,PEP,2021,Population Estimate,2020
Manchester,59426,Town,0911044700,PEP,2021,Population Estimate,2021
Mansfield,26392,Town,0911044910,PEP,2021,Estimate Base,2020
Mansfield,26359,Town,0911044910,PEP,2021,Population Estimate,2020
Mansfield,26357,Town,0911044910,PEP,2021,Population Estimate,2021
Marlborough,6127,Town,0911045820,PEP,2021,Estimate Base,2020
Marlborough,6114,Town,0911045820,PEP,2021,Population Estimate,2020
Marlborough,6093,Town,0911045820,PEP,2021,Population Estimate,2021
Meriden,60859,Town,0917046520,PEP,2021,Estimate Base,2020
Meriden,60703,Town,0917046520,PEP,2021,Population Estimate,2020
Meriden,60517,Town,0917046520,PEP,2021,Population Estimate,2021
Middlebury,7576,Town,0914046940,PEP,2021,Estimate Base,2020
Middlebury,7577,Town,0914046940,PEP,2021,Population Estimate,2020
Middlebury,7684,Town,0914046940,PEP,2021,Population Estimate,2021
Middlefield,4258,Town,0913047080,PEP,2021,Estimate Base,2020
Middlefield,4248,Town,0913047080,PEP,2021,Population Estimate,2020
Middlefield,4274,Town,0913047080,PEP,2021,Population Estimate,2021
Middletown,47057,Town,0913047360,PEP,2021,Estimate Base,2020
Middletown,46960,Town,0913047360,PEP,2021,Population Estimate,2020
Middletown,47108,Town,0913047360,PEP,2021,Population Estimate,2021
Milford,52059,Town,0917047535,PEP,2021,Estimate Base,2020
Milford,52088,Town,0917047535,PEP,2021,Population Estimate,2020
Milford,52390,Town,0917047535,PEP,2021,Population Estimate,2021
Monroe,18809,Town,0912048620,PEP,2021,Estimate Base,2020
Monroe,18756,Town,0912048620,PEP,2021,Population Estimate,2020
Monroe,18764,Town,0912048620,PEP,2021,Population Estimate,2021
Montville,18480,Town,0918048900,PEP,2021,Estimate Base,2020
Montville,18448,Town,0918048900,PEP,2021,Population Estimate,2020
Montville,18478,Town,0918048900,PEP,2021,Population Estimate,2021
Morris,2259,Town,0916049460,PEP,2021,Estimate Base,2020
Morris,2257,Town,0916049460,PEP,2021,Population Estimate,2020
Morris,2259,Town,0916049460,PEP,2021,Population Estimate,2021
Naugatuck,31593,Town,0914049950,PEP,2021,Estimate Base,2020
Naugatuck,31510,Town,0914049950,PEP,2021,Population Estimate,2020
Naugatuck,31433,Town,0914049950,PEP,2021,Population Estimate,2021
Naugatuck Valley Planning Region,450525,Planning Region,09140,PEP,2021,Estimate Base,2020
Naugatuck Valley Planning Region,449606,Planning Region,09140,PEP,2021,Population Estimate,2020
Naugatuck Valley Planning Region,449929,Planning Region,09140,PEP,2021,Population Estimate,2021
New Britain,74217,Town,0911050440,PEP,2021,Estimate Base,2020
New Britain,74062,Town,0911050440,PEP,2021,Population Estimate,2020
New Britain,73841,Town,0911050440,PEP,2021,Population Estimate,2021
New Canaan,20597,Town,0919050580,PEP,2021,Estimate Base,2020
New Canaan,20542,Town,0919050580,PEP,2021,Population Estimate,2020
New Canaan,20732,Town,0919050580,PEP,2021,Population Estimate,2021
New Fairfield,13570,Town,0919050860,PEP,2021,Estimate Base,2020
New Fairfield,13532,Town,0919050860,PEP,2021,Population Estimate,2020
New Fairfield,13545,Town,0919050860,PEP,2021,Population Estimate,2021
New Hartford,6669,Town,0916051350,PEP,2021,Estimate Base,2020
New Hartford,6660,Town,0916051350,PEP,2021,Population Estimate,2020
New Hartford,6668,Town,0916051350,PEP,2021,Population Estimate,2021
New Haven,133924,Town,0917052070,PEP,2021,Estimate Base,2020
New Haven,133966,Town,0917052070,PEP,2021,Population Estimate,2020
New Haven,135081,Town,0917052070,PEP,2021,Population Estimate,2021
New London,27641,Town,0918052350,PEP,2021,Estimate Base,2020
New London,27603,Town,0918052350,PEP,2021,Population Estimate,2020
New London,27635,Town,0918052350,PEP,2021,Population Estimate,2021
New Milford,28162,Town,0919052630,PEP,2021,Estimate Base,2020
New Milford,28112,Town,0919052630,PEP,2021,Population Estimate,2020
New Milford,28182,Town,0919052630,PEP,2021,Population Estimate,2021
Newington,30521,Town,0911052140,PEP,2021,Estimate Base,2020
Newington,30453,Town,0911052140,PEP,2021,Population Estimate,2020
Newington,30365,Town,0911052140,PEP,2021,Population Estimate,2021
Newtown,27179,Town,0919052980,PEP,2021,Estimate Base,2020
Newtown,27132,Town,0919052980,PEP,2021,Population Estimate,2020
Newtown,27522,Town,0919052980,PEP,2021,Population Estimate,2021
Norfolk,1592,Town,0916053470,PEP,2021,Estimate Base,2020
Norfolk,1589,Town,0916053470,PEP,2021,Population Estimate,2020
Norfolk,1587,Town,0916053470,PEP,2021,Population Estimate,2021
North Branford,13551,Town,0917053890,PEP,2021,Estimate Base,2020
North Branford,13522,Town,0917053890,PEP,2021,Population Estimate,2020
North Branford,13498,Town,0917053890,PEP,2021,Population Estimate,2021
North Canaan,3196,Town,0916054030,PEP,2021,Estimate Base,2020
North Canaan,3190,Town,0916054030,PEP,2021,Population Estimate,2020
North Canaan,3185,Town,0916054030,PEP,2021,Population Estimate,2021
North Haven,24272,Town,0917054870,PEP,2021,Estimate Base,2020
North Haven,24219,Town,0917054870,PEP,2021,Population Estimate,2020
North Haven,24169,Town,0917054870,PEP,2021,Population Estimate,2021
North Stonington,5128,Town,0918055500,PEP,2021,Estimate Base,2020
North Stonington,5122,Town,0918055500,PEP,2021,Population Estimate,2020
North Stonington,5137,Town,0918055500,PEP,2021,Population Estimate,2021
Northeastern Connecticut Planning Region,95315,Planning Region,09150,PEP,2021,Estimate Base,2020
Northeastern Connecticut Planning Region,95180,Planning Region,09150,PEP,2021,Population Estimate,2020
Northeastern Connecticut Planning Region,95391,Planning Region,09150,PEP,2021,Population Estimate,2021
Northwest Hills Planning Region,112334,Planning Region,09160,PEP,2021,Estimate Base,2020
Northwest Hills Planning Region,112162,Planning Region,09160,PEP,2021,Population Estimate,2020
Northwest Hills Planning Region,112273,Planning Region,09160,PEP,2021,Population Estimate,2021
Norwalk,91143,Town,0919056060,PEP,2021,Estimate Base,2020
Norwalk,90975,Town,0919056060,PEP,2021,Population Estimate,2020
Norwalk,91194,Town,0919056060,PEP,2021,Population Estimate,2021
Norwich,40018,Town,0918056270,PEP,2021,Estimate Base,2020
Norwich,39932,Town,0918056270,PEP,2021,Population Estimate,2020
Norwich,40014,Town,0918056270,PEP,2021,Population Estimate,2021
Old Lyme,7590,Town,0913057040,PEP,2021,Estimate Base,2020
Old Lyme,7573,Town,0913057040,PEP,2021,Population Estimate,2020
Old Lyme,7577,Town,0913057040,PEP,2021,Population Estimate,2021
Old Saybrook,10531,Town,0913057320,PEP,2021,Estimate Base,2020
Old Saybrook,10513,Town,0913057320,PEP,2021,Population Estimate,2020
Old Saybrook,10563,Town,0913057320,PEP,2021,Population Estimate,2021
Orange,14275,Town,0917057600,PEP,2021,Estimate Base,2020
Orange,14253,Town,0917057600,PEP,2021,Population Estimate,2020
Orange,14246,Town,0917057600,PEP,2021,Population Estimate,2021
Oxford,12710,Town,0914058300,PEP,2021,Estimate Base,2020
Oxford,12698,Town,0914058300,PEP,2021,Population Estimate,2020
Oxford,12768,Town,0914058300,PEP,2021,Population Estimate,2021
Plainfield,14971,Town,0915059980,PEP,2021,Estimate Base,2020
Plainfield,14947,Town,0915059980,PEP,2021,Population Estimate,2020
Plainfield,14959,Town,0915059980,PEP,2021,Population Estimate,2021
Plainville,17511,Town,0911060120,PEP,2021,Estimate Base,2020
Plainville,17477,Town,0911060120,PEP,2021,Population Estimate,2020
Plainville,17445,Town,0911060120,PEP,2021,Population Estimate,2021
Plymouth,11683,Town,0914060750,PEP,2021,Estimate Base,2020
Plymouth,11663,Town,0914060750,PEP,2021,Population Estimate,2020
Plymouth,11659,Town,0914060750,PEP,2021,Population Estimate,2021
Pomfret,4269,Town,0915061030,PEP,2021,Estimate Base,2020
Pomfret,4263,Town,0915061030,PEP,2021,Population Estimate,2020
Pomfret,4271,Town,0915061030,PEP,2021,Population Estimate,2021
Portland,9447,Town,0913061800,PEP,2021,Estimate Base,2020
Portland,9425,Town,0913061800,PEP,2021,Population Estimate,2020
Portland,9462,Town,0913061800,PEP,2021,Population Estimate,2021
Preston,4772,Town,0918062150,PEP,2021,Estimate Base,2020
Preston,4768,Town,0918062150,PEP,2021,Population Estimate,2020
Preston,4802,Town,0918062150,PEP,2021,Population Estimate,2021
Prospect,9351,Town,0914062290,PEP,2021,Estimate Base,2020
Prospect,9355,Town,0914062290,PEP,2021,Population Estimate,2020
Prospect,9344,Town,0914062290,PEP,2021,Population Estimate,2021
Putnam,9223,Town,0915062710,PEP,2021,Estimate Base,2020
Putnam,9210,Town,0915062710,PEP,2021,Population Estimate,2020
Putnam,9227,Town,0915062710,PEP,2021,Population Estimate,2021
Redding,8763,Town,0919063480,PEP,2021,Estimate Base,2020
Redding,8738,Town,0919063480,PEP,2021,Population Estimate,2020
Redding,8735,Town,0919063480,PEP,2021,Population Estimate,2021
Ridgefield,25027,Town,0919063970,PEP,2021,Estimate Base,2020
Ridgefield,24974,Town,0919063970,PEP,2021,Population Estimate,2020
Ridgefield,25011,Town,0919063970,PEP,2021,Population Estimate,2021
Rocky Hill,20841,Town,0911065370,PEP,2021,Estimate Base,2020
Rocky Hill,20800,Town,0911065370,PEP,2021,Population Estimate,2020
Rocky Hill,20746,Town,0911065370,PEP,2021,Population Estimate,2021
Roxbury,2263,Town,0916065930,PEP,2021,Estimate Base,2020
Roxbury,2261,Town,0916065930,PEP,2021,Population Estimate,2020
Roxbury,2269,Town,0916065930,PEP,2021,Population Estimate,2021
Salem,4192,Town,0918066210,PEP,2021,Estimate Base,2020
Salem,4188,Town,0918066210,PEP,2021,Population Estimate,2020
Salem,4200,Town,0918066210,PEP,2021,Population Estimate,2021
Salisbury,4104,Town,0916066420,PEP,2021,Estimate Base,2020
Salisbury,4097,Town,0916066420,PEP,2021,Population Estimate,2020
Salisbury,4112,Town,0916066420,PEP,2021,Population Estimate,2021
Scotland,1573,Town,0915067400,PEP,2021,Estimate Base,2020
Scotland,1569,Town,0915067400,PEP,2021,Population Estimate,2020
Scotland,1568,Town,0915067400,PEP,2021,Population Estimate,2021
Seymour,16765,Town,0914067610,PEP,2021,Estimate Base,2020
Seymour,16724,Town,0914067610,PEP,2021,Population Estimate,2020
Seymour,16679,Town,0914067610,PEP,2021,Population Estimate,2021
Sharon,2672,Town,0916067960,PEP,2021,Estimate Base,2020
Sharon,2669,Town,0916067960,PEP,2021,Population Estimate,2020
Sharon,2675,Town,0916067960,PEP,2021,Population Estimate,2021
Shelton,40872,Town,0914068170,PEP,2021,Estimate Base,2020
Shelton,40771,Town,0914068170,PEP,2021,Population Estimate,2020
Shelton,41474,Town,0914068170,PEP,2021,Population Estimate,2021
Sherman,3523,Town,0919068310,PEP,2021,Estimate Base,2020
Sherman,3515,Town,0919068310,PEP,2021,Population Estimate,2020
Sherman,3521,Town,0919068310,PEP,2021,Population Estimate,2021
Simsbury,24500,Town,0911068940,PEP,2021,Estimate Base,2020
Simsbury,24483,Town,0911068940,PEP,2021,Population Estimate,2020
Simsbury,24807,Town,0911068940,PEP,2021,Population Estimate,2021
Somers,10280,Town,0911069220,PEP,2021,Estimate Base,2020
Somers,10267,Town,0911069220,PEP,2021,Population Estimate,2020
Somers,10279,Town,0911069220,PEP,2021,Population Estimate,2021
South Central Connecticut Planning Region,570390,Planning Region,09170,PEP,2021,Estimate Base,2020
South Central Connecticut Planning Region,569663,Planning Region,09170,PEP,2021,Population Estimate,2020
South Central Connecticut Planning Region,570275,Planning Region,09170,PEP,2021,Population Estimate,2021
South Windsor,26880,Town,0911071390,PEP,2021,Estimate Base,2020
South Windsor,26839,Town,0911071390,PEP,2021,Population Estimate,2020
South Windsor,26767,Town,0911071390,PEP,2021,Population Estimate,2021
Southbury,19872,Town,0914069640,PEP,2021,Estimate Base,2020
Southbury,19839,Town,0914069640,PEP,2021,Population Estimate,2020
Southbury,19796,Town,0914069640,PEP,2021,Population Estimate,2021
Southeastern Connecticut Planning Region,280501,Planning Region,09180,PEP,2021,Estimate Base,2020
Southeastern Connecticut Planning Region,280173,Planning Region,09180,PEP,2021,Population Estimate,2020
Southeastern Connecticut Planning Region,280692,Planning Region,09180,PEP,2021,Population Estimate,2021
Southington,43476,Town,0911070550,PEP,2021,Estimate Base,2020
Southington,43436,Town,0911070550,PEP,2021,Population Estimate,2020
Southington,43500,Town,0911070550,PEP,2021,Population Estimate,2021
Sprague,2959,Town,0918071670,PEP,2021,Estimate Base,2020
Sprague,2955,Town,0918071670,PEP,2021,Population Estimate,2020
Sprague,2950,Town,0918071670,PEP,2021,Population Estimate,2021
Stafford,11424,Town,0911072090,PEP,2021,Estimate Base,2020
Stafford,11403,Town,0911072090,PEP,2021,Population Estimate,2020
Stafford,11412,Town,0911072090,PEP,2021,Population Estimate,2021
Stamford,135445,Town,0919073070,PEP,2021,Estimate Base,2020
Stamford,135685,Town,0919073070,PEP,2021,Population Estimate,2020
Stamford,136309,Town,0919073070,PEP,2021,Population Estimate,2021
Sterling,3576,Town,0915073420,PEP,2021,Estimate Base,2020
Sterling,3569,Town,0915073420,PEP,2021,Population Estimate,2020
Sterling,3577,Town,0915073420,PEP,2021,Population Estimate,2021
Stonington,18322,Town,0918073770,PEP,2021,Estimate Base,2020
Stonington,18306,Town,0918073770,PEP,2021,Population Estimate,2020
Stonington,18427,Town,0918073770,PEP,2021,Population Estimate,2021
Stratford,52333,Town,0912074190,PEP,2021,Estimate Base,2020
Stratford,52216,Town,0912074190,PEP,2021,Population Estimate,2020
Stratford,52268,Town,0912074190,PEP,2021,Population Estimate,2021
Suffield,15848,Town,0911074540,PEP,2021,Estimate Base,2020
Suffield,15834,Town,0911074540,PEP,2021,Population Estimate,2020
Suffield,15862,Town,0911074540,PEP,2021,Population Estimate,2021
Thomaston,7470,Town,0914075730,PEP,2021,Estimate Base,2020
Thomaston,7457,Town,0914075730,PEP,2021,Population Estimate,2020
Thomaston,7453,Town,0914075730,PEP,2021,Population Estimate,2021
Thompson,9188,Town,0915075870,PEP,2021,Estimate Base,2020
Thompson,9177,Town,0915075870,PEP,2021,Population Estimate,2020
Thompson,9226,Town,0915075870,PEP,2021,Population Estimate,2021
Tolland,14507,Town,0911076290,PEP,2021,Estimate Base,2020
Tolland,14482,Town,0911076290,PEP,2021,Population Estimate,2020
Tolland,14511,Town,0911076290,PEP,2021,Population Estimate,2021
Torrington,35484,Town,0916076570,PEP,2021,Estimate Base,2020
Torrington,35412,Town,0916076570,PEP,2021,Population Estimate,2020
Torrington,35357,Town,0916076570,PEP,2021,Population Estimate,2021
Trumbull,36821,Town,0912077200,PEP,2021,Estimate Base,2020
Trumbull,36710,Town,0912077200,PEP,2021,Population Estimate,2020
Trumbull,36950,Town,0912077200,PEP,2021,Population Estimate,2021
Union,777,Town,0915077830,PEP,2021,Estimate Base,2020
Union,777,Town,0915077830,PEP,2021,Population Estimate,2020
Union,781,Town,0915077830,PEP,2021,Population Estimate,2021
Vernon,30083,Town,0911078250,PEP,2021,Estimate Base,2020
Vernon,30070,Town,0911078250,PEP,2021,Population Estimate,2020
Vernon,30326,Town,0911078250,PEP,2021,Population Estimate,2021
Voluntown,2558,Town,0915078600,PEP,2021,Estimate Base,2020
Voluntown,2552,Town,0915078600,PEP,2021,Population Estimate,2020
Voluntown,2554,Town,0915078600,PEP,2021,Population Estimate,2021
Wallingford,44389,Town,0917078740,PEP,2021,Estimate Base,2020
Wallingford,44289,Town,0917078740,PEP,2021,Population Estimate,2020
Wallingford,44194,Town,0917078740,PEP,2021,Population Estimate,2021
Warren,1350,Town,0916079510,PEP,2021,Estimate Base,2020
Warren,1348,Town,0916079510,PEP,2021,Population Estimate,2020
Warren,1349,Town,0916079510,PEP,2021,Population Estimate,2021
Washington,3634,Town,0916079720,PEP,2021,Estimate Base,2020
Washington,3628,Town,0916079720,PEP,2021,Population Estimate,2020
Washington,3633,Town,0916079720,PEP,2021,Population Estimate,2021
Waterbury,114446,Town,0914080070,PEP,2021,Estimate Base,2020
Waterbury,114159,Town,0914080070,PEP,2021,Population Estimate,2020
Waterbury,113811,Town,0914080070,PEP,2021,Population Estimate,2021
Waterford,19530,Town,0918080280,PEP,2021,Estimate Base,2020
Waterford,19541,Town,0918080280,PEP,2021,Population Estimate,2020
Waterford,19553,Town,0918080280,PEP,2021,Population Estimate,2021
Watertown,22131,Town,0914080490,PEP,2021,Estimate Base,2020
Watertown,22098,Town,0914080490,PEP,2021,Population Estimate,2020
Watertown,22110,Town,0914080490,PEP,2021,Population Estimate,2021
West Hartford,64104,Town,0911082590,PEP,2021,Estimate Base,2020
West Hartford,64012,Town,0911082590,PEP,2021,Population Estimate,2020
West Hartford,63973,Town,0911082590,PEP,2021,Population Estimate,2021
West Haven,55560,Town,0917082870,PEP,2021,Estimate Base,2020
West Haven,55455,Town,0917082870,PEP,2021,Population Estimate,2020
West Haven,55294,Town,0917082870,PEP,2021,Population Estimate,2021
Westbrook,6765,Town,0913081680,PEP,2021,Estimate Base,2020
Westbrook,6755,Town,0913081680,PEP,2021,Population Estimate,2020
Westbrook,6810,Town,0913081680,PEP,2021,Population Estimate,2021
Western Connecticut Planning Region,620459,Planning Region,09190,PEP,2021,Estimate Base,2020
Western Connecticut Planning Region,619738,Planning Region,09190,PEP,2021,Population Estimate,2020
Western Connecticut Planning Region,622276,Planning Region,09190,PEP,2021,Population Estimate,2021
Weston,10347,Town,0919083430,PEP,2021,Estimate Base,2020
Weston,10322,Town,0919083430,PEP,2021,Population Estimate,2020
Weston,10336,Town,0919083430,PEP,2021,Population Estimate,2021
Westport,27126,Town,0919083500,PEP,2021,Estimate Base,2020
Westport,27076,Town,0919083500,PEP,2021,Population Estimate,2020
Westport,27279,Town,0919083500,PEP,2021,Population Estimate,2021
Wethersfield,27272,Town,0911084900,PEP,2021,Estimate Base,2020
Wethersfield,27210,Town,0911084900,PEP,2021,Population Estimate,2020
Wethersfield,27124,Town,0911084900,PEP,2021,Population Estimate,2021
Willington,5540,Town,0911085950,PEP,2021,Estimate Base,2020
Willington,5529,Town,0911085950,PEP,2021,Population Estimate,2020
Willington,5528,Town,0911085950,PEP,2021,Population Estimate,2021
Wilton,18505,Town,0919086370,PEP,2021,Estimate Base,2020
Wilton,18451,Town,0919086370,PEP,2021,Population Estimate,2020
Wilton,18460,Town,0919086370,PEP,2021,Population Estimate,2021
Winchester,10255,Town,0916086440,PEP,2021,Estimate Base,2020
Winchester,10235,Town,0916086440,PEP,2021,Population Estimate,2020
Winchester,10217,Town,0916086440,PEP,2021,Population Estimate,2021
Windham,24438,Town,0918086790,PEP,2021,Estimate Base,2020
Windham,24389,Town,0918086790,PEP,2021,Population Estimate,2020
Windham,24362,Town,0918086790,PEP,2021,Population Estimate,2021
Windsor,29479,Town,0911087000,PEP,2021,Estimate Base,2020
Windsor,29426,Town,0911087000,PEP,2021,Population Estimate,2020
Windsor,29376,Town,0911087000,PEP,2021,Population Estimate,2021
Windsor Locks,12592,Town,0911087070,PEP,2021,Estimate Base,2020
Windsor Locks,12565,Town,0911087070,PEP,2021,Population Estimate,2020
Windsor Locks,12531,Town,0911087070,PEP,2021,Population Estimate,2021
Wolcott,16159,Town,0914087560,PEP,2021,Estimate Base,2020
Wolcott,16140,Town,0914087560,PEP,2021,Population Estimate,2020
Wolcott,16160,Town,0914087560,PEP,2021,Population Estimate,2021
Woodbridge,9090,Town,0917087700,PEP,2021,Estimate Base,2020
Woodbridge,9070,Town,0917087700,PEP,2021,Population Estimate,2020
Woodbridge,9045,Town,0917087700,PEP,2021,Population Estimate,2021
Woodbury,9752,Town,0914087910,PEP,2021,Estimate Base,2020
Woodbury,9733,Town,0914087910,PEP,2021,Population Estimate,2020
Woodbury,9761,Town,0914087910,PEP,2021,Population Estimate,2021
Woodstock,8224,Town,0915088190,PEP,2021,Estimate Base,2020
Woodstock,8209,Town,0915088190,PEP,2021,Population Estimate,2020
Woodstock,8221,Town,0915088190,PEP,2021,Population Estimate,2021
Andover,3153,Town,0911001080,PEP,2022,Estimate Base,2020
Andover,3150,Town,0911001080,PEP,2022,Population Estimate,2020
Andover,3151,Town,0911001080,PEP,2022,Population Estimate,2021
Andover,3150,Town,0911001080,PEP,2022,Population Estimate,2022
Ansonia,18913,Town,0914001220,PEP,2022,Estimate Base,2020
Ansonia,18885,Town,0914001220,PEP,2022,Population Estimate,2020
Ansonia,18926,Town,0914001220,PEP,2022,Population Estimate,2021
Ansonia,18923,Town,0914001220,PEP,2022,Population Estimate,2022
Ashford,4191,Town,0915001430,PEP,2022,Estimate Base,2020
Ashford,4190,Town,0915001430,PEP,2022,Population Estimate,2020
Ashford,4208,Town,0915001430,PEP,2022,Population Estimate,2021
Ashford,4222,Town,0915001430,PEP,2022,Population Estimate,2022
Avon,18935,Town,0911002060,PEP,2022,Estimate Base,2020
Avon,18891,Town,0911002060,PEP,2022,Population Estimate,2020
Avon,18883,Town,0911002060,PEP,2022,Population Estimate,2021
Avon,18871,Town,0911002060,PEP,2022,Population Estimate,2022
Barkhamsted,3651,Town,0916002760,PEP,2022,Estimate Base,2020
Barkhamsted,3646,Town,0916002760,PEP,2022,Population Estimate,2020
Barkhamsted,3658,Town,0916002760,PEP,2022,Population Estimate,2021
Barkhamsted,3667,Town,0916002760,PEP,2022,Population Estimate,2022
Beacon Falls,6004,Town,0914003250,PEP,2022,Estimate Base,2020
Beacon Falls,6007,Town,0914003250,PEP,2022,Population Estimate,2020
Beacon Falls,6072,Town,0914003250,PEP,2022,Population Estimate,2021
Beacon Falls,6126,Town,0914003250,PEP,2022,Population Estimate,2022
Berlin,20172,Town,0911004300,PEP,2022,Estimate Base,2020
Berlin,20131,Town,0911004300,PEP,2022,Population Estimate,2020
Berlin,20167,Town,0911004300,PEP,2022,Population Estimate,2021
Berlin,20197,Town,0911004300,PEP,2022,Population Estimate,2022
Bethany,5295,Town,0917004580,PEP,2022,Estimate Base,2020
Bethany,5280,Town,0917004580,PEP,2022,Population Estimate,2020
Bethany,5278,Town,0917004580,PEP,2022,Population Estimate,2021
Bethany,5277,Town,0917004580,PEP,2022,Population Estimate,2022
Bethel,20363,Town,0919004720,PEP,2022,Estimate Base,2020
Bethel,20331,Town,0919004720,PEP,2022,Population Estimate,2020
Bethel,20583,Town,0919004720,PEP,2022,Population Estimate,2021
Bethel,20684,Town,0919004720,PEP,2022,Population Estimate,2022
Bethlehem,3390,Town,0914004930,PEP,2022,Estimate Base,2020
Bethlehem,3388,Town,0914004930,PEP,2022,Population Estimate,2020
Bethlehem,3402,Town,0914004930,PEP,2022,Population Estimate,2021
Bethlehem,3409,Town,0914004930,PEP,2022,Population Estimate,2022
Bloomfield,21531,Town,0911005910,PEP,2022,Estimate Base,2020
Bloomfield,21492,Town,0911005910,PEP,2022,Population Estimate,2020
Bloomfield,21518,Town,0911005910,PEP,2022,Population Estimate,2021
Bloomfield,21560,Town,0911005910,PEP,2022,Population Estimate,2022
Bolton,4859,Town,0911006260,PEP,2022,Estimate Base,2020
Bolton,4846,Town,0911006260,PEP,2022,Population Estimate,2020
Bolton,4839,Town,0911006260,PEP,2022,Population Estimate,2021
Bolton,4834,Town,0911006260,PEP,2022,Population Estimate,2022
Bozrah,2429,Town,0918006820,PEP,2022,Estimate Base,2020
Bozrah,2423,Town,0918006820,PEP,2022,Population Estimate,2020
Bozrah,2424,Town,0918006820,PEP,2022,Population Estimate,2021
Bozrah,2420,Town,0918006820,PEP,2022,Population Estimate,2022
Branford,28267,Town,0917007310,PEP,2022,Estimate Base,2020
Branford,28180,Town,0917007310,PEP,2022,Population Estimate,2020
Branford,28156,Town,0917007310,PEP,2022,Population Estimate,2021
Branford,28148,Town,0917007310,PEP,2022,Population Estimate,2022
Bridgeport,148644,Town,0912008070,PEP,2022,Estimate Base,2020
Bridgeport,148165,Town,0912008070,PEP,2022,Population Estimate,2020
Bridgeport,148571,Town,0912008070,PEP,2022,Population Estimate,2021
Bridgeport,148377,Town,0912008070,PEP,2022,Population Estimate,2022
Bridgewater,1656,Town,0919008210,PEP,2022,Estimate Base,2020
Bridgewater,1651,Town,0919008210,PEP,2022,Population Estimate,2020
Bridgewater,1657,Town,0919008210,PEP,2022,Population Estimate,2021
Bridgewater,1652,Town,0919008210,PEP,2022,Population Estimate,2022
Bristol,60845,Town,0914008490,PEP,2022,Estimate Base,2020
Bristol,60776,Town,0914008490,PEP,2022,Population Estimate,2020
Bristol,61138,Town,0914008490,PEP,2022,Population Estimate,2021
Bristol,61330,Town,0914008490,PEP,2022,Population Estimate,2022
Brookfield,17531,Town,0919008980,PEP,2022,Estimate Base,2020
Brookfield,17469,Town,0919008980,PEP,2022,Population Estimate,2020
Brookfield,17539,Town,0919008980,PEP,2022,Population Estimate,2021
Brookfield,17543,Town,0919008980,PEP,2022,Population Estimate,2022
Brooklyn,8449,Town,0915009190,PEP,2022,Estimate Base,2020
Brooklyn,8386,Town,0915009190,PEP,2022,Population Estimate,2020
Brooklyn,8423,Town,0915009190,PEP,2022,Population Estimate,2021
Brooklyn,8502,Town,0915009190,PEP,2022,Population Estimate,2022
Burlington,9490,Town,0916010100,PEP,2022,Estimate Base,2020
Burlington,9493,Town,0916010100,PEP,2022,Population Estimate,2020
Burlington,9646,Town,0916010100,PEP,2022,Population Estimate,2021
Burlington,9710,Town,0916010100,PEP,2022,Population Estimate,2022
Canaan,1076,Town,0916010940,PEP,2022,Estimate Base,2020
Canaan,1074,Town,0916010940,PEP,2022,Population Estimate,2020
Canaan,1079,Town,0916010940,PEP,2022,Population Estimate,2021
Canaan,1081,Town,0916010940,PEP,2022,Population Estimate,2022
Canterbury,5041,Town,0915012130,PEP,2022,Estimate Base,2020
Canterbury,5047,Town,0915012130,PEP,2022,Population Estimate,2020
Canterbury,5085,Town,0915012130,PEP,2022,Population Estimate,2021
Canterbury,5102,Town,0915012130,PEP,2022,Population Estimate,2022
Canton,10125,Town,0911012270,PEP,2022,Estimate Base,2020
Canton,10104,Town,0911012270,PEP,2022,Population Estimate,2020
Canton,10109,Town,0911012270,PEP,2022,Population Estimate,2021
Canton,10091,Town,0911012270,PEP,2022,Population Estimate,2022
Capitol Planning Region,976269,Planning Region,09110,PEP,2022,Estimate Base,2020
Capitol Planning Region,973159,Planning Region,09110,PEP,2022,Population Estimate,2020
Capitol Planning Region,980757,Planning Region,09110,PEP,2022,Population Estimate,2021
Capitol Planning Region,981447,Planning Region,09110,PEP,2022,Population Estimate,2022
Capitol Planning Region,-3110,Planning Region,09110,PEP,2022,Population Change (#),2020
Capitol Planning Region,7598,Planning Region,09110,PEP,2022,Population Change (#),2021
Capitol Planning Region,690,Planning Region,09110,PEP,2022,Population Change (#),2022
Capitol Planning Region,2313,Planning Region,09110,PEP,2022,Births,2020
Capitol Planning Region,9177,Planning Region,09110,PEP,2022,Births,2021
Capitol Planning Region,9693,Planning Region,09110,PEP,2022,Births,2022
Capitol Planning Region,3380,Planning Region,09110,PEP,2022,Deaths,2020
Capitol Planning Region,9568,Planning Region,09110,PEP,2022,Deaths,2021
Capitol Planning Region,9640,Planning Region,09110,PEP,2022,Deaths,2022
Capitol Planning Region,-1067,Planning Region,09110,PEP,2022,Natural Change,2020
Capitol Planning Region,-391,Planning Region,09110,PEP,2022,Natural Change,2021
Capitol Planning Region,53,Planning Region,09110,PEP,2022,Natural Change,2022
Capitol Planning Region,137,Planning Region,09110,PEP,2022,International Migration,2020
Capitol Planning Region,1697,Planning Region,09110,PEP,2022,International Migration,2021
Capitol Planning Region,4613,Planning Region,09110,PEP,2022,International Migration,2022
Capitol Planning Region,-2068,Planning Region,09110,PEP,2022,Domestic Migration,2020
Capitol Planning Region,5945,Planning Region,09110,PEP,2022,Domestic Migration,2021
Capitol Planning Region,-3704,Planning Region,09110,PEP,2022,Domestic Migration,2022
Capitol Planning Region,-112,Planning Region,09110,PEP,2022,Residual,2020
Capitol Planning Region,347,Planning Region,09110,PEP,2022,Residual,2021
Capitol Planning Region,-272,Planning Region,09110,PEP,2022,Residual,2022
Capitol Planning Region,36367,Planning Region,09110,PEP,2022,Group Quarters Estimates Base,2020
Capitol Planning Region,35233,Planning Region,09110,PEP,2022,Group Quarters Estimates,2020
Capitol Planning Region,41860,Planning Region,09110,PEP,2022,Group Quarters Estimates,2021
Capitol Planning Region,42691,Planning Region,09110,PEP,2022,Group Quarters Estimates,2022
Capitol Planning Region,9.39344373,Planning Region,09110,PEP,2022,Birth Rate,2021
Capitol Planning Region,9.879706697,Planning Region,09110,PEP,2022,Birth Rate,2022
Capitol Planning Region,9.793665644,Planning Region,09110,PEP,2022,Death Rate,2021
Capitol Planning Region,9.82568581,Planning Region,09110,PEP,2022,Death Rate,2022
Capitol Planning Region,-0.400221913,Planning Region,09110,PEP,2022,Natural Change Rate,2021
Capitol Planning Region,0.054020887,Planning Region,09110,PEP,2022,Natural Change Rate,2022
Capitol Planning Region,1.737024519,Planning Region,09110,PEP,2022,International Migration Rate,2021
Capitol Planning Region,4.701855668,Planning Region,09110,PEP,2022,International Migration Rate,2022
Capitol Planning Region,6.085215536,Planning Region,09110,PEP,2022,Domestic Migration Rate,2021
Capitol Planning Region,-3.775346498,Planning Region,09110,PEP,2022,Domestic Migration Rate,2022
Chaplin,2152,Town,0915013810,PEP,2022,Estimate Base,2020
Chaplin,2150,Town,0915013810,PEP,2022,Population Estimate,2020
Chaplin,2153,Town,0915013810,PEP,2022,Population Estimate,2021
Chaplin,2156,Town,0915013810,PEP,2022,Population Estimate,2022
Cheshire,28729,Town,0914014160,PEP,2022,Estimate Base,2020
Cheshire,28599,Town,0914014160,PEP,2022,Population Estimate,2020
Cheshire,28731,Town,0914014160,PEP,2022,Population Estimate,2021
Cheshire,28994,Town,0914014160,PEP,2022,Population Estimate,2022
Chester,3746,Town,0913014300,PEP,2022,Estimate Base,2020
Chester,3739,Town,0913014300,PEP,2022,Population Estimate,2020
Chester,3759,Town,0913014300,PEP,2022,Population Estimate,2021
Chester,3757,Town,0913014300,PEP,2022,Population Estimate,2022
Clinton,13187,Town,0913015350,PEP,2022,Estimate Base,2020
Clinton,13169,Town,0913015350,PEP,2022,Population Estimate,2020
Clinton,13372,Town,0913015350,PEP,2022,Population Estimate,2021
Clinton,13399,Town,0913015350,PEP,2022,Population Estimate,2022
Colchester,15547,Town,0918015910,PEP,2022,Estimate Base,2020
Colchester,15513,Town,0918015910,PEP,2022,Population Estimate,2020
Colchester,15557,Town,0918015910,PEP,2022,Population Estimate,2021
Colchester,15572,Town,0918015910,PEP,2022,Population Estimate,2022
Colebrook,1360,Town,0916016050,PEP,2022,Estimate Base,2020
Colebrook,1357,Town,0916016050,PEP,2022,Population Estimate,2020
Colebrook,1364,Town,0916016050,PEP,2022,Population Estimate,2021
Colebrook,1369,Town,0916016050,PEP,2022,Population Estimate,2022
Columbia,5281,Town,0911016400,PEP,2022,Estimate Base,2020
Columbia,5267,Town,0911016400,PEP,2022,Population Estimate,2020
Columbia,5266,Town,0911016400,PEP,2022,Population Estimate,2021
Columbia,5258,Town,0911016400,PEP,2022,Population Estimate,2022
Connecticut,3605942,State,09,PEP,2022,Estimate Base,2020
Connecticut,3597362,State,09,PEP,2022,Population Estimate,2020
Connecticut,3623355,State,09,PEP,2022,Population Estimate,2021
Connecticut,3626205,State,09,PEP,2022,Population Estimate,2022
Connecticut,-8580,State,09,PEP,2022,Population Change (#),2020
Connecticut,25993,State,09,PEP,2022,Population Change (#),2021
Connecticut,2850,State,09,PEP,2022,Population Change (#),2022
Connecticut,8465,State,09,PEP,2022,Births,2020
Connecticut,33896,State,09,PEP,2022,Births,2021
Connecticut,35818,State,09,PEP,2022,Births,2022
Connecticut,11915,State,09,PEP,2022,Deaths,2020
Connecticut,34649,State,09,PEP,2022,Deaths,2021
Connecticut,34902,State,09,PEP,2022,Deaths,2022
Connecticut,-3450,State,09,PEP,2022,Natural Change,2020
Connecticut,-753,State,09,PEP,2022,Natural Change,2021
Connecticut,916,State,09,PEP,2022,Natural Change,2022
Connecticut,410,State,09,PEP,2022,International Migration,2020
Connecticut,6217,State,09,PEP,2022,International Migration,2021
Connecticut,16296,State,09,PEP,2022,International Migration,2022
Connecticut,-5548,State,09,PEP,2022,Domestic Migration,2020
Connecticut,19019,State,09,PEP,2022,Domestic Migration,2021
Connecticut,-13547,State,09,PEP,2022,Domestic Migration,2022
Connecticut,8,State,09,PEP,2022,Residual,2020
Connecticut,1510,State,09,PEP,2022,Residual,2021
Connecticut,-815,State,09,PEP,2022,Residual,2022
Connecticut,9.388541332,State,09,PEP,2022,Birth Rate,2021
Connecticut,9.881427287,State,09,PEP,2022,Birth Rate,2022
Connecticut,9.597107877,State,09,PEP,2022,Death Rate,2021
Connecticut,9.628722295,State,09,PEP,2022,Death Rate,2022
Connecticut,-0.208566545,State,09,PEP,2022,Natural Change Rate,2021
Connecticut,0.252704992,State,09,PEP,2022,Natural Change Rate,2022
Connecticut,1.721989658,State,09,PEP,2022,International Migration Rate,2021
Connecticut,4.49572112,State,09,PEP,2022,International Migration Rate,2022
Connecticut,5.267897911,State,09,PEP,2022,Domestic Migration Rate,2021
Connecticut,-3.737330266,State,09,PEP,2022,Domestic Migration Rate,2022
Cornwall,1570,Town,0916017240,PEP,2022,Estimate Base,2020
Cornwall,1568,Town,0916017240,PEP,2022,Population Estimate,2020
Cornwall,1573,Town,0916017240,PEP,2022,Population Estimate,2021
Cornwall,1573,Town,0916017240,PEP,2022,Population Estimate,2022
Coventry,12235,Town,0911017800,PEP,2022,Estimate Base,2020
Coventry,12215,Town,0911017800,PEP,2022,Population Estimate,2020
Coventry,12255,Town,0911017800,PEP,2022,Population Estimate,2021
Coventry,12285,Town,0911017800,PEP,2022,Population Estimate,2022
Cromwell,14222,Town,0913018080,PEP,2022,Estimate Base,2020
Cromwell,14198,Town,0913018080,PEP,2022,Population Estimate,2020
Cromwell,14291,Town,0913018080,PEP,2022,Population Estimate,2021
Cromwell,14317,Town,0913018080,PEP,2022,Population Estimate,2022
Danbury,86510,Town,0919018500,PEP,2022,Estimate Base,2020
Danbury,86254,Town,0919018500,PEP,2022,Population Estimate,2020
Danbury,87105,Town,0919018500,PEP,2022,Population Estimate,2021
Danbury,86967,Town,0919018500,PEP,2022,Population Estimate,2022
Darien,21499,Town,0919018850,PEP,2022,Estimate Base,2020
Darien,21440,Town,0919018850,PEP,2022,Population Estimate,2020
Darien,21566,Town,0919018850,PEP,2022,Population Estimate,2021
Darien,21926,Town,0919018850,PEP,2022,Population Estimate,2022
Deep River,4412,Town,0913019130,PEP,2022,Estimate Base,2020
Deep River,4403,Town,0913019130,PEP,2022,Population Estimate,2020
Deep River,4441,Town,0913019130,PEP,2022,Population Estimate,2021
Deep River,4445,Town,0913019130,PEP,2022,Population Estimate,2022
Derby,12328,Town,0914019550,PEP,2022,Estimate Base,2020
Derby,12311,Town,0914019550,PEP,2022,Population Estimate,2020
Derby,12348,Town,0914019550,PEP,2022,Population Estimate,2021
Derby,12358,Town,0914019550,PEP,2022,Population Estimate,2022
Durham,7154,Town,0913020810,PEP,2022,Estimate Base,2020
Durham,7142,Town,0913020810,PEP,2022,Population Estimate,2020
Durham,7198,Town,0913020810,PEP,2022,Population Estimate,2021
Durham,7207,Town,0913020810,PEP,2022,Population Estimate,2022
East Granby,5214,Town,0911022070,PEP,2022,Estimate Base,2020
East Granby,5200,Town,0911022070,PEP,2022,Population Estimate,2020
East Granby,5197,Town,0911022070,PEP,2022,Population Estimate,2021
East Granby,5218,Town,0911022070,PEP,2022,Population Estimate,2022
East Haddam,8874,Town,0913022280,PEP,2022,Estimate Base,2020
East Haddam,8858,Town,0913022280,PEP,2022,Population Estimate,2020
East Haddam,8934,Town,0913022280,PEP,2022,Population Estimate,2021
East Haddam,8949,Town,0913022280,PEP,2022,Population Estimate,2022
East Hampton,12716,Town,0913022490,PEP,2022,Estimate Base,2020
East Hampton,12697,Town,0913022490,PEP,2022,Population Estimate,2020
East Hampton,12808,Town,0913022490,PEP,2022,Population Estimate,2021
East Hampton,12960,Town,0913022490,PEP,2022,Population Estimate,2022
East Hartford,51040,Town,0911022630,PEP,2022,Estimate Base,2020
East Hartford,50904,Town,0911022630,PEP,2022,Population Estimate,2020
East Hartford,50857,Town,0911022630,PEP,2022,Population Estimate,2021
East Hartford,50718,Town,0911022630,PEP,2022,Population Estimate,2022
East Haven,27896,Town,0917022910,PEP,2022,Estimate Base,2020
East Haven,27818,Town,0917022910,PEP,2022,Population Estimate,2020
East Haven,27777,Town,0917022910,PEP,2022,Population Estimate,2021
East Haven,27682,Town,0917022910,PEP,2022,Population Estimate,2022
East Lyme,18688,Town,0918023400,PEP,2022,Estimate Base,2020
East Lyme,18464,Town,0918023400,PEP,2022,Population Estimate,2020
East Lyme,18587,Town,0918023400,PEP,2022,Population Estimate,2021
East Lyme,18788,Town,0918023400,PEP,2022,Population Estimate,2022
East Windsor,11193,Town,0911024800,PEP,2022,Estimate Base,2020
East Windsor,11173,Town,0911024800,PEP,2022,Population Estimate,2020
East Windsor,11174,Town,0911024800,PEP,2022,Population Estimate,2021
East Windsor,11176,Town,0911024800,PEP,2022,Population Estimate,2022
Eastford,1646,Town,0915021860,PEP,2022,Estimate Base,2020
Eastford,1649,Town,0915021860,PEP,2022,Population Estimate,2020
Eastford,1667,Town,0915021860,PEP,2022,Population Estimate,2021
Eastford,1675,Town,0915021860,PEP,2022,Population Estimate,2022
Easton,7609,Town,0912023890,PEP,2022,Estimate Base,2020
Easton,7585,Town,0912023890,PEP,2022,Population Estimate,2020
Easton,7621,Town,0912023890,PEP,2022,Population Estimate,2021
Easton,7630,Town,0912023890,PEP,2022,Population Estimate,2022
Ellington,16409,Town,0911025360,PEP,2022,Estimate Base,2020
Ellington,16436,Town,0911025360,PEP,2022,Population Estimate,2020
Ellington,16677,Town,0911025360,PEP,2022,Population Estimate,2021
Ellington,16977,Town,0911025360,PEP,2022,Population Estimate,2022
Enfield,42139,Town,0911025990,PEP,2022,Estimate Base,2020
Enfield,41198,Town,0911025990,PEP,2022,Population Estimate,2020
Enfield,40774,Town,0911025990,PEP,2022,Population Estimate,2021
Enfield,41245,Town,0911025990,PEP,2022,Population Estimate,2022
Essex,6737,Town,0913026270,PEP,2022,Estimate Base,2020
Essex,6726,Town,0913026270,PEP,2022,Population Estimate,2020
Essex,6779,Town,0913026270,PEP,2022,Population Estimate,2021
Essex,6793,Town,0913026270,PEP,2022,Population Estimate,2022
Fairfield,61513,Town,0912026620,PEP,2022,Estimate Base,2020
Fairfield,61466,Town,0912026620,PEP,2022,Population Estimate,2020
Fairfield,62755,Town,0912026620,PEP,2022,Population Estimate,2021
Fairfield,62871,Town,0912026620,PEP,2022,Population Estimate,2022
Farmington,26717,Town,0911027600,PEP,2022,Estimate Base,2020
Farmington,26676,Town,0911027600,PEP,2022,Population Estimate,2020
Farmington,26710,Town,0911027600,PEP,2022,Population Estimate,2021
Farmington,26728,Town,0911027600,PEP,2022,Population Estimate,2022
Franklin,1863,Town,0918029910,PEP,2022,Estimate Base,2020
Franklin,1858,Town,0918029910,PEP,2022,Population Estimate,2020
Franklin,1868,Town,0918029910,PEP,2022,Population Estimate,2021
Franklin,1881,Town,0918029910,PEP,2022,Population Estimate,2022
Glastonbury,35159,Town,0911031240,PEP,2022,Estimate Base,2020
Glastonbury,35085,Town,0911031240,PEP,2022,Population Estimate,2020
Glastonbury,35186,Town,0911031240,PEP,2022,Population Estimate,2021
Glastonbury,35199,Town,0911031240,PEP,2022,Population Estimate,2022
Goshen,3153,Town,0916032290,PEP,2022,Estimate Base,2020
Goshen,3148,Town,0916032290,PEP,2022,Population Estimate,2020
Goshen,3168,Town,0916032290,PEP,2022,Population Estimate,2021
Goshen,3203,Town,0916032290,PEP,2022,Population Estimate,2022
Granby,10902,Town,0911032640,PEP,2022,Estimate Base,2020
Granby,10898,Town,0911032640,PEP,2022,Population Estimate,2020
Granby,10974,Town,0911032640,PEP,2022,Population Estimate,2021
Granby,11041,Town,0911032640,PEP,2022,Population Estimate,2022
Greater Bridgeport Planning Region,325777,Planning Region,09120,PEP,2022,Estimate Base,2020
Greater Bridgeport Planning Region,324932,Planning Region,09120,PEP,2022,Population Estimate,2020
Greater Bridgeport Planning Region,327229,Planning Region,09120,PEP,2022,Population Estimate,2021
Greater Bridgeport Planning Region,327286,Planning Region,09120,PEP,2022,Population Estimate,2022
Greater Bridgeport Planning Region,-845,Planning Region,09120,PEP,2022,Population Change (#),2020
Greater Bridgeport Planning Region,2297,Planning Region,09120,PEP,2022,Population Change (#),2021
Greater Bridgeport Planning Region,57,Planning Region,09120,PEP,2022,Population Change (#),2022
Greater Bridgeport Planning Region,820,Planning Region,09120,PEP,2022,Births,2020
Greater Bridgeport Planning Region,3255,Planning Region,09120,PEP,2022,Births,2021
Greater Bridgeport Planning Region,3438,Planning Region,09120,PEP,2022,Births,2022
Greater Bridgeport Planning Region,999,Planning Region,09120,PEP,2022,Deaths,2020
Greater Bridgeport Planning Region,2572,Planning Region,09120,PEP,2022,Deaths,2021
Greater Bridgeport Planning Region,2629,Planning Region,09120,PEP,2022,Deaths,2022
Greater Bridgeport Planning Region,-179,Planning Region,09120,PEP,2022,Natural Change,2020
Greater Bridgeport Planning Region,683,Planning Region,09120,PEP,2022,Natural Change,2021
Greater Bridgeport Planning Region,809,Planning Region,09120,PEP,2022,Natural Change,2022
Greater Bridgeport Planning Region,37,Planning Region,09120,PEP,2022,International Migration,2020
Greater Bridgeport Planning Region,902,Planning Region,09120,PEP,2022,International Migration,2021
Greater Bridgeport Planning Region,2177,Planning Region,09120,PEP,2022,International Migration,2022
Greater Bridgeport Planning Region,-683,Planning Region,09120,PEP,2022,Domestic Migration,2020
Greater Bridgeport Planning Region,493,Planning Region,09120,PEP,2022,Domestic Migration,2021
Greater Bridgeport Planning Region,-2955,Planning Region,09120,PEP,2022,Domestic Migration,2022
Greater Bridgeport Planning Region,-20,Planning Region,09120,PEP,2022,Residual,2020
Greater Bridgeport Planning Region,219,Planning Region,09120,PEP,2022,Residual,2021
Greater Bridgeport Planning Region,26,Planning Region,09120,PEP,2022,Residual,2022
Greater Bridgeport Planning Region,9815,Planning Region,09120,PEP,2022,Group Quarters Estimates Base,2020
Greater Bridgeport Planning Region,9770,Planning Region,09120,PEP,2022,Group Quarters Estimates,2020
Greater Bridgeport Planning Region,10737,Planning Region,09120,PEP,2022,Group Quarters Estimates,2021
Greater Bridgeport Planning Region,10760,Planning Region,09120,PEP,2022,Group Quarters Estimates,2022
Greater Bridgeport Planning Region,9.982197648,Planning Region,09120,PEP,2022,Birth Rate,2021
Greater Bridgeport Planning Region,10.5054888,Planning Region,09120,PEP,2022,Birth Rate,2022
Greater Bridgeport Planning Region,7.887622842,Planning Region,09120,PEP,2022,Death Rate,2021
Greater Bridgeport Planning Region,8.033429333,Planning Region,09120,PEP,2022,Death Rate,2022
Greater Bridgeport Planning Region,2.094574806,Planning Region,09120,PEP,2022,Natural Change Rate,2021
Greater Bridgeport Planning Region,2.472059464,Planning Region,09120,PEP,2022,Natural Change Rate,2022
Greater Bridgeport Planning Region,2.766188104,Planning Region,09120,PEP,2022,International Migration Rate,2021
Greater Bridgeport Planning Region,6.652253959,Planning Region,09120,PEP,2022,International Migration Rate,2022
Greater Bridgeport Planning Region,1.511896602,Planning Region,09120,PEP,2022,Domestic Migration Rate,2021
Greater Bridgeport Planning Region,-9.029586793,Planning Region,09120,PEP,2022,Domestic Migration Rate,2022
Greenwich,63527,Town,0919033620,PEP,2022,Estimate Base,2020
Greenwich,63361,Town,0919033620,PEP,2022,Population Estimate,2020
Greenwich,63651,Town,0919033620,PEP,2022,Population Estimate,2021
Greenwich,63638,Town,0919033620,PEP,2022,Population Estimate,2022
Griswold,11404,Town,0918033900,PEP,2022,Estimate Base,2020
Griswold,11421,Town,0918033900,PEP,2022,Population Estimate,2020
Griswold,11444,Town,0918033900,PEP,2022,Population Estimate,2021
Griswold,11509,Town,0918033900,PEP,2022,Population Estimate,2022
Groton,38400,Town,0918034250,PEP,2022,Estimate Base,2020
Groton,38346,Town,0918034250,PEP,2022,Population Estimate,2020
Groton,37733,Town,0918034250,PEP,2022,Population Estimate,2021
Groton,37743,Town,0918034250,PEP,2022,Population Estimate,2022
Guilford,22075,Town,0917034950,PEP,2022,Estimate Base,2020
Guilford,22014,Town,0917034950,PEP,2022,Population Estimate,2020
Guilford,22026,Town,0917034950,PEP,2022,Population Estimate,2021
Guilford,22019,Town,0917034950,PEP,2022,Population Estimate,2022
Haddam,8452,Town,0913035230,PEP,2022,Estimate Base,2020
Haddam,8437,Town,0913035230,PEP,2022,Population Estimate,2020
Haddam,8504,Town,0913035230,PEP,2022,Population Estimate,2021
Haddam,8670,Town,0913035230,PEP,2022,Population Estimate,2022
Hamden,61200,Town,0917035650,PEP,2022,Estimate Base,2020
Hamden,61045,Town,0917035650,PEP,2022,Population Estimate,2020
Hamden,61016,Town,0917035650,PEP,2022,Population Estimate,2021
Hamden,60809,Town,0917035650,PEP,2022,Population Estimate,2022
Hampton,1729,Town,0915036000,PEP,2022,Estimate Base,2020
Hampton,1730,Town,0915036000,PEP,2022,Population Estimate,2020
Hampton,1736,Town,0915036000,PEP,2022,Population Estimate,2021
Hampton,1738,Town,0915036000,PEP,2022,Population Estimate,2022
Hartford,121018,Town,0911037070,PEP,2022,Estimate Base,2020
Hartford,120638,Town,0911037070,PEP,2022,Population Estimate,2020
Hartford,120867,Town,0911037070,PEP,2022,Population Estimate,2021
Hartford,120686,Town,0911037070,PEP,2022,Population Estimate,2022
Hartland,1902,Town,0916037140,PEP,2022,Estimate Base,2020
Hartland,1898,Town,0916037140,PEP,2022,Population Estimate,2020
Hartland,1907,Town,0916037140,PEP,2022,Population Estimate,2021
Hartland,1908,Town,0916037140,PEP,2022,Population Estimate,2022
Harwinton,5483,Town,0916037280,PEP,2022,Estimate Base,2020
Harwinton,5474,Town,0916037280,PEP,2022,Population Estimate,2020
Harwinton,5520,Town,0916037280,PEP,2022,Population Estimate,2021
Harwinton,5562,Town,0916037280,PEP,2022,Population Estimate,2022
Hebron,9089,Town,0911037910,PEP,2022,Estimate Base,2020
Hebron,9073,Town,0911037910,PEP,2022,Population Estimate,2020
Hebron,9098,Town,0911037910,PEP,2022,Population Estimate,2021
Hebron,9121,Town,0911037910,PEP,2022,Population Estimate,2022
Kent,3018,Town,0916040290,PEP,2022,Estimate Base,2020
Kent,3013,Town,0916040290,PEP,2022,Population Estimate,2020
Kent,3034,Town,0916040290,PEP,2022,Population Estimate,2021
Kent,3051,Town,0916040290,PEP,2022,Population Estimate,2022
Killingly,17740,Town,0915040500,PEP,2022,Estimate Base,2020
Killingly,17738,Town,0915040500,PEP,2022,Population Estimate,2020
Killingly,17783,Town,0915040500,PEP,2022,Population Estimate,2021
Killingly,17837,Town,0915040500,PEP,2022,Population Estimate,2022
Killingworth,6170,Town,0913040710,PEP,2022,Estimate Base,2020
Killingworth,6160,Town,0913040710,PEP,2022,Population Estimate,2020
Killingworth,6224,Town,0913040710,PEP,2022,Population Estimate,2021
Killingworth,6239,Town,0913040710,PEP,2022,Population Estimate,2022
Lebanon,7141,Town,0918042390,PEP,2022,Estimate Base,2020
Lebanon,7125,Town,0918042390,PEP,2022,Population Estimate,2020
Lebanon,7128,Town,0918042390,PEP,2022,Population Estimate,2021
Lebanon,7132,Town,0918042390,PEP,2022,Population Estimate,2022
Ledyard,15422,Town,0918042600,PEP,2022,Estimate Base,2020
Ledyard,15388,Town,0918042600,PEP,2022,Population Estimate,2020
Ledyard,15389,Town,0918042600,PEP,2022,Population Estimate,2021
Ledyard,15456,Town,0918042600,PEP,2022,Population Estimate,2022
Lisbon,4192,Town,0918043230,PEP,2022,Estimate Base,2020
Lisbon,4189,Town,0918043230,PEP,2022,Population Estimate,2020
Lisbon,4212,Town,0918043230,PEP,2022,Population Estimate,2021
Lisbon,4242,Town,0918043230,PEP,2022,Population Estimate,2022
Litchfield,8196,Town,0916043370,PEP,2022,Estimate Base,2020
Litchfield,8184,Town,0916043370,PEP,2022,Population Estimate,2020
Litchfield,8258,Town,0916043370,PEP,2022,Population Estimate,2021
Litchfield,8279,Town,0916043370,PEP,2022,Population Estimate,2022
Lower Connecticut River Valley Planning Region,174221,Planning Region,09130,PEP,2022,Estimate Base,2020
Lower Connecticut River Valley Planning Region,173927,Planning Region,09130,PEP,2022,Population Estimate,2020
Lower Connecticut River Valley Planning Region,176095,Planning Region,09130,PEP,2022,Population Estimate,2021
Lower Connecticut River Valley Planning Region,176622,Planning Region,09130,PEP,2022,Population Estimate,2022
Lower Connecticut River Valley Planning Region,-294,Planning Region,09130,PEP,2022,Population Change (#),2020
Lower Connecticut River Valley Planning Region,2168,Planning Region,09130,PEP,2022,Population Change (#),2021
Lower Connecticut River Valley Planning Region,527,Planning Region,09130,PEP,2022,Population Change (#),2022
Lower Connecticut River Valley Planning Region,351,Planning Region,09130,PEP,2022,Births,2020
Lower Connecticut River Valley Planning Region,1384,Planning Region,09130,PEP,2022,Births,2021
Lower Connecticut River Valley Planning Region,1460,Planning Region,09130,PEP,2022,Births,2022
Lower Connecticut River Valley Planning Region,555,Planning Region,09130,PEP,2022,Deaths,2020
Lower Connecticut River Valley Planning Region,1814,Planning Region,09130,PEP,2022,Deaths,2021
Lower Connecticut River Valley Planning Region,1811,Planning Region,09130,PEP,2022,Deaths,2022
Lower Connecticut River Valley Planning Region,-204,Planning Region,09130,PEP,2022,Natural Change,2020
Lower Connecticut River Valley Planning Region,-430,Planning Region,09130,PEP,2022,Natural Change,2021
Lower Connecticut River Valley Planning Region,-351,Planning Region,09130,PEP,2022,Natural Change,2022
Lower Connecticut River Valley Planning Region,3,Planning Region,09130,PEP,2022,International Migration,2020
Lower Connecticut River Valley Planning Region,130,Planning Region,09130,PEP,2022,International Migration,2021
Lower Connecticut River Valley Planning Region,334,Planning Region,09130,PEP,2022,International Migration,2022
Lower Connecticut River Valley Planning Region,-119,Planning Region,09130,PEP,2022,Domestic Migration,2020
Lower Connecticut River Valley Planning Region,2500,Planning Region,09130,PEP,2022,Domestic Migration,2021
Lower Connecticut River Valley Planning Region,622,Planning Region,09130,PEP,2022,Domestic Migration,2022
Lower Connecticut River Valley Planning Region,26,Planning Region,09130,PEP,2022,Residual,2020
Lower Connecticut River Valley Planning Region,-32,Planning Region,09130,PEP,2022,Residual,2021
Lower Connecticut River Valley Planning Region,-78,Planning Region,09130,PEP,2022,Residual,2022
Lower Connecticut River Valley Planning Region,6496,Planning Region,09130,PEP,2022,Group Quarters Estimates Base,2020
Lower Connecticut River Valley Planning Region,6499,Planning Region,09130,PEP,2022,Group Quarters Estimates,2020
Lower Connecticut River Valley Planning Region,7232,Planning Region,09130,PEP,2022,Group Quarters Estimates,2021
Lower Connecticut River Valley Planning Region,7207,Planning Region,09130,PEP,2022,Group Quarters Estimates,2022
Lower Connecticut River Valley Planning Region,7.90807435,Planning Region,09130,PEP,2022,Birth Rate,2021
Lower Connecticut River Valley Planning Region,8.278591619,Planning Region,09130,PEP,2022,Birth Rate,2022
Lower Connecticut River Valley Planning Region,10.36506277,Planning Region,09130,PEP,2022,Death Rate,2021
Lower Connecticut River Valley Planning Region,10.26885577,Planning Region,09130,PEP,2022,Death Rate,2022
Lower Connecticut River Valley Planning Region,-2.456988418,Planning Region,09130,PEP,2022,Natural Change Rate,2021
Lower Connecticut River Valley Planning Region,-1.990264149,Planning Region,09130,PEP,2022,Natural Change Rate,2022
Lower Connecticut River Valley Planning Region,0.742810452,Planning Region,09130,PEP,2022,International Migration Rate,2021
Lower Connecticut River Valley Planning Region,1.89386959,Planning Region,09130,PEP,2022,International Migration Rate,2022
Lower Connecticut River Valley Planning Region,14.28481638,Planning Region,09130,PEP,2022,Domestic Migration Rate,2021
Lower Connecticut River Valley Planning Region,3.52690684,Planning Region,09130,PEP,2022,Domestic Migration Rate,2022
Lyme,2356,Town,0913044210,PEP,2022,Estimate Base,2020
Lyme,2351,Town,0913044210,PEP,2022,Population Estimate,2020
Lyme,2376,Town,0913044210,PEP,2022,Population Estimate,2021
Lyme,2401,Town,0913044210,PEP,2022,Population Estimate,2022
Madison,17691,Town,0917044560,PEP,2022,Estimate Base,2020
Madison,17636,Town,0917044560,PEP,2022,Population Estimate,2020
Madison,17601,Town,0917044560,PEP,2022,Population Estimate,2021
Madison,17565,Town,0917044560,PEP,2022,Population Estimate,2022
Manchester,59711,Town,0911044700,PEP,2022,Estimate Base,2020
Manchester,59567,Town,0911044700,PEP,2022,Population Estimate,2020
Manchester,59569,Town,0911044700,PEP,2022,Population Estimate,2021
Manchester,59461,Town,0911044700,PEP,2022,Population Estimate,2022
Mansfield,25887,Town,0911044910,PEP,2022,Estimate Base,2020
Mansfield,25853,Town,0911044910,PEP,2022,Population Estimate,2020
Mansfield,31946,Town,0911044910,PEP,2022,Population Estimate,2021
Mansfield,31949,Town,0911044910,PEP,2022,Population Estimate,2022
Marlborough,6130,Town,0911045820,PEP,2022,Estimate Base,2020
Marlborough,6114,Town,0911045820,PEP,2022,Population Estimate,2020
Marlborough,6111,Town,0911045820,PEP,2022,Population Estimate,2021
Marlborough,6109,Town,0911045820,PEP,2022,Population Estimate,2022
Meriden,60830,Town,0917046520,PEP,2022,Estimate Base,2020
Meriden,60619,Town,0917046520,PEP,2022,Population Estimate,2020
Meriden,60437,Town,0917046520,PEP,2022,Population Estimate,2021
Meriden,60242,Town,0917046520,PEP,2022,Population Estimate,2022
Middlebury,7574,Town,0914046940,PEP,2022,Estimate Base,2020
Middlebury,7583,Town,0914046940,PEP,2022,Population Estimate,2020
Middlebury,7724,Town,0914046940,PEP,2022,Population Estimate,2021
Middlebury,7807,Town,0914046940,PEP,2022,Population Estimate,2022
Middlefield,4212,Town,0913047080,PEP,2022,Estimate Base,2020
Middlefield,4203,Town,0913047080,PEP,2022,Population Estimate,2020
Middlefield,4243,Town,0913047080,PEP,2022,Population Estimate,2021
Middlefield,4248,Town,0913047080,PEP,2022,Population Estimate,2022
Middletown,47726,Town,0913047360,PEP,2022,Estimate Base,2020
Middletown,47644,Town,0913047360,PEP,2022,Population Estimate,2020
Middletown,48723,Town,0913047360,PEP,2022,Population Estimate,2021
Middletown,48729,Town,0913047360,PEP,2022,Population Estimate,2022
Milford,52039,Town,0917047535,PEP,2022,Estimate Base,2020
Milford,52022,Town,0917047535,PEP,2022,Population Estimate,2020
Milford,52333,Town,0917047535,PEP,2022,Population Estimate,2021
Milford,52679,Town,0917047535,PEP,2022,Population Estimate,2022
Monroe,18821,Town,0912048620,PEP,2022,Estimate Base,2020
Monroe,18766,Town,0912048620,PEP,2022,Population Estimate,2020
Monroe,18808,Town,0912048620,PEP,2022,Population Estimate,2021
Monroe,18796,Town,0912048620,PEP,2022,Population Estimate,2022
Montville,18385,Town,0918048900,PEP,2022,Estimate Base,2020
Montville,18080,Town,0918048900,PEP,2022,Population Estimate,2020
Montville,18137,Town,0918048900,PEP,2022,Population Estimate,2021
Montville,17891,Town,0918048900,PEP,2022,Population Estimate,2022
Morris,2248,Town,0916049460,PEP,2022,Estimate Base,2020
Morris,2245,Town,0916049460,PEP,2022,Population Estimate,2020
Morris,2258,Town,0916049460,PEP,2022,Population Estimate,2021
Morris,2267,Town,0916049460,PEP,2022,Population Estimate,2022
Naugatuck,31583,Town,0914049950,PEP,2022,Estimate Base,2020
Naugatuck,31536,Town,0914049950,PEP,2022,Population Estimate,2020
Naugatuck,31654,Town,0914049950,PEP,2022,Population Estimate,2021
Naugatuck,31705,Town,0914049950,PEP,2022,Population Estimate,2022
Naugatuck Valley Planning Region,450447,Planning Region,09140,PEP,2022,Estimate Base,2020
Naugatuck Valley Planning Region,449896,Planning Region,09140,PEP,2022,Population Estimate,2020
Naugatuck Valley Planning Region,452894,Planning Region,09140,PEP,2022,Population Estimate,2021
Naugatuck Valley Planning Region,454083,Planning Region,09140,PEP,2022,Population Estimate,2022
Naugatuck Valley Planning Region,-551,Planning Region,09140,PEP,2022,Population Change (#),2020
Naugatuck Valley Planning Region,2998,Planning Region,09140,PEP,2022,Population Change (#),2021
Naugatuck Valley Planning Region,1189,Planning Region,09140,PEP,2022,Population Change (#),2022
Naugatuck Valley Planning Region,1047,Planning Region,09140,PEP,2022,Births,2020
Naugatuck Valley Planning Region,4240,Planning Region,09140,PEP,2022,Births,2021
Naugatuck Valley Planning Region,4487,Planning Region,09140,PEP,2022,Births,2022
Naugatuck Valley Planning Region,1518,Planning Region,09140,PEP,2022,Deaths,2020
Naugatuck Valley Planning Region,4503,Planning Region,09140,PEP,2022,Deaths,2021
Naugatuck Valley Planning Region,4536,Planning Region,09140,PEP,2022,Deaths,2022
Naugatuck Valley Planning Region,-471,Planning Region,09140,PEP,2022,Natural Change,2020
Naugatuck Valley Planning Region,-263,Planning Region,09140,PEP,2022,Natural Change,2021
Naugatuck Valley Planning Region,-49,Planning Region,09140,PEP,2022,Natural Change,2022
Naugatuck Valley Planning Region,22,Planning Region,09140,PEP,2022,International Migration,2020
Naugatuck Valley Planning Region,516,Planning Region,09140,PEP,2022,International Migration,2021
Naugatuck Valley Planning Region,1301,Planning Region,09140,PEP,2022,International Migration,2022
Naugatuck Valley Planning Region,-168,Planning Region,09140,PEP,2022,Domestic Migration,2020
Naugatuck Valley Planning Region,2519,Planning Region,09140,PEP,2022,Domestic Migration,2021
Naugatuck Valley Planning Region,165,Planning Region,09140,PEP,2022,Domestic Migration,2022
Naugatuck Valley Planning Region,66,Planning Region,09140,PEP,2022,Residual,2020
Naugatuck Valley Planning Region,226,Planning Region,09140,PEP,2022,Residual,2021
Naugatuck Valley Planning Region,-228,Planning Region,09140,PEP,2022,Residual,2022
Naugatuck Valley Planning Region,6982,Planning Region,09140,PEP,2022,Group Quarters Estimates Base,2020
Naugatuck Valley Planning Region,6878,Planning Region,09140,PEP,2022,Group Quarters Estimates,2020
Naugatuck Valley Planning Region,7313,Planning Region,09140,PEP,2022,Group Quarters Estimates,2021
Naugatuck Valley Planning Region,7473,Planning Region,09140,PEP,2022,Group Quarters Estimates,2022
Naugatuck Valley Planning Region,9.393103601,Planning Region,09140,PEP,2022,Birth Rate,2021
Naugatuck Valley Planning Region,9.894407466,Planning Region,09140,PEP,2022,Birth Rate,2022
Naugatuck Valley Planning Region,9.975741867,Planning Region,09140,PEP,2022,Death Rate,2021
Naugatuck Valley Planning Region,10.00245872,Planning Region,09140,PEP,2022,Death Rate,2022
Naugatuck Valley Planning Region,-0.582638266,Planning Region,09140,PEP,2022,Natural Change Rate,2021
Naugatuck Valley Planning Region,-0.108051252,Planning Region,09140,PEP,2022,Natural Change Rate,2022
Naugatuck Valley Planning Region,1.143122985,Planning Region,09140,PEP,2022,International Migration Rate,2021
Naugatuck Valley Planning Region,2.868870986,Planning Region,09140,PEP,2022,International Migration Rate,2022
Naugatuck Valley Planning Region,5.580478295,Planning Region,09140,PEP,2022,Domestic Migration Rate,2021
Naugatuck Valley Planning Region,0.363846051,Planning Region,09140,PEP,2022,Domestic Migration Rate,2022
New Britain,74159,Town,0911050440,PEP,2022,Estimate Base,2020
New Britain,73974,Town,0911050440,PEP,2022,Population Estimate,2020
New Britain,74581,Town,0911050440,PEP,2022,Population Estimate,2021
New Britain,74396,Town,0911050440,PEP,2022,Population Estimate,2022
New Canaan,20611,Town,0919050580,PEP,2022,Estimate Base,2020
New Canaan,20535,Town,0919050580,PEP,2022,Population Estimate,2020
New Canaan,20801,Town,0919050580,PEP,2022,Population Estimate,2021
New Canaan,20775,Town,0919050580,PEP,2022,Population Estimate,2022
New Fairfield,13580,Town,0919050860,PEP,2022,Estimate Base,2020
New Fairfield,13528,Town,0919050860,PEP,2022,Population Estimate,2020
New Fairfield,13587,Town,0919050860,PEP,2022,Population Estimate,2021
New Fairfield,13536,Town,0919050860,PEP,2022,Population Estimate,2022
New Hartford,6660,Town,0916051350,PEP,2022,Estimate Base,2020
New Hartford,6650,Town,0916051350,PEP,2022,Population Estimate,2020
New Hartford,6688,Town,0916051350,PEP,2022,Population Estimate,2021
New Hartford,6698,Town,0916051350,PEP,2022,Population Estimate,2022
New Haven,134024,Town,0917052070,PEP,2022,Estimate Base,2020
New Haven,133959,Town,0917052070,PEP,2022,Population Estimate,2020
New Haven,138731,Town,0917052070,PEP,2022,Population Estimate,2021
New Haven,138915,Town,0917052070,PEP,2022,Population Estimate,2022
New London,27370,Town,0918052350,PEP,2022,Estimate Base,2020
New London,27320,Town,0918052350,PEP,2022,Population Estimate,2020
New London,27930,Town,0918052350,PEP,2022,Population Estimate,2021
New London,27980,Town,0918052350,PEP,2022,Population Estimate,2022
New Milford,28118,Town,0919052630,PEP,2022,Estimate Base,2020
New Milford,28012,Town,0919052630,PEP,2022,Population Estimate,2020
New Milford,28232,Town,0919052630,PEP,2022,Population Estimate,2021
New Milford,28275,Town,0919052630,PEP,2022,Population Estimate,2022
Newington,30542,Town,0911052140,PEP,2022,Estimate Base,2020
Newington,30461,Town,0911052140,PEP,2022,Population Estimate,2020
Newington,30434,Town,0911052140,PEP,2022,Population Estimate,2021
Newington,30356,Town,0911052140,PEP,2022,Population Estimate,2022
Newtown,27165,Town,0919052980,PEP,2022,Estimate Base,2020
Newtown,27069,Town,0919052980,PEP,2022,Population Estimate,2020
Newtown,27506,Town,0919052980,PEP,2022,Population Estimate,2021
Newtown,27577,Town,0919052980,PEP,2022,Population Estimate,2022
Norfolk,1586,Town,0916053470,PEP,2022,Estimate Base,2020
Norfolk,1583,Town,0916053470,PEP,2022,Population Estimate,2020
Norfolk,1590,Town,0916053470,PEP,2022,Population Estimate,2021
Norfolk,1594,Town,0916053470,PEP,2022,Population Estimate,2022
North Branford,13547,Town,0917053890,PEP,2022,Estimate Base,2020
North Branford,13506,Town,0917053890,PEP,2022,Population Estimate,2020
North Branford,13471,Town,0917053890,PEP,2022,Population Estimate,2021
North Branford,13464,Town,0917053890,PEP,2022,Population Estimate,2022
North Canaan,3207,Town,0916054030,PEP,2022,Estimate Base,2020
North Canaan,3200,Town,0916054030,PEP,2022,Population Estimate,2020
North Canaan,3210,Town,0916054030,PEP,2022,Population Estimate,2021
North Canaan,3209,Town,0916054030,PEP,2022,Population Estimate,2022
North Haven,24261,Town,0917054870,PEP,2022,Estimate Base,2020
North Haven,24186,Town,0917054870,PEP,2022,Population Estimate,2020
North Haven,24172,Town,0917054870,PEP,2022,Population Estimate,2021
North Haven,24114,Town,0917054870,PEP,2022,Population Estimate,2022
North Stonington,5153,Town,0918055500,PEP,2022,Estimate Base,2020
North Stonington,5145,Town,0918055500,PEP,2022,Population Estimate,2020
North Stonington,5159,Town,0918055500,PEP,2022,Population Estimate,2021
North Stonington,5174,Town,0918055500,PEP,2022,Population Estimate,2022
Northeastern Connecticut Planning Region,95344,Planning Region,09150,PEP,2022,Estimate Base,2020
Northeastern Connecticut Planning Region,95274,Planning Region,09150,PEP,2022,Population Estimate,2020
Northeastern Connecticut Planning Region,95708,Planning Region,09150,PEP,2022,Population Estimate,2021
Northeastern Connecticut Planning Region,96196,Planning Region,09150,PEP,2022,Population Estimate,2022
Northeastern Connecticut Planning Region,-70,Planning Region,09150,PEP,2022,Population Change (#),2020
Northeastern Connecticut Planning Region,434,Planning Region,09150,PEP,2022,Population Change (#),2021
Northeastern Connecticut Planning Region,488,Planning Region,09150,PEP,2022,Population Change (#),2022
Northeastern Connecticut Planning Region,211,Planning Region,09150,PEP,2022,Births,2020
Northeastern Connecticut Planning Region,821,Planning Region,09150,PEP,2022,Births,2021
Northeastern Connecticut Planning Region,870,Planning Region,09150,PEP,2022,Births,2022
Northeastern Connecticut Planning Region,265,Planning Region,09150,PEP,2022,Deaths,2020
Northeastern Connecticut Planning Region,1051,Planning Region,09150,PEP,2022,Deaths,2021
Northeastern Connecticut Planning Region,1033,Planning Region,09150,PEP,2022,Deaths,2022
Northeastern Connecticut Planning Region,-54,Planning Region,09150,PEP,2022,Natural Change,2020
Northeastern Connecticut Planning Region,-230,Planning Region,09150,PEP,2022,Natural Change,2021
Northeastern Connecticut Planning Region,-163,Planning Region,09150,PEP,2022,Natural Change,2022
Northeastern Connecticut Planning Region,0,Planning Region,09150,PEP,2022,International Migration,2020
Northeastern Connecticut Planning Region,27,Planning Region,09150,PEP,2022,International Migration,2021
Northeastern Connecticut Planning Region,61,Planning Region,09150,PEP,2022,International Migration,2022
Northeastern Connecticut Planning Region,-26,Planning Region,09150,PEP,2022,Domestic Migration,2020
Northeastern Connecticut Planning Region,600,Planning Region,09150,PEP,2022,Domestic Migration,2021
Northeastern Connecticut Planning Region,616,Planning Region,09150,PEP,2022,Domestic Migration,2022
Northeastern Connecticut Planning Region,10,Planning Region,09150,PEP,2022,Residual,2020
Northeastern Connecticut Planning Region,37,Planning Region,09150,PEP,2022,Residual,2021
Northeastern Connecticut Planning Region,-26,Planning Region,09150,PEP,2022,Residual,2022
Northeastern Connecticut Planning Region,1776,Planning Region,09150,PEP,2022,Group Quarters Estimates Base,2020
Northeastern Connecticut Planning Region,1712,Planning Region,09150,PEP,2022,Group Quarters Estimates,2020
Northeastern Connecticut Planning Region,1641,Planning Region,09150,PEP,2022,Group Quarters Estimates,2021
Northeastern Connecticut Planning Region,1678,Planning Region,09150,PEP,2022,Group Quarters Estimates,2022
Northeastern Connecticut Planning Region,8.59766889,Planning Region,09150,PEP,2022,Birth Rate,2021
Northeastern Connecticut Planning Region,9.067033517,Planning Region,09150,PEP,2022,Birth Rate,2022
Northeastern Connecticut Planning Region,11.00627284,Planning Region,09150,PEP,2022,Death Rate,2021
Northeastern Connecticut Planning Region,10.76579957,Planning Region,09150,PEP,2022,Death Rate,2022
Northeastern Connecticut Planning Region,-2.408603952,Planning Region,09150,PEP,2022,Natural Change Rate,2021
Northeastern Connecticut Planning Region,-1.69876605,Planning Region,09150,PEP,2022,Natural Change Rate,2022
Northeastern Connecticut Planning Region,0.28274916,Planning Region,09150,PEP,2022,International Migration Rate,2021
Northeastern Connecticut Planning Region,0.635734534,Planning Region,09150,PEP,2022,International Migration Rate,2022
Northeastern Connecticut Planning Region,6.283314658,Planning Region,09150,PEP,2022,Domestic Migration Rate,2021
Northeastern Connecticut Planning Region,6.419876605,Planning Region,09150,PEP,2022,Domestic Migration Rate,2022
Northwest Hills Planning Region,112456,Planning Region,09160,PEP,2022,Estimate Base,2020
Northwest Hills Planning Region,112269,Planning Region,09160,PEP,2022,Population Estimate,2020
Northwest Hills Planning Region,112974,Planning Region,09160,PEP,2022,Population Estimate,2021
Northwest Hills Planning Region,113234,Planning Region,09160,PEP,2022,Population Estimate,2022
Northwest Hills Planning Region,-187,Planning Region,09160,PEP,2022,Population Change (#),2020
Northwest Hills Planning Region,705,Planning Region,09160,PEP,2022,Population Change (#),2021
Northwest Hills Planning Region,260,Planning Region,09160,PEP,2022,Population Change (#),2022
Northwest Hills Planning Region,219,Planning Region,09160,PEP,2022,Births,2020
Northwest Hills Planning Region,872,Planning Region,09160,PEP,2022,Births,2021
Northwest Hills Planning Region,926,Planning Region,09160,PEP,2022,Births,2022
Northwest Hills Planning Region,393,Planning Region,09160,PEP,2022,Deaths,2020
Northwest Hills Planning Region,1255,Planning Region,09160,PEP,2022,Deaths,2021
Northwest Hills Planning Region,1257,Planning Region,09160,PEP,2022,Deaths,2022
Northwest Hills Planning Region,-174,Planning Region,09160,PEP,2022,Natural Change,2020
Northwest Hills Planning Region,-383,Planning Region,09160,PEP,2022,Natural Change,2021
Northwest Hills Planning Region,-331,Planning Region,09160,PEP,2022,Natural Change,2022
Northwest Hills Planning Region,0,Planning Region,09160,PEP,2022,International Migration,2020
Northwest Hills Planning Region,70,Planning Region,09160,PEP,2022,International Migration,2021
Northwest Hills Planning Region,169,Planning Region,09160,PEP,2022,International Migration,2022
Northwest Hills Planning Region,-26,Planning Region,09160,PEP,2022,Domestic Migration,2020
Northwest Hills Planning Region,985,Planning Region,09160,PEP,2022,Domestic Migration,2021
Northwest Hills Planning Region,494,Planning Region,09160,PEP,2022,Domestic Migration,2022
Northwest Hills Planning Region,13,Planning Region,09160,PEP,2022,Residual,2020
Northwest Hills Planning Region,33,Planning Region,09160,PEP,2022,Residual,2021
Northwest Hills Planning Region,-72,Planning Region,09160,PEP,2022,Residual,2022
Northwest Hills Planning Region,2344,Planning Region,09160,PEP,2022,Group Quarters Estimates Base,2020
Northwest Hills Planning Region,2346,Planning Region,09160,PEP,2022,Group Quarters Estimates,2020
Northwest Hills Planning Region,2386,Planning Region,09160,PEP,2022,Group Quarters Estimates,2021
Northwest Hills Planning Region,2391,Planning Region,09160,PEP,2022,Group Quarters Estimates,2022
Northwest Hills Planning Region,7.742748942,Planning Region,09160,PEP,2022,Birth Rate,2021
Northwest Hills Planning Region,8.187155185,Planning Region,09160,PEP,2022,Birth Rate,2022
Northwest Hills Planning Region,11.14352055,Planning Region,09160,PEP,2022,Death Rate,2021
Northwest Hills Planning Region,11.1136653,Planning Region,09160,PEP,2022,Death Rate,2022
Northwest Hills Planning Region,-3.400771611,Planning Region,09160,PEP,2022,Natural Change Rate,2021
Northwest Hills Planning Region,-2.926510115,Planning Region,09160,PEP,2022,Natural Change Rate,2022
Northwest Hills Planning Region,0.621550947,Planning Region,09160,PEP,2022,International Migration Rate,2021
Northwest Hills Planning Region,1.494200028,Planning Region,09160,PEP,2022,International Migration Rate,2022
Northwest Hills Planning Region,8.746109757,Planning Region,09160,PEP,2022,Domestic Migration Rate,2021
Northwest Hills Planning Region,4.367661621,Planning Region,09160,PEP,2022,Domestic Migration Rate,2022
Norwalk,91187,Town,0919056060,PEP,2022,Estimate Base,2020
Norwalk,90928,Town,0919056060,PEP,2022,Population Estimate,2020
Norwalk,91475,Town,0919056060,PEP,2022,Population Estimate,2021
Norwalk,91401,Town,0919056060,PEP,2022,Population Estimate,2022
Norwich,40129,Town,0918056270,PEP,2022,Estimate Base,2020
Norwich,40027,Town,0918056270,PEP,2022,Population Estimate,2020
Norwich,40080,Town,0918056270,PEP,2022,Population Estimate,2021
Norwich,40009,Town,0918056270,PEP,2022,Population Estimate,2022
Old Lyme,7622,Town,0913057040,PEP,2022,Estimate Base,2020
Old Lyme,7606,Town,0913057040,PEP,2022,Population Estimate,2020
Old Lyme,7668,Town,0913057040,PEP,2022,Population Estimate,2021
Old Lyme,7684,Town,0913057040,PEP,2022,Population Estimate,2022
Old Saybrook,10483,Town,0913057320,PEP,2022,Estimate Base,2020
Old Saybrook,10467,Town,0913057320,PEP,2022,Population Estimate,2020
Old Saybrook,10514,Town,0913057320,PEP,2022,Population Estimate,2021
Old Saybrook,10535,Town,0913057320,PEP,2022,Population Estimate,2022
Orange,14268,Town,0917057600,PEP,2022,Estimate Base,2020
Orange,14230,Town,0917057600,PEP,2022,Population Estimate,2020
Orange,14234,Town,0917057600,PEP,2022,Population Estimate,2021
Orange,14258,Town,0917057600,PEP,2022,Population Estimate,2022
Oxford,12705,Town,0914058300,PEP,2022,Estimate Base,2020
Oxford,12708,Town,0914058300,PEP,2022,Population Estimate,2020
Oxford,12845,Town,0914058300,PEP,2022,Population Estimate,2021
Oxford,12941,Town,0914058300,PEP,2022,Population Estimate,2022
Plainfield,14981,Town,0915059980,PEP,2022,Estimate Base,2020
Plainfield,14977,Town,0915059980,PEP,2022,Population Estimate,2020
Plainfield,15043,Town,0915059980,PEP,2022,Population Estimate,2021
Plainfield,15143,Town,0915059980,PEP,2022,Population Estimate,2022
Plainville,17526,Town,0911060120,PEP,2022,Estimate Base,2020
Plainville,17485,Town,0911060120,PEP,2022,Population Estimate,2020
Plainville,17498,Town,0911060120,PEP,2022,Population Estimate,2021
Plainville,17479,Town,0911060120,PEP,2022,Population Estimate,2022
Plymouth,11660,Town,0914060750,PEP,2022,Estimate Base,2020
Plymouth,11647,Town,0914060750,PEP,2022,Population Estimate,2020
Plymouth,11693,Town,0914060750,PEP,2022,Population Estimate,2021
Plymouth,11711,Town,0914060750,PEP,2022,Population Estimate,2022
Pomfret,4271,Town,0915061030,PEP,2022,Estimate Base,2020
Pomfret,4270,Town,0915061030,PEP,2022,Population Estimate,2020
Pomfret,4291,Town,0915061030,PEP,2022,Population Estimate,2021
Pomfret,4307,Town,0915061030,PEP,2022,Population Estimate,2022
Portland,9380,Town,0913061800,PEP,2022,Estimate Base,2020
Portland,9363,Town,0913061800,PEP,2022,Population Estimate,2020
Portland,9426,Town,0913061800,PEP,2022,Population Estimate,2021
Portland,9429,Town,0913061800,PEP,2022,Population Estimate,2022
Preston,4794,Town,0918062150,PEP,2022,Estimate Base,2020
Preston,4789,Town,0918062150,PEP,2022,Population Estimate,2020
Preston,4820,Town,0918062150,PEP,2022,Population Estimate,2021
Preston,4840,Town,0918062150,PEP,2022,Population Estimate,2022
Prospect,9358,Town,0914062290,PEP,2022,Estimate Base,2020
Prospect,9373,Town,0914062290,PEP,2022,Population Estimate,2020
Prospect,9413,Town,0914062290,PEP,2022,Population Estimate,2021
Prospect,9435,Town,0914062290,PEP,2022,Population Estimate,2022
Putnam,9230,Town,0915062710,PEP,2022,Estimate Base,2020
Putnam,9229,Town,0915062710,PEP,2022,Population Estimate,2020
Putnam,9259,Town,0915062710,PEP,2022,Population Estimate,2021
Putnam,9302,Town,0915062710,PEP,2022,Population Estimate,2022
Redding,8765,Town,0919063480,PEP,2022,Estimate Base,2020
Redding,8730,Town,0919063480,PEP,2022,Population Estimate,2020
Redding,8768,Town,0919063480,PEP,2022,Population Estimate,2021
Redding,8746,Town,0919063480,PEP,2022,Population Estimate,2022
Ridgefield,25040,Town,0919063970,PEP,2022,Estimate Base,2020
Ridgefield,24962,Town,0919063970,PEP,2022,Population Estimate,2020
Ridgefield,25082,Town,0919063970,PEP,2022,Population Estimate,2021
Ridgefield,25007,Town,0919063970,PEP,2022,Population Estimate,2022
Rocky Hill,20841,Town,0911065370,PEP,2022,Estimate Base,2020
Rocky Hill,20790,Town,0911065370,PEP,2022,Population Estimate,2020
Rocky Hill,20748,Town,0911065370,PEP,2022,Population Estimate,2021
Rocky Hill,20712,Town,0911065370,PEP,2022,Population Estimate,2022
Roxbury,2257,Town,0916065930,PEP,2022,Estimate Base,2020
Roxbury,2254,Town,0916065930,PEP,2022,Population Estimate,2020
Roxbury,2273,Town,0916065930,PEP,2022,Population Estimate,2021
Roxbury,2279,Town,0916065930,PEP,2022,Population Estimate,2022
Salem,4208,Town,0918066210,PEP,2022,Estimate Base,2020
Salem,4202,Town,0918066210,PEP,2022,Population Estimate,2020
Salem,4214,Town,0918066210,PEP,2022,Population Estimate,2021
Salem,4326,Town,0918066210,PEP,2022,Population Estimate,2022
Salisbury,4201,Town,0916066420,PEP,2022,Estimate Base,2020
Salisbury,4193,Town,0916066420,PEP,2022,Population Estimate,2020
Salisbury,4218,Town,0916066420,PEP,2022,Population Estimate,2021
Salisbury,4239,Town,0916066420,PEP,2022,Population Estimate,2022
Scotland,1573,Town,0915067400,PEP,2022,Estimate Base,2020
Scotland,1572,Town,0915067400,PEP,2022,Population Estimate,2020
Scotland,1575,Town,0915067400,PEP,2022,Population Estimate,2021
Scotland,1577,Town,0915067400,PEP,2022,Population Estimate,2022
Seymour,16758,Town,0914067610,PEP,2022,Estimate Base,2020
Seymour,16735,Town,0914067610,PEP,2022,Population Estimate,2020
Seymour,16794,Town,0914067610,PEP,2022,Population Estimate,2021
Seymour,16809,Town,0914067610,PEP,2022,Population Estimate,2022
Sharon,2679,Town,0916067960,PEP,2022,Estimate Base,2020
Sharon,2677,Town,0916067960,PEP,2022,Population Estimate,2020
Sharon,2709,Town,0916067960,PEP,2022,Population Estimate,2021
Sharon,2724,Town,0916067960,PEP,2022,Population Estimate,2022
Shelton,40882,Town,0914068170,PEP,2022,Estimate Base,2020
Shelton,40846,Town,0914068170,PEP,2022,Population Estimate,2020
Shelton,41691,Town,0914068170,PEP,2022,Population Estimate,2021
Shelton,41897,Town,0914068170,PEP,2022,Population Estimate,2022
Sherman,3526,Town,0919068310,PEP,2022,Estimate Base,2020
Sherman,3512,Town,0919068310,PEP,2022,Population Estimate,2020
Sherman,3533,Town,0919068310,PEP,2022,Population Estimate,2021
Sherman,3537,Town,0919068310,PEP,2022,Population Estimate,2022
Simsbury,24519,Town,0911068940,PEP,2022,Estimate Base,2020
Simsbury,24492,Town,0911068940,PEP,2022,Population Estimate,2020
Simsbury,24883,Town,0911068940,PEP,2022,Population Estimate,2021
Simsbury,24935,Town,0911068940,PEP,2022,Population Estimate,2022
Somers,10258,Town,0911069220,PEP,2022,Estimate Base,2020
Somers,10076,Town,0911069220,PEP,2022,Population Estimate,2020
Somers,9940,Town,0911069220,PEP,2022,Population Estimate,2021
Somers,9843,Town,0911069220,PEP,2022,Population Estimate,2022
South Central Connecticut Planning Region,570453,Planning Region,09170,PEP,2022,Estimate Base,2020
South Central Connecticut Planning Region,569237,Planning Region,09170,PEP,2022,Population Estimate,2020
South Central Connecticut Planning Region,573562,Planning Region,09170,PEP,2022,Population Estimate,2021
South Central Connecticut Planning Region,573244,Planning Region,09170,PEP,2022,Population Estimate,2022
South Central Connecticut Planning Region,-1216,Planning Region,09170,PEP,2022,Population Change (#),2020
South Central Connecticut Planning Region,4325,Planning Region,09170,PEP,2022,Population Change (#),2021
South Central Connecticut Planning Region,-318,Planning Region,09170,PEP,2022,Population Change (#),2022
South Central Connecticut Planning Region,1345,Planning Region,09170,PEP,2022,Births,2020
South Central Connecticut Planning Region,5495,Planning Region,09170,PEP,2022,Births,2021
South Central Connecticut Planning Region,5813,Planning Region,09170,PEP,2022,Births,2022
South Central Connecticut Planning Region,2028,Planning Region,09170,PEP,2022,Deaths,2020
South Central Connecticut Planning Region,5860,Planning Region,09170,PEP,2022,Deaths,2021
South Central Connecticut Planning Region,5868,Planning Region,09170,PEP,2022,Deaths,2022
South Central Connecticut Planning Region,-683,Planning Region,09170,PEP,2022,Natural Change,2020
South Central Connecticut Planning Region,-365,Planning Region,09170,PEP,2022,Natural Change,2021
South Central Connecticut Planning Region,-55,Planning Region,09170,PEP,2022,Natural Change,2022
South Central Connecticut Planning Region,70,Planning Region,09170,PEP,2022,International Migration,2020
South Central Connecticut Planning Region,1001,Planning Region,09170,PEP,2022,International Migration,2021
South Central Connecticut Planning Region,2532,Planning Region,09170,PEP,2022,International Migration,2022
South Central Connecticut Planning Region,-669,Planning Region,09170,PEP,2022,Domestic Migration,2020
South Central Connecticut Planning Region,3519,Planning Region,09170,PEP,2022,Domestic Migration,2021
South Central Connecticut Planning Region,-2653,Planning Region,09170,PEP,2022,Domestic Migration,2022
South Central Connecticut Planning Region,66,Planning Region,09170,PEP,2022,Residual,2020
South Central Connecticut Planning Region,170,Planning Region,09170,PEP,2022,Residual,2021
South Central Connecticut Planning Region,-142,Planning Region,09170,PEP,2022,Residual,2022
South Central Connecticut Planning Region,23581,Planning Region,09170,PEP,2022,Group Quarters Estimates Base,2020
South Central Connecticut Planning Region,23595,Planning Region,09170,PEP,2022,Group Quarters Estimates,2020
South Central Connecticut Planning Region,27098,Planning Region,09170,PEP,2022,Group Quarters Estimates,2021
South Central Connecticut Planning Region,27098,Planning Region,09170,PEP,2022,Group Quarters Estimates,2022
South Central Connecticut Planning Region,9.616739252,Planning Region,09170,PEP,2022,Birth Rate,2021
South Central Connecticut Planning Region,10.13772164,Planning Region,09170,PEP,2022,Birth Rate,2022
South Central Connecticut Planning Region,10.25552175,Planning Region,09170,PEP,2022,Death Rate,2021
South Central Connecticut Planning Region,10.23364022,Planning Region,09170,PEP,2022,Death Rate,2022
South Central Connecticut Planning Region,-0.638782498,Planning Region,09170,PEP,2022,Natural Change Rate,2021
South Central Connecticut Planning Region,-0.095918577,Planning Region,09170,PEP,2022,Natural Change Rate,2022
South Central Connecticut Planning Region,1.751839125,Planning Region,09170,PEP,2022,International Migration Rate,2021
South Central Connecticut Planning Region,4.415742506,Planning Region,09170,PEP,2022,International Migration Rate,2022
South Central Connecticut Planning Region,6.158563317,Planning Region,09170,PEP,2022,Domestic Migration Rate,2021
South Central Connecticut Planning Region,-4.626763376,Planning Region,09170,PEP,2022,Domestic Migration Rate,2022
South Windsor,26917,Town,0911071390,PEP,2022,Estimate Base,2020
South Windsor,26864,Town,0911071390,PEP,2022,Population Estimate,2020
South Windsor,26846,Town,0911071390,PEP,2022,Population Estimate,2021
South Windsor,26783,Town,0911071390,PEP,2022,Population Estimate,2022
Southbury,19878,Town,0914069640,PEP,2022,Estimate Base,2020
Southbury,19865,Town,0914069640,PEP,2022,Population Estimate,2020
Southbury,19930,Town,0914069640,PEP,2022,Population Estimate,2021
Southbury,19979,Town,0914069640,PEP,2022,Population Estimate,2022
Southeastern Connecticut Planning Region,280444,Planning Region,09180,PEP,2022,Estimate Base,2020
Southeastern Connecticut Planning Region,279522,Planning Region,09180,PEP,2022,Population Estimate,2020
Southeastern Connecticut Planning Region,280117,Planning Region,09180,PEP,2022,Population Estimate,2021
Southeastern Connecticut Planning Region,280403,Planning Region,09180,PEP,2022,Population Estimate,2022
Southeastern Connecticut Planning Region,-922,Planning Region,09180,PEP,2022,Population Change (#),2020
Southeastern Connecticut Planning Region,595,Planning Region,09180,PEP,2022,Population Change (#),2021
Southeastern Connecticut Planning Region,286,Planning Region,09180,PEP,2022,Population Change (#),2022
Southeastern Connecticut Planning Region,619,Planning Region,09180,PEP,2022,Births,2020
Southeastern Connecticut Planning Region,2526,Planning Region,09180,PEP,2022,Births,2021
Southeastern Connecticut Planning Region,2660,Planning Region,09180,PEP,2022,Births,2022
Southeastern Connecticut Planning Region,787,Planning Region,09180,PEP,2022,Deaths,2020
Southeastern Connecticut Planning Region,2973,Planning Region,09180,PEP,2022,Deaths,2021
Southeastern Connecticut Planning Region,2986,Planning Region,09180,PEP,2022,Deaths,2022
Southeastern Connecticut Planning Region,-168,Planning Region,09180,PEP,2022,Natural Change,2020
Southeastern Connecticut Planning Region,-447,Planning Region,09180,PEP,2022,Natural Change,2021
Southeastern Connecticut Planning Region,-326,Planning Region,09180,PEP,2022,Natural Change,2022
Southeastern Connecticut Planning Region,17,Planning Region,09180,PEP,2022,International Migration,2020
Southeastern Connecticut Planning Region,340,Planning Region,09180,PEP,2022,International Migration,2021
Southeastern Connecticut Planning Region,948,Planning Region,09180,PEP,2022,International Migration,2022
Southeastern Connecticut Planning Region,-716,Planning Region,09180,PEP,2022,Domestic Migration,2020
Southeastern Connecticut Planning Region,509,Planning Region,09180,PEP,2022,Domestic Migration,2021
Southeastern Connecticut Planning Region,-201,Planning Region,09180,PEP,2022,Domestic Migration,2022
Southeastern Connecticut Planning Region,-55,Planning Region,09180,PEP,2022,Residual,2020
Southeastern Connecticut Planning Region,193,Planning Region,09180,PEP,2022,Residual,2021
Southeastern Connecticut Planning Region,-135,Planning Region,09180,PEP,2022,Residual,2022
Southeastern Connecticut Planning Region,12281,Planning Region,09180,PEP,2022,Group Quarters Estimates Base,2020
Southeastern Connecticut Planning Region,11791,Planning Region,09180,PEP,2022,Group Quarters Estimates,2020
Southeastern Connecticut Planning Region,11905,Planning Region,09180,PEP,2022,Group Quarters Estimates,2021
Southeastern Connecticut Planning Region,11805,Planning Region,09180,PEP,2022,Group Quarters Estimates,2022
Southeastern Connecticut Planning Region,9.027247922,Planning Region,09180,PEP,2022,Birth Rate,2021
Southeastern Connecticut Planning Region,9.491186755,Planning Region,09180,PEP,2022,Birth Rate,2022
Southeastern Connecticut Planning Region,10.62470628,Planning Region,09180,PEP,2022,Death Rate,2021
Southeastern Connecticut Planning Region,10.65439235,Planning Region,09180,PEP,2022,Death Rate,2022
Southeastern Connecticut Planning Region,-1.597458362,Planning Region,09180,PEP,2022,Natural Change Rate,2021
Southeastern Connecticut Planning Region,-1.163205595,Planning Region,09180,PEP,2022,Natural Change Rate,2022
Southeastern Connecticut Planning Region,1.215069,Planning Region,09180,PEP,2022,International Migration Rate,2021
Southeastern Connecticut Planning Region,3.382573325,Planning Region,09180,PEP,2022,International Migration Rate,2022
Southeastern Connecticut Planning Region,1.819029767,Planning Region,09180,PEP,2022,Domestic Migration Rate,2021
Southeastern Connecticut Planning Region,-0.71719118,Planning Region,09180,PEP,2022,Domestic Migration Rate,2022
Southington,43518,Town,0911070550,PEP,2022,Estimate Base,2020
Southington,43460,Town,0911070550,PEP,2022,Population Estimate,2020
Southington,43633,Town,0911070550,PEP,2022,Population Estimate,2021
Southington,43753,Town,0911070550,PEP,2022,Population Estimate,2022
Sprague,2972,Town,0918071670,PEP,2022,Estimate Base,2020
Sprague,2967,Town,0918071670,PEP,2022,Population Estimate,2020
Sprague,2961,Town,0918071670,PEP,2022,Population Estimate,2021
Sprague,2958,Town,0918071670,PEP,2022,Population Estimate,2022
Stafford,11469,Town,0911072090,PEP,2022,Estimate Base,2020
Stafford,11444,Town,0911072090,PEP,2022,Population Estimate,2020
Stafford,11462,Town,0911072090,PEP,2022,Population Estimate,2021
Stafford,11449,Town,0911072090,PEP,2022,Population Estimate,2022
Stamford,135451,Town,0919073070,PEP,2022,Estimate Base,2020
Stamford,135548,Town,0919073070,PEP,2022,Population Estimate,2020
Stamford,136688,Town,0919073070,PEP,2022,Population Estimate,2021
Stamford,136188,Town,0919073070,PEP,2022,Population Estimate,2022
Sterling,3577,Town,0915073420,PEP,2022,Estimate Base,2020
Sterling,3574,Town,0915073420,PEP,2022,Population Estimate,2020
Sterling,3592,Town,0915073420,PEP,2022,Population Estimate,2021
Sterling,3623,Town,0915073420,PEP,2022,Population Estimate,2022
Stonington,18347,Town,0918073770,PEP,2022,Estimate Base,2020
Stonington,18323,Town,0918073770,PEP,2022,Population Estimate,2020
Stonington,18449,Town,0918073770,PEP,2022,Population Estimate,2021
Stonington,18480,Town,0918073770,PEP,2022,Population Estimate,2022
Stratford,52364,Town,0912074190,PEP,2022,Estimate Base,2020
Stratford,52240,Town,0912074190,PEP,2022,Population Estimate,2020
Stratford,52434,Town,0912074190,PEP,2022,Population Estimate,2021
Stratford,52477,Town,0912074190,PEP,2022,Population Estimate,2022
Suffield,15759,Town,0911074540,PEP,2022,Estimate Base,2020
Suffield,15700,Town,0911074540,PEP,2022,Population Estimate,2020
Suffield,15405,Town,0911074540,PEP,2022,Population Estimate,2021
Suffield,15731,Town,0911074540,PEP,2022,Population Estimate,2022
Thomaston,7445,Town,0914075730,PEP,2022,Estimate Base,2020
Thomaston,7437,Town,0914075730,PEP,2022,Population Estimate,2020
Thomaston,7464,Town,0914075730,PEP,2022,Population Estimate,2021
Thomaston,7468,Town,0914075730,PEP,2022,Population Estimate,2022
Thompson,9187,Town,0915075870,PEP,2022,Estimate Base,2020
Thompson,9189,Town,0915075870,PEP,2022,Population Estimate,2020
Thompson,9269,Town,0915075870,PEP,2022,Population Estimate,2021
Thompson,9315,Town,0915075870,PEP,2022,Population Estimate,2022
Tolland,14574,Town,0911076290,PEP,2022,Estimate Base,2020
Tolland,14544,Town,0911076290,PEP,2022,Population Estimate,2020
Tolland,14569,Town,0911076290,PEP,2022,Population Estimate,2021
Tolland,14577,Town,0911076290,PEP,2022,Population Estimate,2022
Torrington,35499,Town,0916076570,PEP,2022,Estimate Base,2020
Torrington,35423,Town,0916076570,PEP,2022,Population Estimate,2020
Torrington,35569,Town,0916076570,PEP,2022,Population Estimate,2021
Torrington,35563,Town,0916076570,PEP,2022,Population Estimate,2022
Trumbull,36826,Town,0912077200,PEP,2022,Estimate Base,2020
Trumbull,36710,Town,0912077200,PEP,2022,Population Estimate,2020
Trumbull,37040,Town,0912077200,PEP,2022,Population Estimate,2021
Trumbull,37135,Town,0912077200,PEP,2022,Population Estimate,2022
Union,781,Town,0915077830,PEP,2022,Estimate Base,2020
Union,783,Town,0915077830,PEP,2022,Population Estimate,2020
Union,788,Town,0915077830,PEP,2022,Population Estimate,2021
Union,793,Town,0915077830,PEP,2022,Population Estimate,2022
Vernon,30228,Town,0911078250,PEP,2022,Estimate Base,2020
Vernon,30203,Town,0911078250,PEP,2022,Population Estimate,2020
Vernon,30433,Town,0911078250,PEP,2022,Population Estimate,2021
Vernon,30625,Town,0911078250,PEP,2022,Population Estimate,2022
Voluntown,2569,Town,0915078600,PEP,2022,Estimate Base,2020
Voluntown,2567,Town,0915078600,PEP,2022,Population Estimate,2020
Voluntown,2575,Town,0915078600,PEP,2022,Population Estimate,2021
Voluntown,2592,Town,0915078600,PEP,2022,Population Estimate,2022
Wallingford,44386,Town,0917078740,PEP,2022,Estimate Base,2020
Wallingford,44248,Town,0917078740,PEP,2022,Population Estimate,2020
Wallingford,44105,Town,0917078740,PEP,2022,Population Estimate,2021
Wallingford,44017,Town,0917078740,PEP,2022,Population Estimate,2022
Warren,1344,Town,0916079510,PEP,2022,Estimate Base,2020
Warren,1341,Town,0916079510,PEP,2022,Population Estimate,2020
Warren,1349,Town,0916079510,PEP,2022,Population Estimate,2021
Warren,1352,Town,0916079510,PEP,2022,Population Estimate,2022
Washington,3647,Town,0916079720,PEP,2022,Estimate Base,2020
Washington,3641,Town,0916079720,PEP,2022,Population Estimate,2020
Washington,3663,Town,0916079720,PEP,2022,Population Estimate,2021
Washington,3666,Town,0916079720,PEP,2022,Population Estimate,2022
Waterbury,114455,Town,0914080070,PEP,2022,Estimate Base,2020
Waterbury,114293,Town,0914080070,PEP,2022,Population Estimate,2020
Waterbury,114998,Town,0914080070,PEP,2022,Population Estimate,2021
Waterbury,115016,Town,0914080070,PEP,2022,Population Estimate,2022
Waterford,19575,Town,0918080280,PEP,2022,Estimate Base,2020
Waterford,19576,Town,0918080280,PEP,2022,Population Estimate,2020
Waterford,19589,Town,0918080280,PEP,2022,Population Estimate,2021
Waterford,19603,Town,0918080280,PEP,2022,Population Estimate,2022
Watertown,22110,Town,0914080490,PEP,2022,Estimate Base,2020
Watertown,22092,Town,0914080490,PEP,2022,Population Estimate,2020
Watertown,22151,Town,0914080490,PEP,2022,Population Estimate,2021
Watertown,22183,Town,0914080490,PEP,2022,Population Estimate,2022
West Hartford,64088,Town,0911082590,PEP,2022,Estimate Base,2020
West Hartford,63969,Town,0911082590,PEP,2022,Population Estimate,2020
West Hartford,64218,Town,0911082590,PEP,2022,Population Estimate,2021
West Hartford,64271,Town,0911082590,PEP,2022,Population Estimate,2022
West Haven,55581,Town,0917082870,PEP,2022,Estimate Base,2020
West Haven,55432,Town,0917082870,PEP,2022,Population Estimate,2020
West Haven,55176,Town,0917082870,PEP,2022,Population Estimate,2021
West Haven,55004,Town,0917082870,PEP,2022,Population Estimate,2022
Westbrook,6772,Town,0913081680,PEP,2022,Estimate Base,2020
Westbrook,6764,Town,0913081680,PEP,2022,Population Estimate,2020
Westbrook,6835,Town,0913081680,PEP,2022,Population Estimate,2021
Westbrook,6860,Town,0913081680,PEP,2022,Population Estimate,2022
Western Connecticut Planning Region,620531,Planning Region,09190,PEP,2022,Estimate Base,2020
Western Connecticut Planning Region,619146,Planning Region,09190,PEP,2022,Population Estimate,2020
Western Connecticut Planning Region,624019,Planning Region,09190,PEP,2022,Population Estimate,2021
Western Connecticut Planning Region,623690,Planning Region,09190,PEP,2022,Population Estimate,2022
Western Connecticut Planning Region,-1385,Planning Region,09190,PEP,2022,Population Change (#),2020
Western Connecticut Planning Region,4873,Planning Region,09190,PEP,2022,Population Change (#),2021
Western Connecticut Planning Region,-329,Planning Region,09190,PEP,2022,Population Change (#),2022
Western Connecticut Planning Region,1540,Planning Region,09190,PEP,2022,Births,2020
Western Connecticut Planning Region,6126,Planning Region,09190,PEP,2022,Births,2021
Western Connecticut Planning Region,6471,Planning Region,09190,PEP,2022,Births,2022
Western Connecticut Planning Region,1990,Planning Region,09190,PEP,2022,Deaths,2020
Western Connecticut Planning Region,5053,Planning Region,09190,PEP,2022,Deaths,2021
Western Connecticut Planning Region,5142,Planning Region,09190,PEP,2022,Deaths,2022
Western Connecticut Planning Region,-450,Planning Region,09190,PEP,2022,Natural Change,2020
Western Connecticut Planning Region,1073,Planning Region,09190,PEP,2022,Natural Change,2021
Western Connecticut Planning Region,1329,Planning Region,09190,PEP,2022,Natural Change,2022
Western Connecticut Planning Region,124,Planning Region,09190,PEP,2022,International Migration,2020
Western Connecticut Planning Region,1534,Planning Region,09190,PEP,2022,International Migration,2021
Western Connecticut Planning Region,4161,Planning Region,09190,PEP,2022,International Migration,2022
Western Connecticut Planning Region,-1073,Planning Region,09190,PEP,2022,Domestic Migration,2020
Western Connecticut Planning Region,1949,Planning Region,09190,PEP,2022,Domestic Migration,2021
Western Connecticut Planning Region,-5931,Planning Region,09190,PEP,2022,Domestic Migration,2022
Western Connecticut Planning Region,14,Planning Region,09190,PEP,2022,Residual,2020
Western Connecticut Planning Region,317,Planning Region,09190,PEP,2022,Residual,2021
Western Connecticut Planning Region,112,Planning Region,09190,PEP,2022,Residual,2022
Western Connecticut Planning Region,8376,Planning Region,09190,PEP,2022,Group Quarters Estimates Base,2020
Western Connecticut Planning Region,8372,Planning Region,09190,PEP,2022,Group Quarters Estimates,2020
Western Connecticut Planning Region,8498,Planning Region,09190,PEP,2022,Group Quarters Estimates,2021
Western Connecticut Planning Region,8633,Planning Region,09190,PEP,2022,Group Quarters Estimates,2022
Western Connecticut Planning Region,9.855489818,Planning Region,09190,PEP,2022,Birth Rate,2021
Western Connecticut Planning Region,10.37261092,Planning Region,09190,PEP,2022,Birth Rate,2022
Western Connecticut Planning Region,8.129250743,Planning Region,09190,PEP,2022,Death Rate,2021
Western Connecticut Planning Region,8.242306499,Planning Region,09190,PEP,2022,Death Rate,2022
Western Connecticut Planning Region,1.726239075,Planning Region,09190,PEP,2022,Natural Change Rate,2021
Western Connecticut Planning Region,2.130304422,Planning Region,09190,PEP,2022,Natural Change Rate,2022
Western Connecticut Planning Region,2.467894447,Planning Region,09190,PEP,2022,International Migration Rate,2021
Western Connecticut Planning Region,6.669824454,Planning Region,09190,PEP,2022,International Migration Rate,2022
Western Connecticut Planning Region,3.135545161,Planning Region,09190,PEP,2022,Domestic Migration Rate,2021
Western Connecticut Planning Region,-9.507024474,Planning Region,09190,PEP,2022,Domestic Migration Rate,2022
Weston,10353,Town,0919083430,PEP,2022,Estimate Base,2020
Weston,10317,Town,0919083430,PEP,2022,Population Estimate,2020
Weston,10368,Town,0919083430,PEP,2022,Population Estimate,2021
Weston,10354,Town,0919083430,PEP,2022,Population Estimate,2022
Westport,27141,Town,0919083500,PEP,2022,Estimate Base,2020
Westport,27064,Town,0919083500,PEP,2022,Population Estimate,2020
Westport,27359,Town,0919083500,PEP,2022,Population Estimate,2021
Westport,27427,Town,0919083500,PEP,2022,Population Estimate,2022
Wethersfield,27309,Town,0911084900,PEP,2022,Estimate Base,2020
Wethersfield,27236,Town,0911084900,PEP,2022,Population Estimate,2020
Wethersfield,27204,Town,0911084900,PEP,2022,Population Estimate,2021
Wethersfield,27129,Town,0911084900,PEP,2022,Population Estimate,2022
Willington,5565,Town,0911085950,PEP,2022,Estimate Base,2020
Willington,5553,Town,0911085950,PEP,2022,Population Estimate,2020
Willington,5547,Town,0911085950,PEP,2022,Population Estimate,2021
Willington,5544,Town,0911085950,PEP,2022,Population Estimate,2022
Wilton,18508,Town,0919086370,PEP,2022,Estimate Base,2020
Wilton,18435,Town,0919086370,PEP,2022,Population Estimate,2020
Wilton,18519,Town,0919086370,PEP,2022,Population Estimate,2021
Wilton,18457,Town,0919086370,PEP,2022,Population Estimate,2022
Winchester,10229,Town,0916086440,PEP,2022,Estimate Base,2020
Winchester,10207,Town,0916086440,PEP,2022,Population Estimate,2020
Winchester,10240,Town,0916086440,PEP,2022,Population Estimate,2021
Winchester,10240,Town,0916086440,PEP,2022,Population Estimate,2022
Windham,24425,Town,0918086790,PEP,2022,Estimate Base,2020
Windham,24366,Town,0918086790,PEP,2022,Population Estimate,2020
Windham,24436,Town,0918086790,PEP,2022,Population Estimate,2021
Windham,24399,Town,0918086790,PEP,2022,Population Estimate,2022
Windsor,29489,Town,0911087000,PEP,2022,Estimate Base,2020
Windsor,29421,Town,0911087000,PEP,2022,Population Estimate,2020
Windsor,29460,Town,0911087000,PEP,2022,Population Estimate,2021
Windsor,29453,Town,0911087000,PEP,2022,Population Estimate,2022
Windsor Locks,12609,Town,0911087070,PEP,2022,Estimate Base,2020
Windsor Locks,12576,Town,0911087070,PEP,2022,Population Estimate,2020
Windsor Locks,12568,Town,0911087070,PEP,2022,Population Estimate,2021
Windsor Locks,12537,Town,0911087070,PEP,2022,Population Estimate,2022
Wolcott,16104,Town,0914087560,PEP,2022,Estimate Base,2020
Wolcott,16102,Town,0914087560,PEP,2022,Population Estimate,2020
Wolcott,16141,Town,0914087560,PEP,2022,Population Estimate,2021
Wolcott,16190,Town,0914087560,PEP,2022,Population Estimate,2022
Woodbridge,9093,Town,0917087700,PEP,2022,Estimate Base,2020
Woodbridge,9062,Town,0917087700,PEP,2022,Population Estimate,2020
Woodbridge,9049,Town,0917087700,PEP,2022,Population Estimate,2021
Woodbridge,9051,Town,0917087700,PEP,2022,Population Estimate,2022
Woodbury,9726,Town,0914087910,PEP,2022,Estimate Base,2020
Woodbury,9713,Town,0914087910,PEP,2022,Population Estimate,2020
Woodbury,9779,Town,0914087910,PEP,2022,Population Estimate,2021
Woodbury,9802,Town,0914087910,PEP,2022,Population Estimate,2022
Woodstock,8227,Town,0915088190,PEP,2022,Estimate Base,2020
Woodstock,8223,Town,0915088190,PEP,2022,Population Estimate,2020
Woodstock,8261,Town,0915088190,PEP,2022,Population Estimate,2021
Woodstock,8312,Town,0915088190,PEP,2022,Population Estimate,2022
Andover,3150,Town,0911001080,PEP,2023,Estimate Base,2020
Andover,3147,Town,0911001080,PEP,2023,Population Estimate,2020
Andover,3149,Town,0911001080,PEP,2023,Population Estimate,2021
Andover,3147,Town,0911001080,PEP,2023,Population Estimate,2022
Andover,3144,Town,0911001080,PEP,2023,Population Estimate,2023
Ansonia,18913,Town,0914001220,PEP,2023,Estimate Base,2020
Ansonia,18886,Town,0914001220,PEP,2023,Population Estimate,2020
Ansonia,18927,Town,0914001220,PEP,2023,Population Estimate,2021
Ansonia,18929,Town,0914001220,PEP,2023,Population Estimate,2022
Ansonia,19008,Town,0914001220,PEP,2023,Population Estimate,2023
Ashford,4191,Town,0915001430,PEP,2023,Estimate Base,2020
Ashford,4190,Town,0915001430,PEP,2023,Population Estimate,2020
Ashford,4205,Town,0915001430,PEP,2023,Population Estimate,2021
Ashford,4220,Town,0915001430,PEP,2023,Population Estimate,2022
Ashford,4229,Town,0915001430,PEP,2023,Population Estimate,2023
Avon,18934,Town,0911002060,PEP,2023,Estimate Base,2020
Avon,18875,Town,0911002060,PEP,2023,Population Estimate,2020
Avon,18868,Town,0911002060,PEP,2023,Population Estimate,2021
Avon,18856,Town,0911002060,PEP,2023,Population Estimate,2022
Avon,18883,Town,0911002060,PEP,2023,Population Estimate,2023
Barkhamsted,3647,Town,0916002760,PEP,2023,Estimate Base,2020
Barkhamsted,3641,Town,0916002760,PEP,2023,Population Estimate,2020
Barkhamsted,3654,Town,0916002760,PEP,2023,Population Estimate,2021
Barkhamsted,3665,Town,0916002760,PEP,2023,Population Estimate,2022
Barkhamsted,3677,Town,0916002760,PEP,2023,Population Estimate,2023
Beacon Falls,6004,Town,0914003250,PEP,2023,Estimate Base,2020
Beacon Falls,6007,Town,0914003250,PEP,2023,Population Estimate,2020
Beacon Falls,6073,Town,0914003250,PEP,2023,Population Estimate,2021
Beacon Falls,6128,Town,0914003250,PEP,2023,Population Estimate,2022
Beacon Falls,6206,Town,0914003250,PEP,2023,Population Estimate,2023
Berlin,20172,Town,0911004300,PEP,2023,Estimate Base,2020
Berlin,20133,Town,0911004300,PEP,2023,Population Estimate,2020
Berlin,20171,Town,0911004300,PEP,2023,Population Estimate,2021
Berlin,20193,Town,0911004300,PEP,2023,Population Estimate,2022
Berlin,20429,Town,0911004300,PEP,2023,Population Estimate,2023
Bethany,5297,Town,0917004580,PEP,2023,Estimate Base,2020
Bethany,5282,Town,0917004580,PEP,2023,Population Estimate,2020
Bethany,5281,Town,0917004580,PEP,2023,Population Estimate,2021
Bethany,5277,Town,0917004580,PEP,2023,Population Estimate,2022
Bethany,5271,Town,0917004580,PEP,2023,Population Estimate,2023
Bethel,20363,Town,0919004720,PEP,2023,Estimate Base,2020
Bethel,20319,Town,0919004720,PEP,2023,Population Estimate,2020
Bethel,20569,Town,0919004720,PEP,2023,Population Estimate,2021
Bethel,20695,Town,0919004720,PEP,2023,Population Estimate,2022
Bethel,20678,Town,0919004720,PEP,2023,Population Estimate,2023
Bethlehem,3389,Town,0914004930,PEP,2023,Estimate Base,2020
Bethlehem,3387,Town,0914004930,PEP,2023,Population Estimate,2020
Bethlehem,3401,Town,0914004930,PEP,2023,Population Estimate,2021
Bethlehem,3409,Town,0914004930,PEP,2023,Population Estimate,2022
Bethlehem,3421,Town,0914004930,PEP,2023,Population Estimate,2023
Bloomfield,21532,Town,0911005910,PEP,2023,Estimate Base,2020
Bloomfield,21448,Town,0911005910,PEP,2023,Population Estimate,2020
Bloomfield,21478,Town,0911005910,PEP,2023,Population Estimate,2021
Bloomfield,21533,Town,0911005910,PEP,2023,Population Estimate,2022
Bloomfield,21884,Town,0911005910,PEP,2023,Population Estimate,2023
Bolton,4859,Town,0911006260,PEP,2023,Estimate Base,2020
Bolton,4847,Town,0911006260,PEP,2023,Population Estimate,2020
Bolton,4840,Town,0911006260,PEP,2023,Population Estimate,2021
Bolton,4833,Town,0911006260,PEP,2023,Population Estimate,2022
Bolton,4834,Town,0911006260,PEP,2023,Population Estimate,2023
Bozrah,2427,Town,0918006820,PEP,2023,Estimate Base,2020
Bozrah,2421,Town,0918006820,PEP,2023,Population Estimate,2020
Bozrah,2421,Town,0918006820,PEP,2023,Population Estimate,2021
Bozrah,2413,Town,0918006820,PEP,2023,Population Estimate,2022
Bozrah,2412,Town,0918006820,PEP,2023,Population Estimate,2023
Branford,28266,Town,0917007310,PEP,2023,Estimate Base,2020
Branford,28124,Town,0917007310,PEP,2023,Population Estimate,2020
Branford,28104,Town,0917007310,PEP,2023,Population Estimate,2021
Branford,28089,Town,0917007310,PEP,2023,Population Estimate,2022
Branford,28031,Town,0917007310,PEP,2023,Population Estimate,2023
Bridgeport,148642,Town,0912008070,PEP,2023,Estimate Base,2020
Bridgeport,147717,Town,0912008070,PEP,2023,Population Estimate,2020
Bridgeport,148157,Town,0912008070,PEP,2023,Population Estimate,2021
Bridgeport,148094,Town,0912008070,PEP,2023,Population Estimate,2022
Bridgeport,148028,Town,0912008070,PEP,2023,Population Estimate,2023
Bridgewater,1654,Town,0919008210,PEP,2023,Estimate Base,2020
Bridgewater,1649,Town,0919008210,PEP,2023,Population Estimate,2020
Bridgewater,1655,Town,0919008210,PEP,2023,Population Estimate,2021
Bridgewater,1649,Town,0919008210,PEP,2023,Population Estimate,2022
Bridgewater,1646,Town,0919008210,PEP,2023,Population Estimate,2023
Bristol,60847,Town,0914008490,PEP,2023,Estimate Base,2020
Bristol,60727,Town,0914008490,PEP,2023,Population Estimate,2020
Bristol,61099,Town,0914008490,PEP,2023,Population Estimate,2021
Bristol,61317,Town,0914008490,PEP,2023,Population Estimate,2022
Bristol,61601,Town,0914008490,PEP,2023,Population Estimate,2023
Brookfield,17529,Town,0919008980,PEP,2023,Estimate Base,2020
Brookfield,17469,Town,0919008980,PEP,2023,Population Estimate,2020
Brookfield,17539,Town,0919008980,PEP,2023,Population Estimate,2021
Brookfield,17538,Town,0919008980,PEP,2023,Population Estimate,2022
Brookfield,17489,Town,0919008980,PEP,2023,Population Estimate,2023
Brooklyn,8448,Town,0915009190,PEP,2023,Estimate Base,2020
Brooklyn,8380,Town,0915009190,PEP,2023,Population Estimate,2020
Brooklyn,8423,Town,0915009190,PEP,2023,Population Estimate,2021
Brooklyn,8503,Town,0915009190,PEP,2023,Population Estimate,2022
Brooklyn,8612,Town,0915009190,PEP,2023,Population Estimate,2023
Burlington,9494,Town,0916010100,PEP,2023,Estimate Base,2020
Burlington,9497,Town,0916010100,PEP,2023,Population Estimate,2020
Burlington,9651,Town,0916010100,PEP,2023,Population Estimate,2021
Burlington,9718,Town,0916010100,PEP,2023,Population Estimate,2022
Burlington,9746,Town,0916010100,PEP,2023,Population Estimate,2023
Canaan,1077,Town,0916010940,PEP,2023,Estimate Base,2020
Canaan,1075,Town,0916010940,PEP,2023,Population Estimate,2020
Canaan,1080,Town,0916010940,PEP,2023,Population Estimate,2021
Canaan,1082,Town,0916010940,PEP,2023,Population Estimate,2022
Canaan,1082,Town,0916010940,PEP,2023,Population Estimate,2023
Canterbury,5040,Town,0915012130,PEP,2023,Estimate Base,2020
Canterbury,5046,Town,0915012130,PEP,2023,Population Estimate,2020
Canterbury,5081,Town,0915012130,PEP,2023,Population Estimate,2021
Canterbury,5099,Town,0915012130,PEP,2023,Population Estimate,2022
Canterbury,5140,Town,0915012130,PEP,2023,Population Estimate,2023
Canton,10125,Town,0911012270,PEP,2023,Estimate Base,2020
Canton,10085,Town,0911012270,PEP,2023,Population Estimate,2020
Canton,10091,Town,0911012270,PEP,2023,Population Estimate,2021
Canton,10075,Town,0911012270,PEP,2023,Population Estimate,2022
Canton,10146,Town,0911012270,PEP,2023,Population Estimate,2023
Capitol Planning Region,976275,Planning Region,09110,PEP,2023,Estimate Base,2020
Capitol Planning Region,962436,Planning Region,09110,PEP,2023,Population Estimate,2020
Capitol Planning Region,970142,Planning Region,09110,PEP,2023,Population Estimate,2021
Capitol Planning Region,972068,Planning Region,09110,PEP,2023,Population Estimate,2022
Capitol Planning Region,975328,Planning Region,09110,PEP,2023,Population Estimate,2023
Capitol Planning Region,-13839,Planning Region,09110,PEP,2023,Population Change (#),2020
Capitol Planning Region,7706,Planning Region,09110,PEP,2023,Population Change (#),2021
Capitol Planning Region,1926,Planning Region,09110,PEP,2023,Population Change (#),2022
Capitol Planning Region,3260,Planning Region,09110,PEP,2023,Population Change (#),2023
Capitol Planning Region,2313,Planning Region,09110,PEP,2023,Births,2020
Capitol Planning Region,9219,Planning Region,09110,PEP,2023,Births,2021
Capitol Planning Region,9541,Planning Region,09110,PEP,2023,Births,2022
Capitol Planning Region,9391,Planning Region,09110,PEP,2023,Births,2023
Capitol Planning Region,3372,Planning Region,09110,PEP,2023,Deaths,2020
Capitol Planning Region,9494,Planning Region,09110,PEP,2023,Deaths,2021
Capitol Planning Region,9687,Planning Region,09110,PEP,2023,Deaths,2022
Capitol Planning Region,9135,Planning Region,09110,PEP,2023,Deaths,2023
Capitol Planning Region,-1059,Planning Region,09110,PEP,2023,Natural Change,2020
Capitol Planning Region,-275,Planning Region,09110,PEP,2023,Natural Change,2021
Capitol Planning Region,-146,Planning Region,09110,PEP,2023,Natural Change,2022
Capitol Planning Region,256,Planning Region,09110,PEP,2023,Natural Change,2023
Capitol Planning Region,137,Planning Region,09110,PEP,2023,International Migration,2020
Capitol Planning Region,1697,Planning Region,09110,PEP,2023,International Migration,2021
Capitol Planning Region,4448,Planning Region,09110,PEP,2023,International Migration,2022
Capitol Planning Region,4344,Planning Region,09110,PEP,2023,International Migration,2023
Capitol Planning Region,-10649,Planning Region,09110,PEP,2023,Domestic Migration,2020
Capitol Planning Region,5949,Planning Region,09110,PEP,2023,Domestic Migration,2021
Capitol Planning Region,-1900,Planning Region,09110,PEP,2023,Domestic Migration,2022
Capitol Planning Region,-1356,Planning Region,09110,PEP,2023,Domestic Migration,2023
Capitol Planning Region,-2268,Planning Region,09110,PEP,2023,Residual,2020
Capitol Planning Region,335,Planning Region,09110,PEP,2023,Residual,2021
Capitol Planning Region,-476,Planning Region,09110,PEP,2023,Residual,2022
Capitol Planning Region,16,Planning Region,09110,PEP,2023,Residual,2023
Capitol Planning Region,36374,Planning Region,09110,PEP,2023,Group Quarters Estimates Base,2020
Capitol Planning Region,24447,Planning Region,09110,PEP,2023,Group Quarters Estimates,2020
Capitol Planning Region,31086,Planning Region,09110,PEP,2023,Group Quarters Estimates,2021
Capitol Planning Region,33597,Planning Region,09110,PEP,2023,Group Quarters Estimates,2022
Capitol Planning Region,33794,Planning Region,09110,PEP,2023,Group Quarters Estimates,2023
Capitol Planning Region,9.540623975,Planning Region,09110,PEP,2023,Birth Rate,2021
Capitol Planning Region,9.824890202,Planning Region,09110,PEP,2023,Birth Rate,2022
Capitol Planning Region,9.644674221,Planning Region,09110,PEP,2023,Birth Rate,2023
Capitol Planning Region,9.825217921,Planning Region,09110,PEP,2023,Death Rate,2021
Capitol Planning Region,9.975234398,Planning Region,09110,PEP,2023,Death Rate,2022
Capitol Planning Region,9.381759026,Planning Region,09110,PEP,2023,Death Rate,2023
Capitol Planning Region,-0.284593947,Planning Region,09110,PEP,2023,Natural Change Rate,2021
Capitol Planning Region,-0.150344196,Planning Region,09110,PEP,2023,Natural Change Rate,2022
Capitol Planning Region,0.262915196,Planning Region,09110,PEP,2023,Natural Change Rate,2023
Capitol Planning Region,1.756203372,Planning Region,09110,PEP,2023,International Migration Rate,2021
Capitol Planning Region,4.58034919,Planning Region,09110,PEP,2023,International Migration Rate,2022
Capitol Planning Region,4.461342223,Planning Region,09110,PEP,2023,International Migration Rate,2023
Capitol Planning Region,6.156543229,Planning Region,09110,PEP,2023,Domestic Migration Rate,2021
Capitol Planning Region,-1.956534051,Planning Region,09110,PEP,2023,Domestic Migration Rate,2022
Capitol Planning Region,-1.392628926,Planning Region,09110,PEP,2023,Domestic Migration Rate,2023
Capitol Planning Region,6639,Planning Region,09110,PEP,2023,Group Quarters Change,2021
Capitol Planning Region,2511,Planning Region,09110,PEP,2023,Group Quarters Change,2022
Capitol Planning Region,197,Planning Region,09110,PEP,2023,Group Quarters Change,2023
Chaplin,2152,Town,0915013810,PEP,2023,Estimate Base,2020
Chaplin,2150,Town,0915013810,PEP,2023,Population Estimate,2020
Chaplin,2152,Town,0915013810,PEP,2023,Population Estimate,2021
Chaplin,2155,Town,0915013810,PEP,2023,Population Estimate,2022
Chaplin,2157,Town,0915013810,PEP,2023,Population Estimate,2023
Cheshire,28727,Town,0914014160,PEP,2023,Estimate Base,2020
Cheshire,28612,Town,0914014160,PEP,2023,Population Estimate,2020
Cheshire,28725,Town,0914014160,PEP,2023,Population Estimate,2021
Cheshire,28997,Town,0914014160,PEP,2023,Population Estimate,2022
Cheshire,29200,Town,0914014160,PEP,2023,Population Estimate,2023
Chester,3746,Town,0913014300,PEP,2023,Estimate Base,2020
Chester,3738,Town,0913014300,PEP,2023,Population Estimate,2020
Chester,3759,Town,0913014300,PEP,2023,Population Estimate,2021
Chester,3764,Town,0913014300,PEP,2023,Population Estimate,2022
Chester,3761,Town,0913014300,PEP,2023,Population Estimate,2023
Clinton,13188,Town,0913015350,PEP,2023,Estimate Base,2020
Clinton,13170,Town,0913015350,PEP,2023,Population Estimate,2020
Clinton,13373,Town,0913015350,PEP,2023,Population Estimate,2021
Clinton,13402,Town,0913015350,PEP,2023,Population Estimate,2022
Clinton,13402,Town,0913015350,PEP,2023,Population Estimate,2023
Colchester,15545,Town,0918015910,PEP,2023,Estimate Base,2020
Colchester,15485,Town,0918015910,PEP,2023,Population Estimate,2020
Colchester,15521,Town,0918015910,PEP,2023,Population Estimate,2021
Colchester,15520,Town,0918015910,PEP,2023,Population Estimate,2022
Colchester,15504,Town,0918015910,PEP,2023,Population Estimate,2023
Colebrook,1359,Town,0916016050,PEP,2023,Estimate Base,2020
Colebrook,1356,Town,0916016050,PEP,2023,Population Estimate,2020
Colebrook,1363,Town,0916016050,PEP,2023,Population Estimate,2021
Colebrook,1369,Town,0916016050,PEP,2023,Population Estimate,2022
Colebrook,1368,Town,0916016050,PEP,2023,Population Estimate,2023
Columbia,5282,Town,0911016400,PEP,2023,Estimate Base,2020
Columbia,5269,Town,0911016400,PEP,2023,Population Estimate,2020
Columbia,5268,Town,0911016400,PEP,2023,Population Estimate,2021
Columbia,5258,Town,0911016400,PEP,2023,Population Estimate,2022
Columbia,5268,Town,0911016400,PEP,2023,Population Estimate,2023
Connecticut,3605912,State,09,PEP,2023,Estimate Base,2020
Connecticut,3577586,State,09,PEP,2023,Population Estimate,2020
Connecticut,3603691,State,09,PEP,2023,Population Estimate,2021
Connecticut,3608706,State,09,PEP,2023,Population Estimate,2022
Connecticut,3617176,State,09,PEP,2023,Population Estimate,2023
Connecticut,-28326,State,09,PEP,2023,Population Change (#),2020
Connecticut,26105,State,09,PEP,2023,Population Change (#),2021
Connecticut,5015,State,09,PEP,2023,Population Change (#),2022
Connecticut,8470,State,09,PEP,2023,Population Change (#),2023
Connecticut,8465,State,09,PEP,2023,Births,2020
Connecticut,33942,State,09,PEP,2023,Births,2021
Connecticut,35572,State,09,PEP,2023,Births,2022
Connecticut,34957,State,09,PEP,2023,Births,2023
Connecticut,11938,State,09,PEP,2023,Deaths,2020
Connecticut,34571,State,09,PEP,2023,Deaths,2021
Connecticut,34833,State,09,PEP,2023,Deaths,2022
Connecticut,32842,State,09,PEP,2023,Deaths,2023
Connecticut,-3473,State,09,PEP,2023,Natural Change,2020
Connecticut,-629,State,09,PEP,2023,Natural Change,2021
Connecticut,739,State,09,PEP,2023,Natural Change,2022
Connecticut,2115,State,09,PEP,2023,Natural Change,2023
Connecticut,410,State,09,PEP,2023,International Migration,2020
Connecticut,6217,State,09,PEP,2023,International Migration,2021
Connecticut,15562,State,09,PEP,2023,International Migration,2022
Connecticut,15264,State,09,PEP,2023,International Migration,2023
Connecticut,-21420,State,09,PEP,2023,Domestic Migration,2020
Connecticut,19032,State,09,PEP,2023,Domestic Migration,2021
Connecticut,-10081,State,09,PEP,2023,Domestic Migration,2022
Connecticut,-9016,State,09,PEP,2023,Domestic Migration,2023
Connecticut,-3843,State,09,PEP,2023,Residual,2020
Connecticut,1485,State,09,PEP,2023,Residual,2021
Connecticut,-1205,State,09,PEP,2023,Residual,2022
Connecticut,107,State,09,PEP,2023,Residual,2023
Connecticut,9.452914851,State,09,PEP,2023,Birth Rate,2021
Connecticut,9.864127002,State,09,PEP,2023,Birth Rate,2022
Connecticut,9.675497054,State,09,PEP,2023,Birth Rate,2023
Connecticut,9.628092608,State,09,PEP,2023,Death Rate,2021
Connecticut,9.659202066,State,09,PEP,2023,Death Rate,2022
Connecticut,9.090101388,State,09,PEP,2023,Death Rate,2023
Connecticut,-0.175177757,State,09,PEP,2023,Natural Change Rate,2021
Connecticut,0.204924937,State,09,PEP,2023,Natural Change Rate,2022
Connecticut,0.585395665,State,09,PEP,2023,Natural Change Rate,2023
Connecticut,1.731446928,State,09,PEP,2023,International Migration Rate,2021
Connecticut,4.315347588,State,09,PEP,2023,International Migration Rate,2022
Connecticut,4.224812971,State,09,PEP,2023,International Migration Rate,2023
Connecticut,5.300450045,State,09,PEP,2023,Domestic Migration Rate,2021
Connecticut,-2.795464531,State,09,PEP,2023,Domestic Migration Rate,2022
Connecticut,-2.495473909,State,09,PEP,2023,Domestic Migration Rate,2023
Cornwall,1567,Town,0916017240,PEP,2023,Estimate Base,2020
Cornwall,1565,Town,0916017240,PEP,2023,Population Estimate,2020
Cornwall,1571,Town,0916017240,PEP,2023,Population Estimate,2021
Cornwall,1571,Town,0916017240,PEP,2023,Population Estimate,2022
Cornwall,1575,Town,0916017240,PEP,2023,Population Estimate,2023
Coventry,12237,Town,0911017800,PEP,2023,Estimate Base,2020
Coventry,12217,Town,0911017800,PEP,2023,Population Estimate,2020
Coventry,12257,Town,0911017800,PEP,2023,Population Estimate,2021
Coventry,12283,Town,0911017800,PEP,2023,Population Estimate,2022
Coventry,12308,Town,0911017800,PEP,2023,Population Estimate,2023
Cromwell,14229,Town,0913018080,PEP,2023,Estimate Base,2020
Cromwell,14221,Town,0913018080,PEP,2023,Population Estimate,2020
Cromwell,14315,Town,0913018080,PEP,2023,Population Estimate,2021
Cromwell,14358,Town,0913018080,PEP,2023,Population Estimate,2022
Cromwell,14363,Town,0913018080,PEP,2023,Population Estimate,2023
Danbury,86511,Town,0919018500,PEP,2023,Estimate Base,2020
Danbury,85732,Town,0919018500,PEP,2023,Population Estimate,2020
Danbury,86599,Town,0919018500,PEP,2023,Population Estimate,2021
Danbury,86433,Town,0919018500,PEP,2023,Population Estimate,2022
Danbury,86124,Town,0919018500,PEP,2023,Population Estimate,2023
Darien,21502,Town,0919018850,PEP,2023,Estimate Base,2020
Darien,21444,Town,0919018850,PEP,2023,Population Estimate,2020
Darien,21567,Town,0919018850,PEP,2023,Population Estimate,2021
Darien,21921,Town,0919018850,PEP,2023,Population Estimate,2022
Darien,22020,Town,0919018850,PEP,2023,Population Estimate,2023
Deep River,4410,Town,0913019130,PEP,2023,Estimate Base,2020
Deep River,4401,Town,0913019130,PEP,2023,Population Estimate,2020
Deep River,4439,Town,0913019130,PEP,2023,Population Estimate,2021
Deep River,4444,Town,0913019130,PEP,2023,Population Estimate,2022
Deep River,4454,Town,0913019130,PEP,2023,Population Estimate,2023
Derby,12327,Town,0914019550,PEP,2023,Estimate Base,2020
Derby,12312,Town,0914019550,PEP,2023,Population Estimate,2020
Derby,12349,Town,0914019550,PEP,2023,Population Estimate,2021
Derby,12363,Town,0914019550,PEP,2023,Population Estimate,2022
Derby,12406,Town,0914019550,PEP,2023,Population Estimate,2023
Durham,7152,Town,0913020810,PEP,2023,Estimate Base,2020
Durham,7140,Town,0913020810,PEP,2023,Population Estimate,2020
Durham,7197,Town,0913020810,PEP,2023,Population Estimate,2021
Durham,7206,Town,0913020810,PEP,2023,Population Estimate,2022
Durham,7204,Town,0913020810,PEP,2023,Population Estimate,2023
East Granby,5221,Town,0911022070,PEP,2023,Estimate Base,2020
East Granby,5208,Town,0911022070,PEP,2023,Population Estimate,2020
East Granby,5205,Town,0911022070,PEP,2023,Population Estimate,2021
East Granby,5223,Town,0911022070,PEP,2023,Population Estimate,2022
East Granby,5218,Town,0911022070,PEP,2023,Population Estimate,2023
East Haddam,8875,Town,0913022280,PEP,2023,Estimate Base,2020
East Haddam,8858,Town,0913022280,PEP,2023,Population Estimate,2020
East Haddam,8936,Town,0913022280,PEP,2023,Population Estimate,2021
East Haddam,8955,Town,0913022280,PEP,2023,Population Estimate,2022
East Haddam,8987,Town,0913022280,PEP,2023,Population Estimate,2023
East Hampton,12711,Town,0913022490,PEP,2023,Estimate Base,2020
East Hampton,12691,Town,0913022490,PEP,2023,Population Estimate,2020
East Hampton,12804,Town,0913022490,PEP,2023,Population Estimate,2021
East Hampton,12959,Town,0913022490,PEP,2023,Population Estimate,2022
East Hampton,12989,Town,0913022490,PEP,2023,Population Estimate,2023
East Hartford,51040,Town,0911022630,PEP,2023,Estimate Base,2020
East Hartford,50864,Town,0911022630,PEP,2023,Population Estimate,2020
East Hartford,50820,Town,0911022630,PEP,2023,Population Estimate,2021
East Hartford,50687,Town,0911022630,PEP,2023,Population Estimate,2022
East Hartford,50654,Town,0911022630,PEP,2023,Population Estimate,2023
East Haven,27896,Town,0917022910,PEP,2023,Estimate Base,2020
East Haven,27794,Town,0917022910,PEP,2023,Population Estimate,2020
East Haven,27754,Town,0917022910,PEP,2023,Population Estimate,2021
East Haven,27643,Town,0917022910,PEP,2023,Population Estimate,2022
East Haven,27533,Town,0917022910,PEP,2023,Population Estimate,2023
East Lyme,18682,Town,0918023400,PEP,2023,Estimate Base,2020
East Lyme,18443,Town,0918023400,PEP,2023,Population Estimate,2020
East Lyme,18553,Town,0918023400,PEP,2023,Population Estimate,2021
East Lyme,18742,Town,0918023400,PEP,2023,Population Estimate,2022
East Lyme,18929,Town,0918023400,PEP,2023,Population Estimate,2023
East Windsor,11191,Town,0911024800,PEP,2023,Estimate Base,2020
East Windsor,11144,Town,0911024800,PEP,2023,Population Estimate,2020
East Windsor,11148,Town,0911024800,PEP,2023,Population Estimate,2021
East Windsor,11150,Town,0911024800,PEP,2023,Population Estimate,2022
East Windsor,11170,Town,0911024800,PEP,2023,Population Estimate,2023
Eastford,1647,Town,0915021860,PEP,2023,Estimate Base,2020
Eastford,1650,Town,0915021860,PEP,2023,Population Estimate,2020
Eastford,1667,Town,0915021860,PEP,2023,Population Estimate,2021
Eastford,1675,Town,0915021860,PEP,2023,Population Estimate,2022
Eastford,1689,Town,0915021860,PEP,2023,Population Estimate,2023
Easton,7611,Town,0912023890,PEP,2023,Estimate Base,2020
Easton,7588,Town,0912023890,PEP,2023,Population Estimate,2020
Easton,7624,Town,0912023890,PEP,2023,Population Estimate,2021
Easton,7633,Town,0912023890,PEP,2023,Population Estimate,2022
Easton,7636,Town,0912023890,PEP,2023,Population Estimate,2023
Ellington,16413,Town,0911025360,PEP,2023,Estimate Base,2020
Ellington,16441,Town,0911025360,PEP,2023,Population Estimate,2020
Ellington,16684,Town,0911025360,PEP,2023,Population Estimate,2021
Ellington,16972,Town,0911025360,PEP,2023,Population Estimate,2022
Ellington,16994,Town,0911025360,PEP,2023,Population Estimate,2023
Enfield,42140,Town,0911025990,PEP,2023,Estimate Base,2020
Enfield,41199,Town,0911025990,PEP,2023,Population Estimate,2020
Enfield,40779,Town,0911025990,PEP,2023,Population Estimate,2021
Enfield,41232,Town,0911025990,PEP,2023,Population Estimate,2022
Enfield,40792,Town,0911025990,PEP,2023,Population Estimate,2023
Essex,6737,Town,0913026270,PEP,2023,Estimate Base,2020
Essex,6726,Town,0913026270,PEP,2023,Population Estimate,2020
Essex,6779,Town,0913026270,PEP,2023,Population Estimate,2021
Essex,6800,Town,0913026270,PEP,2023,Population Estimate,2022
Essex,6802,Town,0913026270,PEP,2023,Population Estimate,2023
Fairfield,61515,Town,0912026620,PEP,2023,Estimate Base,2020
Fairfield,61485,Town,0912026620,PEP,2023,Population Estimate,2020
Fairfield,62783,Town,0912026620,PEP,2023,Population Estimate,2021
Fairfield,63080,Town,0912026620,PEP,2023,Population Estimate,2022
Fairfield,63433,Town,0912026620,PEP,2023,Population Estimate,2023
Farmington,26713,Town,0911027600,PEP,2023,Estimate Base,2020
Farmington,26638,Town,0911027600,PEP,2023,Population Estimate,2020
Farmington,26673,Town,0911027600,PEP,2023,Population Estimate,2021
Farmington,26696,Town,0911027600,PEP,2023,Population Estimate,2022
Farmington,26798,Town,0911027600,PEP,2023,Population Estimate,2023
Franklin,1862,Town,0918029910,PEP,2023,Estimate Base,2020
Franklin,1857,Town,0918029910,PEP,2023,Population Estimate,2020
Franklin,1866,Town,0918029910,PEP,2023,Population Estimate,2021
Franklin,1876,Town,0918029910,PEP,2023,Population Estimate,2022
Franklin,1891,Town,0918029910,PEP,2023,Population Estimate,2023
Glastonbury,35166,Town,0911031240,PEP,2023,Estimate Base,2020
Glastonbury,35070,Town,0911031240,PEP,2023,Population Estimate,2020
Glastonbury,35175,Town,0911031240,PEP,2023,Population Estimate,2021
Glastonbury,35163,Town,0911031240,PEP,2023,Population Estimate,2022
Glastonbury,35204,Town,0911031240,PEP,2023,Population Estimate,2023
Goshen,3155,Town,0916032290,PEP,2023,Estimate Base,2020
Goshen,3150,Town,0916032290,PEP,2023,Population Estimate,2020
Goshen,3170,Town,0916032290,PEP,2023,Population Estimate,2021
Goshen,3207,Town,0916032290,PEP,2023,Population Estimate,2022
Goshen,3232,Town,0916032290,PEP,2023,Population Estimate,2023
Granby,10894,Town,0911032640,PEP,2023,Estimate Base,2020
Granby,10891,Town,0911032640,PEP,2023,Population Estimate,2020
Granby,10968,Town,0911032640,PEP,2023,Population Estimate,2021
Granby,11032,Town,0911032640,PEP,2023,Population Estimate,2022
Granby,11249,Town,0911032640,PEP,2023,Population Estimate,2023
Greater Bridgeport Planning Region,325774,Planning Region,09120,PEP,2023,Estimate Base,2020
Greater Bridgeport Planning Region,324387,Planning Region,09120,PEP,2023,Population Estimate,2020
Greater Bridgeport Planning Region,326752,Planning Region,09120,PEP,2023,Population Estimate,2021
Greater Bridgeport Planning Region,327125,Planning Region,09120,PEP,2023,Population Estimate,2022
Greater Bridgeport Planning Region,327651,Planning Region,09120,PEP,2023,Population Estimate,2023
Greater Bridgeport Planning Region,-1387,Planning Region,09120,PEP,2023,Population Change (#),2020
Greater Bridgeport Planning Region,2365,Planning Region,09120,PEP,2023,Population Change (#),2021
Greater Bridgeport Planning Region,373,Planning Region,09120,PEP,2023,Population Change (#),2022
Greater Bridgeport Planning Region,526,Planning Region,09120,PEP,2023,Population Change (#),2023
Greater Bridgeport Planning Region,820,Planning Region,09120,PEP,2023,Births,2020
Greater Bridgeport Planning Region,3246,Planning Region,09120,PEP,2023,Births,2021
Greater Bridgeport Planning Region,3429,Planning Region,09120,PEP,2023,Births,2022
Greater Bridgeport Planning Region,3374,Planning Region,09120,PEP,2023,Births,2023
Greater Bridgeport Planning Region,1004,Planning Region,09120,PEP,2023,Deaths,2020
Greater Bridgeport Planning Region,2551,Planning Region,09120,PEP,2023,Deaths,2021
Greater Bridgeport Planning Region,2568,Planning Region,09120,PEP,2023,Deaths,2022
Greater Bridgeport Planning Region,2400,Planning Region,09120,PEP,2023,Deaths,2023
Greater Bridgeport Planning Region,-184,Planning Region,09120,PEP,2023,Natural Change,2020
Greater Bridgeport Planning Region,695,Planning Region,09120,PEP,2023,Natural Change,2021
Greater Bridgeport Planning Region,861,Planning Region,09120,PEP,2023,Natural Change,2022
Greater Bridgeport Planning Region,974,Planning Region,09120,PEP,2023,Natural Change,2023
Greater Bridgeport Planning Region,37,Planning Region,09120,PEP,2023,International Migration,2020
Greater Bridgeport Planning Region,902,Planning Region,09120,PEP,2023,International Migration,2021
Greater Bridgeport Planning Region,2117,Planning Region,09120,PEP,2023,International Migration,2022
Greater Bridgeport Planning Region,2075,Planning Region,09120,PEP,2023,International Migration,2023
Greater Bridgeport Planning Region,-1135,Planning Region,09120,PEP,2023,Domestic Migration,2020
Greater Bridgeport Planning Region,552,Planning Region,09120,PEP,2023,Domestic Migration,2021
Greater Bridgeport Planning Region,-2603,Planning Region,09120,PEP,2023,Domestic Migration,2022
Greater Bridgeport Planning Region,-2558,Planning Region,09120,PEP,2023,Domestic Migration,2023
Greater Bridgeport Planning Region,-105,Planning Region,09120,PEP,2023,Residual,2020
Greater Bridgeport Planning Region,216,Planning Region,09120,PEP,2023,Residual,2021
Greater Bridgeport Planning Region,-2,Planning Region,09120,PEP,2023,Residual,2022
Greater Bridgeport Planning Region,35,Planning Region,09120,PEP,2023,Residual,2023
Greater Bridgeport Planning Region,9813,Planning Region,09120,PEP,2023,Group Quarters Estimates Base,2020
Greater Bridgeport Planning Region,9202,Planning Region,09120,PEP,2023,Group Quarters Estimates,2020
Greater Bridgeport Planning Region,10202,Planning Region,09120,PEP,2023,Group Quarters Estimates,2021
Greater Bridgeport Planning Region,10550,Planning Region,09120,PEP,2023,Group Quarters Estimates,2022
Greater Bridgeport Planning Region,10471,Planning Region,09120,PEP,2023,Group Quarters Estimates,2023
Greater Bridgeport Planning Region,9.970221412,Planning Region,09120,PEP,2023,Birth Rate,2021
Greater Bridgeport Planning Region,10.48821109,Planning Region,09120,PEP,2023,Birth Rate,2022
Greater Bridgeport Planning Region,10.30581451,Planning Region,09120,PEP,2023,Birth Rate,2023
Greater Bridgeport Planning Region,7.835500561,Planning Region,09120,PEP,2023,Death Rate,2021
Greater Bridgeport Planning Region,7.854688267,Planning Region,09120,PEP,2023,Death Rate,2022
Greater Bridgeport Planning Region,7.33075128,Planning Region,09120,PEP,2023,Death Rate,2023
Greater Bridgeport Planning Region,2.134720851,Planning Region,09120,PEP,2023,Natural Change Rate,2021
Greater Bridgeport Planning Region,2.633522819,Planning Region,09120,PEP,2023,Natural Change Rate,2022
Greater Bridgeport Planning Region,2.975063228,Planning Region,09120,PEP,2023,Natural Change Rate,2023
Greater Bridgeport Planning Region,2.770529795,Planning Region,09120,PEP,2023,International Migration Rate,2021
Greater Bridgeport Planning Region,6.475223934,Planning Region,09120,PEP,2023,International Migration Rate,2022
Greater Bridgeport Planning Region,6.338045377,Planning Region,09120,PEP,2023,International Migration Rate,2023
Greater Bridgeport Planning Region,1.695490517,Planning Region,09120,PEP,2023,Domestic Migration Rate,2021
Greater Bridgeport Planning Region,-7.96174204,Planning Region,09120,PEP,2023,Domestic Migration Rate,2022
Greater Bridgeport Planning Region,-7.813359072,Planning Region,09120,PEP,2023,Domestic Migration Rate,2023
Greater Bridgeport Planning Region,1000,Planning Region,09120,PEP,2023,Group Quarters Change,2021
Greater Bridgeport Planning Region,348,Planning Region,09120,PEP,2023,Group Quarters Change,2022
Greater Bridgeport Planning Region,-79,Planning Region,09120,PEP,2023,Group Quarters Change,2023
Greenwich,63525,Town,0919033620,PEP,2023,Estimate Base,2020
Greenwich,63344,Town,0919033620,PEP,2023,Population Estimate,2020
Greenwich,63635,Town,0919033620,PEP,2023,Population Estimate,2021
Greenwich,63617,Town,0919033620,PEP,2023,Population Estimate,2022
Greenwich,63574,Town,0919033620,PEP,2023,Population Estimate,2023
Griswold,11404,Town,0918033900,PEP,2023,Estimate Base,2020
Griswold,11421,Town,0918033900,PEP,2023,Population Estimate,2020
Griswold,11440,Town,0918033900,PEP,2023,Population Estimate,2021
Griswold,11484,Town,0918033900,PEP,2023,Population Estimate,2022
Griswold,11624,Town,0918033900,PEP,2023,Population Estimate,2023
Groton,38401,Town,0918034250,PEP,2023,Estimate Base,2020
Groton,38343,Town,0918034250,PEP,2023,Population Estimate,2020
Groton,37722,Town,0918034250,PEP,2023,Population Estimate,2021
Groton,37966,Town,0918034250,PEP,2023,Population Estimate,2022
Groton,37878,Town,0918034250,PEP,2023,Population Estimate,2023
Guilford,22076,Town,0917034950,PEP,2023,Estimate Base,2020
Guilford,22018,Town,0917034950,PEP,2023,Population Estimate,2020
Guilford,22028,Town,0917034950,PEP,2023,Population Estimate,2021
Guilford,22020,Town,0917034950,PEP,2023,Population Estimate,2022
Guilford,22020,Town,0917034950,PEP,2023,Population Estimate,2023
Haddam,8451,Town,0913035230,PEP,2023,Estimate Base,2020
Haddam,8436,Town,0913035230,PEP,2023,Population Estimate,2020
Haddam,8503,Town,0913035230,PEP,2023,Population Estimate,2021
Haddam,8673,Town,0913035230,PEP,2023,Population Estimate,2022
Haddam,8773,Town,0913035230,PEP,2023,Population Estimate,2023
Hamden,61199,Town,0917035650,PEP,2023,Estimate Base,2020
Hamden,60332,Town,0917035650,PEP,2023,Population Estimate,2020
Hamden,60302,Town,0917035650,PEP,2023,Population Estimate,2021
Hamden,60280,Town,0917035650,PEP,2023,Population Estimate,2022
Hamden,60014,Town,0917035650,PEP,2023,Population Estimate,2023
Hampton,1728,Town,0915036000,PEP,2023,Estimate Base,2020
Hampton,1729,Town,0915036000,PEP,2023,Population Estimate,2020
Hampton,1734,Town,0915036000,PEP,2023,Population Estimate,2021
Hampton,1736,Town,0915036000,PEP,2023,Population Estimate,2022
Hampton,1740,Town,0915036000,PEP,2023,Population Estimate,2023
Hartford,121019,Town,0911037070,PEP,2023,Estimate Base,2020
Hartford,119798,Town,0911037070,PEP,2023,Population Estimate,2020
Hartford,120034,Town,0911037070,PEP,2023,Population Estimate,2021
Hartford,119851,Town,0911037070,PEP,2023,Population Estimate,2022
Hartford,119669,Town,0911037070,PEP,2023,Population Estimate,2023
Hartland,1901,Town,0916037140,PEP,2023,Estimate Base,2020
Hartland,1897,Town,0916037140,PEP,2023,Population Estimate,2020
Hartland,1906,Town,0916037140,PEP,2023,Population Estimate,2021
Hartland,1909,Town,0916037140,PEP,2023,Population Estimate,2022
Hartland,1912,Town,0916037140,PEP,2023,Population Estimate,2023
Harwinton,5483,Town,0916037280,PEP,2023,Estimate Base,2020
Harwinton,5474,Town,0916037280,PEP,2023,Population Estimate,2020
Harwinton,5521,Town,0916037280,PEP,2023,Population Estimate,2021
Harwinton,5566,Town,0916037280,PEP,2023,Population Estimate,2022
Harwinton,5612,Town,0916037280,PEP,2023,Population Estimate,2023
Hebron,9087,Town,0911037910,PEP,2023,Estimate Base,2020
Hebron,9071,Town,0911037910,PEP,2023,Population Estimate,2020
Hebron,9098,Town,0911037910,PEP,2023,Population Estimate,2021
Hebron,9116,Town,0911037910,PEP,2023,Population Estimate,2022
Hebron,9146,Town,0911037910,PEP,2023,Population Estimate,2023
Kent,3023,Town,0916040290,PEP,2023,Estimate Base,2020
Kent,3017,Town,0916040290,PEP,2023,Population Estimate,2020
Kent,3040,Town,0916040290,PEP,2023,Population Estimate,2021
Kent,3058,Town,0916040290,PEP,2023,Population Estimate,2022
Kent,3066,Town,0916040290,PEP,2023,Population Estimate,2023
Killingly,17740,Town,0915040500,PEP,2023,Estimate Base,2020
Killingly,17710,Town,0915040500,PEP,2023,Population Estimate,2020
Killingly,17740,Town,0915040500,PEP,2023,Population Estimate,2021
Killingly,17829,Town,0915040500,PEP,2023,Population Estimate,2022
Killingly,17945,Town,0915040500,PEP,2023,Population Estimate,2023
Killingworth,6170,Town,0913040710,PEP,2023,Estimate Base,2020
Killingworth,6160,Town,0913040710,PEP,2023,Population Estimate,2020
Killingworth,6225,Town,0913040710,PEP,2023,Population Estimate,2021
Killingworth,6239,Town,0913040710,PEP,2023,Population Estimate,2022
Killingworth,6254,Town,0913040710,PEP,2023,Population Estimate,2023
Lebanon,7142,Town,0918042390,PEP,2023,Estimate Base,2020
Lebanon,7127,Town,0918042390,PEP,2023,Population Estimate,2020
Lebanon,7125,Town,0918042390,PEP,2023,Population Estimate,2021
Lebanon,7118,Town,0918042390,PEP,2023,Population Estimate,2022
Lebanon,7108,Town,0918042390,PEP,2023,Population Estimate,2023
Ledyard,15421,Town,0918042600,PEP,2023,Estimate Base,2020
Ledyard,15388,Town,0918042600,PEP,2023,Population Estimate,2020
Ledyard,15381,Town,0918042600,PEP,2023,Population Estimate,2021
Ledyard,15419,Town,0918042600,PEP,2023,Population Estimate,2022
Ledyard,15459,Town,0918042600,PEP,2023,Population Estimate,2023
Lisbon,4191,Town,0918043230,PEP,2023,Estimate Base,2020
Lisbon,4188,Town,0918043230,PEP,2023,Population Estimate,2020
Lisbon,4210,Town,0918043230,PEP,2023,Population Estimate,2021
Lisbon,4232,Town,0918043230,PEP,2023,Population Estimate,2022
Lisbon,4228,Town,0918043230,PEP,2023,Population Estimate,2023
Litchfield,8193,Town,0916043370,PEP,2023,Estimate Base,2020
Litchfield,8180,Town,0916043370,PEP,2023,Population Estimate,2020
Litchfield,8257,Town,0916043370,PEP,2023,Population Estimate,2021
Litchfield,8281,Town,0916043370,PEP,2023,Population Estimate,2022
Litchfield,8293,Town,0916043370,PEP,2023,Population Estimate,2023
Lower Connecticut River Valley Planning Region,174225,Planning Region,09130,PEP,2023,Estimate Base,2020
Lower Connecticut River Valley Planning Region,173268,Planning Region,09130,PEP,2023,Population Estimate,2020
Lower Connecticut River Valley Planning Region,175430,Planning Region,09130,PEP,2023,Population Estimate,2021
Lower Connecticut River Valley Planning Region,175982,Planning Region,09130,PEP,2023,Population Estimate,2022
Lower Connecticut River Valley Planning Region,176215,Planning Region,09130,PEP,2023,Population Estimate,2023
Lower Connecticut River Valley Planning Region,-957,Planning Region,09130,PEP,2023,Population Change (#),2020
Lower Connecticut River Valley Planning Region,2162,Planning Region,09130,PEP,2023,Population Change (#),2021
Lower Connecticut River Valley Planning Region,552,Planning Region,09130,PEP,2023,Population Change (#),2022
Lower Connecticut River Valley Planning Region,233,Planning Region,09130,PEP,2023,Population Change (#),2023
Lower Connecticut River Valley Planning Region,351,Planning Region,09130,PEP,2023,Births,2020
Lower Connecticut River Valley Planning Region,1355,Planning Region,09130,PEP,2023,Births,2021
Lower Connecticut River Valley Planning Region,1442,Planning Region,09130,PEP,2023,Births,2022
Lower Connecticut River Valley Planning Region,1432,Planning Region,09130,PEP,2023,Births,2023
Lower Connecticut River Valley Planning Region,559,Planning Region,09130,PEP,2023,Deaths,2020
Lower Connecticut River Valley Planning Region,1780,Planning Region,09130,PEP,2023,Deaths,2021
Lower Connecticut River Valley Planning Region,1800,Planning Region,09130,PEP,2023,Deaths,2022
Lower Connecticut River Valley Planning Region,1723,Planning Region,09130,PEP,2023,Deaths,2023
Lower Connecticut River Valley Planning Region,-208,Planning Region,09130,PEP,2023,Natural Change,2020
Lower Connecticut River Valley Planning Region,-425,Planning Region,09130,PEP,2023,Natural Change,2021
Lower Connecticut River Valley Planning Region,-358,Planning Region,09130,PEP,2023,Natural Change,2022
Lower Connecticut River Valley Planning Region,-291,Planning Region,09130,PEP,2023,Natural Change,2023
Lower Connecticut River Valley Planning Region,3,Planning Region,09130,PEP,2023,International Migration,2020
Lower Connecticut River Valley Planning Region,130,Planning Region,09130,PEP,2023,International Migration,2021
Lower Connecticut River Valley Planning Region,383,Planning Region,09130,PEP,2023,International Migration,2022
Lower Connecticut River Valley Planning Region,368,Planning Region,09130,PEP,2023,International Migration,2023
Lower Connecticut River Valley Planning Region,-653,Planning Region,09130,PEP,2023,Domestic Migration,2020
Lower Connecticut River Valley Planning Region,2485,Planning Region,09130,PEP,2023,Domestic Migration,2021
Lower Connecticut River Valley Planning Region,620,Planning Region,09130,PEP,2023,Domestic Migration,2022
Lower Connecticut River Valley Planning Region,162,Planning Region,09130,PEP,2023,Domestic Migration,2023
Lower Connecticut River Valley Planning Region,-99,Planning Region,09130,PEP,2023,Residual,2020
Lower Connecticut River Valley Planning Region,-28,Planning Region,09130,PEP,2023,Residual,2021
Lower Connecticut River Valley Planning Region,-93,Planning Region,09130,PEP,2023,Residual,2022
Lower Connecticut River Valley Planning Region,-6,Planning Region,09130,PEP,2023,Residual,2023
Lower Connecticut River Valley Planning Region,6493,Planning Region,09130,PEP,2023,Group Quarters Estimates Base,2020
Lower Connecticut River Valley Planning Region,5826,Planning Region,09130,PEP,2023,Group Quarters Estimates,2020
Lower Connecticut River Valley Planning Region,6548,Planning Region,09130,PEP,2023,Group Quarters Estimates,2021
Lower Connecticut River Valley Planning Region,6521,Planning Region,09130,PEP,2023,Group Quarters Estimates,2022
Lower Connecticut River Valley Planning Region,6535,Planning Region,09130,PEP,2023,Group Quarters Estimates,2023
Lower Connecticut River Valley Planning Region,7.77176812,Planning Region,09130,PEP,2023,Birth Rate,2021
Lower Connecticut River Valley Planning Region,8.206891057,Planning Region,09130,PEP,2023,Birth Rate,2022
Lower Connecticut River Valley Planning Region,8.131812594,Planning Region,09130,PEP,2023,Birth Rate,2023
Lower Connecticut River Valley Planning Region,10.20940757,Planning Region,09130,PEP,2023,Death Rate,2021
Lower Connecticut River Valley Planning Region,10.24438551,Planning Region,09130,PEP,2023,Death Rate,2022
Lower Connecticut River Valley Planning Region,9.784296857,Planning Region,09130,PEP,2023,Death Rate,2023
Lower Connecticut River Valley Planning Region,-2.437639447,Planning Region,09130,PEP,2023,Natural Change Rate,2021
Lower Connecticut River Valley Planning Region,-2.037494451,Planning Region,09130,PEP,2023,Natural Change Rate,2022
Lower Connecticut River Valley Planning Region,-1.652484263,Planning Region,09130,PEP,2023,Natural Change Rate,2023
Lower Connecticut River Valley Planning Region,0.74563089,Planning Region,09130,PEP,2023,International Migration Rate,2021
Lower Connecticut River Valley Planning Region,2.179777583,Planning Region,09130,PEP,2023,International Migration Rate,2022
Lower Connecticut River Valley Planning Region,2.089739549,Planning Region,09130,PEP,2023,International Migration Rate,2023
Lower Connecticut River Valley Planning Region,14.25302124,Planning Region,09130,PEP,2023,Domestic Migration Rate,2021
Lower Connecticut River Valley Planning Region,3.528621675,Planning Region,09130,PEP,2023,Domestic Migration Rate,2022
Lower Connecticut River Valley Planning Region,0.919939693,Planning Region,09130,PEP,2023,Domestic Migration Rate,2023
Lower Connecticut River Valley Planning Region,722,Planning Region,09130,PEP,2023,Group Quarters Change,2021
Lower Connecticut River Valley Planning Region,-27,Planning Region,09130,PEP,2023,Group Quarters Change,2022
Lower Connecticut River Valley Planning Region,14,Planning Region,09130,PEP,2023,Group Quarters Change,2023
Lyme,2352,Town,0913044210,PEP,2023,Estimate Base,2020
Lyme,2347,Town,0913044210,PEP,2023,Population Estimate,2020
Lyme,2370,Town,0913044210,PEP,2023,Population Estimate,2021
Lyme,2396,Town,0913044210,PEP,2023,Population Estimate,2022
Lyme,2409,Town,0913044210,PEP,2023,Population Estimate,2023
Madison,17689,Town,0917044560,PEP,2023,Estimate Base,2020
Madison,17620,Town,0917044560,PEP,2023,Population Estimate,2020
Madison,17588,Town,0917044560,PEP,2023,Population Estimate,2021
Madison,17552,Town,0917044560,PEP,2023,Population Estimate,2022
Madison,17498,Town,0917044560,PEP,2023,Population Estimate,2023
Manchester,59713,Town,0911044700,PEP,2023,Estimate Base,2020
Manchester,59497,Town,0911044700,PEP,2023,Population Estimate,2020
Manchester,59507,Town,0911044700,PEP,2023,Population Estimate,2021
Manchester,59399,Town,0911044700,PEP,2023,Population Estimate,2022
Manchester,59408,Town,0911044700,PEP,2023,Population Estimate,2023
Mansfield,25888,Town,0911044910,PEP,2023,Estimate Base,2020
Mansfield,18139,Town,0911044910,PEP,2023,Population Estimate,2020
Mansfield,24239,Town,0911044910,PEP,2023,Population Estimate,2021
Mansfield,25409,Town,0911044910,PEP,2023,Population Estimate,2022
Mansfield,25401,Town,0911044910,PEP,2023,Population Estimate,2023
Marlborough,6132,Town,0911045820,PEP,2023,Estimate Base,2020
Marlborough,6098,Town,0911045820,PEP,2023,Population Estimate,2020
Marlborough,6096,Town,0911045820,PEP,2023,Population Estimate,2021
Marlborough,6094,Town,0911045820,PEP,2023,Population Estimate,2022
Marlborough,6106,Town,0911045820,PEP,2023,Population Estimate,2023
Meriden,60830,Town,0917046520,PEP,2023,Estimate Base,2020
Meriden,60617,Town,0917046520,PEP,2023,Population Estimate,2020
Meriden,60438,Town,0917046520,PEP,2023,Population Estimate,2021
Meriden,60258,Town,0917046520,PEP,2023,Population Estimate,2022
Meriden,60111,Town,0917046520,PEP,2023,Population Estimate,2023
Middlebury,7573,Town,0914046940,PEP,2023,Estimate Base,2020
Middlebury,7583,Town,0914046940,PEP,2023,Population Estimate,2020
Middlebury,7724,Town,0914046940,PEP,2023,Population Estimate,2021
Middlebury,7818,Town,0914046940,PEP,2023,Population Estimate,2022
Middlebury,7936,Town,0914046940,PEP,2023,Population Estimate,2023
Middlefield,4217,Town,0913047080,PEP,2023,Estimate Base,2020
Middlefield,4208,Town,0913047080,PEP,2023,Population Estimate,2020
Middlefield,4248,Town,0913047080,PEP,2023,Population Estimate,2021
Middlefield,4254,Town,0913047080,PEP,2023,Population Estimate,2022
Middlefield,4257,Town,0913047080,PEP,2023,Population Estimate,2023
Middletown,47723,Town,0913047360,PEP,2023,Estimate Base,2020
Middletown,46965,Town,0913047360,PEP,2023,Population Estimate,2020
Middletown,48030,Town,0913047360,PEP,2023,Population Estimate,2021
Middletown,47978,Town,0913047360,PEP,2023,Population Estimate,2022
Middletown,47984,Town,0913047360,PEP,2023,Population Estimate,2023
Milford,52040,Town,0917047535,PEP,2023,Estimate Base,2020
Milford,51987,Town,0917047535,PEP,2023,Population Estimate,2020
Milford,52300,Town,0917047535,PEP,2023,Population Estimate,2021
Milford,52643,Town,0917047535,PEP,2023,Population Estimate,2022
Milford,52793,Town,0917047535,PEP,2023,Population Estimate,2023
Monroe,18821,Town,0912048620,PEP,2023,Estimate Base,2020
Monroe,18767,Town,0912048620,PEP,2023,Population Estimate,2020
Monroe,18812,Town,0912048620,PEP,2023,Population Estimate,2021
Monroe,18797,Town,0912048620,PEP,2023,Population Estimate,2022
Monroe,18831,Town,0912048620,PEP,2023,Population Estimate,2023
Montville,18386,Town,0918048900,PEP,2023,Estimate Base,2020
Montville,18069,Town,0918048900,PEP,2023,Population Estimate,2020
Montville,18116,Town,0918048900,PEP,2023,Population Estimate,2021
Montville,17845,Town,0918048900,PEP,2023,Population Estimate,2022
Montville,17814,Town,0918048900,PEP,2023,Population Estimate,2023
Morris,2251,Town,0916049460,PEP,2023,Estimate Base,2020
Morris,2248,Town,0916049460,PEP,2023,Population Estimate,2020
Morris,2261,Town,0916049460,PEP,2023,Population Estimate,2021
Morris,2271,Town,0916049460,PEP,2023,Population Estimate,2022
Morris,2272,Town,0916049460,PEP,2023,Population Estimate,2023
Naugatuck,31580,Town,0914049950,PEP,2023,Estimate Base,2020
Naugatuck,31492,Town,0914049950,PEP,2023,Population Estimate,2020
Naugatuck,31616,Town,0914049950,PEP,2023,Population Estimate,2021
Naugatuck,31677,Town,0914049950,PEP,2023,Population Estimate,2022
Naugatuck,31820,Town,0914049950,PEP,2023,Population Estimate,2023
Naugatuck Valley Planning Region,450435,Planning Region,09140,PEP,2023,Estimate Base,2020
Naugatuck Valley Planning Region,449285,Planning Region,09140,PEP,2023,Population Estimate,2020
Naugatuck Valley Planning Region,452281,Planning Region,09140,PEP,2023,Population Estimate,2021
Naugatuck Valley Planning Region,453590,Planning Region,09140,PEP,2023,Population Estimate,2022
Naugatuck Valley Planning Region,456128,Planning Region,09140,PEP,2023,Population Estimate,2023
Naugatuck Valley Planning Region,-1150,Planning Region,09140,PEP,2023,Population Change (#),2020
Naugatuck Valley Planning Region,2996,Planning Region,09140,PEP,2023,Population Change (#),2021
Naugatuck Valley Planning Region,1309,Planning Region,09140,PEP,2023,Population Change (#),2022
Naugatuck Valley Planning Region,2538,Planning Region,09140,PEP,2023,Population Change (#),2023
Naugatuck Valley Planning Region,1047,Planning Region,09140,PEP,2023,Births,2020
Naugatuck Valley Planning Region,4287,Planning Region,09140,PEP,2023,Births,2021
Naugatuck Valley Planning Region,4447,Planning Region,09140,PEP,2023,Births,2022
Naugatuck Valley Planning Region,4388,Planning Region,09140,PEP,2023,Births,2023
Naugatuck Valley Planning Region,1524,Planning Region,09140,PEP,2023,Deaths,2020
Naugatuck Valley Planning Region,4490,Planning Region,09140,PEP,2023,Deaths,2021
Naugatuck Valley Planning Region,4503,Planning Region,09140,PEP,2023,Deaths,2022
Naugatuck Valley Planning Region,4215,Planning Region,09140,PEP,2023,Deaths,2023
Naugatuck Valley Planning Region,-477,Planning Region,09140,PEP,2023,Natural Change,2020
Naugatuck Valley Planning Region,-203,Planning Region,09140,PEP,2023,Natural Change,2021
Naugatuck Valley Planning Region,-56,Planning Region,09140,PEP,2023,Natural Change,2022
Naugatuck Valley Planning Region,173,Planning Region,09140,PEP,2023,Natural Change,2023
Naugatuck Valley Planning Region,22,Planning Region,09140,PEP,2023,International Migration,2020
Naugatuck Valley Planning Region,516,Planning Region,09140,PEP,2023,International Migration,2021
Naugatuck Valley Planning Region,1428,Planning Region,09140,PEP,2023,International Migration,2022
Naugatuck Valley Planning Region,1370,Planning Region,09140,PEP,2023,International Migration,2023
Naugatuck Valley Planning Region,-674,Planning Region,09140,PEP,2023,Domestic Migration,2020
Naugatuck Valley Planning Region,2450,Planning Region,09140,PEP,2023,Domestic Migration,2021
Naugatuck Valley Planning Region,196,Planning Region,09140,PEP,2023,Domestic Migration,2022
Naugatuck Valley Planning Region,1016,Planning Region,09140,PEP,2023,Domestic Migration,2023
Naugatuck Valley Planning Region,-21,Planning Region,09140,PEP,2023,Residual,2020
Naugatuck Valley Planning Region,233,Planning Region,09140,PEP,2023,Residual,2021
Naugatuck Valley Planning Region,-259,Planning Region,09140,PEP,2023,Residual,2022
Naugatuck Valley Planning Region,-21,Planning Region,09140,PEP,2023,Residual,2023
Naugatuck Valley Planning Region,6973,Planning Region,09140,PEP,2023,Group Quarters Estimates Base,2020
Naugatuck Valley Planning Region,6252,Planning Region,09140,PEP,2023,Group Quarters Estimates,2020
Naugatuck Valley Planning Region,6644,Planning Region,09140,PEP,2023,Group Quarters Estimates,2021
Naugatuck Valley Planning Region,6851,Planning Region,09140,PEP,2023,Group Quarters Estimates,2022
Naugatuck Valley Planning Region,6855,Planning Region,09140,PEP,2023,Group Quarters Estimates,2023
Naugatuck Valley Planning Region,9.51011906,Planning Region,09140,PEP,2023,Birth Rate,2021
Naugatuck Valley Planning Region,9.818174994,Planning Region,09140,PEP,2023,Birth Rate,2022
Naugatuck Valley Planning Region,9.646945537,Planning Region,09140,PEP,2023,Birth Rate,2023
Naugatuck Valley Planning Region,9.960446601,Planning Region,09140,PEP,2023,Death Rate,2021
Naugatuck Valley Planning Region,9.941812907,Planning Region,09140,PEP,2023,Death Rate,2022
Naugatuck Valley Planning Region,9.266607894,Planning Region,09140,PEP,2023,Death Rate,2023
Naugatuck Valley Planning Region,-0.450327541,Planning Region,09140,PEP,2023,Natural Change Rate,2021
Naugatuck Valley Planning Region,-0.123637913,Planning Region,09140,PEP,2023,Natural Change Rate,2022
Naugatuck Valley Planning Region,0.380337643,Planning Region,09140,PEP,2023,Natural Change Rate,2023
Naugatuck Valley Planning Region,1.144674932,Planning Region,09140,PEP,2023,International Migration Rate,2021
Naugatuck Valley Planning Region,3.152766785,Planning Region,09140,PEP,2023,International Migration Rate,2022
Naugatuck Valley Planning Region,3.011922376,Planning Region,09140,PEP,2023,International Migration Rate,2023
Naugatuck Valley Planning Region,5.434987566,Planning Region,09140,PEP,2023,Domestic Migration Rate,2021
Naugatuck Valley Planning Region,0.432732696,Planning Region,09140,PEP,2023,Domestic Migration Rate,2022
Naugatuck Valley Planning Region,2.233659222,Planning Region,09140,PEP,2023,Domestic Migration Rate,2023
Naugatuck Valley Planning Region,392,Planning Region,09140,PEP,2023,Group Quarters Change,2021
Naugatuck Valley Planning Region,207,Planning Region,09140,PEP,2023,Group Quarters Change,2022
Naugatuck Valley Planning Region,4,Planning Region,09140,PEP,2023,Group Quarters Change,2023
New Britain,74155,Town,0911050440,PEP,2023,Estimate Base,2020
New Britain,72755,Town,0911050440,PEP,2023,Population Estimate,2020
New Britain,73370,Town,0911050440,PEP,2023,Population Estimate,2021
New Britain,73424,Town,0911050440,PEP,2023,Population Estimate,2022
New Britain,74080,Town,0911050440,PEP,2023,Population Estimate,2023
New Canaan,20609,Town,0919050580,PEP,2023,Estimate Base,2020
New Canaan,20534,Town,0919050580,PEP,2023,Population Estimate,2020
New Canaan,20800,Town,0919050580,PEP,2023,Population Estimate,2021
New Canaan,20785,Town,0919050580,PEP,2023,Population Estimate,2022
New Canaan,20862,Town,0919050580,PEP,2023,Population Estimate,2023
New Fairfield,13580,Town,0919050860,PEP,2023,Estimate Base,2020
New Fairfield,13529,Town,0919050860,PEP,2023,Population Estimate,2020
New Fairfield,13588,Town,0919050860,PEP,2023,Population Estimate,2021
New Fairfield,13535,Town,0919050860,PEP,2023,Population Estimate,2022
New Fairfield,13487,Town,0919050860,PEP,2023,Population Estimate,2023
New Hartford,6659,Town,0916051350,PEP,2023,Estimate Base,2020
New Hartford,6649,Town,0916051350,PEP,2023,Population Estimate,2020
New Hartford,6688,Town,0916051350,PEP,2023,Population Estimate,2021
New Hartford,6701,Town,0916051350,PEP,2023,Population Estimate,2022
New Hartford,6709,Town,0916051350,PEP,2023,Population Estimate,2023
New Haven,134026,Town,0917052070,PEP,2023,Estimate Base,2020
New Haven,129757,Town,0917052070,PEP,2023,Population Estimate,2020
New Haven,134554,Town,0917052070,PEP,2023,Population Estimate,2021
New Haven,134932,Town,0917052070,PEP,2023,Population Estimate,2022
New Haven,135319,Town,0917052070,PEP,2023,Population Estimate,2023
New London,27374,Town,0918052350,PEP,2023,Estimate Base,2020
New London,26718,Town,0918052350,PEP,2023,Population Estimate,2020
New London,27328,Town,0918052350,PEP,2023,Population Estimate,2021
New London,27566,Town,0918052350,PEP,2023,Population Estimate,2022
New London,27560,Town,0918052350,PEP,2023,Population Estimate,2023
New Milford,28116,Town,0919052630,PEP,2023,Estimate Base,2020
New Milford,27977,Town,0919052630,PEP,2023,Population Estimate,2020
New Milford,28196,Town,0919052630,PEP,2023,Population Estimate,2021
New Milford,28239,Town,0919052630,PEP,2023,Population Estimate,2022
New Milford,28276,Town,0919052630,PEP,2023,Population Estimate,2023
Newington,30542,Town,0911052140,PEP,2023,Estimate Base,2020
Newington,30420,Town,0911052140,PEP,2023,Population Estimate,2020
Newington,30396,Town,0911052140,PEP,2023,Population Estimate,2021
Newington,30307,Town,0911052140,PEP,2023,Population Estimate,2022
Newington,31227,Town,0911052140,PEP,2023,Population Estimate,2023
Newtown,27162,Town,0919052980,PEP,2023,Estimate Base,2020
Newtown,27034,Town,0919052980,PEP,2023,Population Estimate,2020
Newtown,27475,Town,0919052980,PEP,2023,Population Estimate,2021
Newtown,27533,Town,0919052980,PEP,2023,Population Estimate,2022
Newtown,27673,Town,0919052980,PEP,2023,Population Estimate,2023
Norfolk,1587,Town,0916053470,PEP,2023,Estimate Base,2020
Norfolk,1584,Town,0916053470,PEP,2023,Population Estimate,2020
Norfolk,1589,Town,0916053470,PEP,2023,Population Estimate,2021
Norfolk,1597,Town,0916053470,PEP,2023,Population Estimate,2022
Norfolk,1596,Town,0916053470,PEP,2023,Population Estimate,2023
North Branford,13546,Town,0917053890,PEP,2023,Estimate Base,2020
North Branford,13506,Town,0917053890,PEP,2023,Population Estimate,2020
North Branford,13472,Town,0917053890,PEP,2023,Population Estimate,2021
North Branford,13462,Town,0917053890,PEP,2023,Population Estimate,2022
North Branford,13415,Town,0917053890,PEP,2023,Population Estimate,2023
North Canaan,3207,Town,0916054030,PEP,2023,Estimate Base,2020
North Canaan,3198,Town,0916054030,PEP,2023,Population Estimate,2020
North Canaan,3213,Town,0916054030,PEP,2023,Population Estimate,2021
North Canaan,3208,Town,0916054030,PEP,2023,Population Estimate,2022
North Canaan,3204,Town,0916054030,PEP,2023,Population Estimate,2023
North Haven,24262,Town,0917054870,PEP,2023,Estimate Base,2020
North Haven,24161,Town,0917054870,PEP,2023,Population Estimate,2020
North Haven,24150,Town,0917054870,PEP,2023,Population Estimate,2021
North Haven,24068,Town,0917054870,PEP,2023,Population Estimate,2022
North Haven,24295,Town,0917054870,PEP,2023,Population Estimate,2023
North Stonington,5149,Town,0918055500,PEP,2023,Estimate Base,2020
North Stonington,5141,Town,0918055500,PEP,2023,Population Estimate,2020
North Stonington,5153,Town,0918055500,PEP,2023,Population Estimate,2021
North Stonington,5158,Town,0918055500,PEP,2023,Population Estimate,2022
North Stonington,5165,Town,0918055500,PEP,2023,Population Estimate,2023
Northeastern Connecticut Planning Region,95336,Planning Region,09150,PEP,2023,Estimate Base,2020
Northeastern Connecticut Planning Region,95222,Planning Region,09150,PEP,2023,Population Estimate,2020
Northeastern Connecticut Planning Region,95605,Planning Region,09150,PEP,2023,Population Estimate,2021
Northeastern Connecticut Planning Region,96148,Planning Region,09150,PEP,2023,Population Estimate,2022
Northeastern Connecticut Planning Region,96692,Planning Region,09150,PEP,2023,Population Estimate,2023
Northeastern Connecticut Planning Region,-114,Planning Region,09150,PEP,2023,Population Change (#),2020
Northeastern Connecticut Planning Region,383,Planning Region,09150,PEP,2023,Population Change (#),2021
Northeastern Connecticut Planning Region,543,Planning Region,09150,PEP,2023,Population Change (#),2022
Northeastern Connecticut Planning Region,544,Planning Region,09150,PEP,2023,Population Change (#),2023
Northeastern Connecticut Planning Region,211,Planning Region,09150,PEP,2023,Births,2020
Northeastern Connecticut Planning Region,789,Planning Region,09150,PEP,2023,Births,2021
Northeastern Connecticut Planning Region,888,Planning Region,09150,PEP,2023,Births,2022
Northeastern Connecticut Planning Region,827,Planning Region,09150,PEP,2023,Births,2023
Northeastern Connecticut Planning Region,266,Planning Region,09150,PEP,2023,Deaths,2020
Northeastern Connecticut Planning Region,1065,Planning Region,09150,PEP,2023,Deaths,2021
Northeastern Connecticut Planning Region,1057,Planning Region,09150,PEP,2023,Deaths,2022
Northeastern Connecticut Planning Region,1015,Planning Region,09150,PEP,2023,Deaths,2023
Northeastern Connecticut Planning Region,-55,Planning Region,09150,PEP,2023,Natural Change,2020
Northeastern Connecticut Planning Region,-276,Planning Region,09150,PEP,2023,Natural Change,2021
Northeastern Connecticut Planning Region,-169,Planning Region,09150,PEP,2023,Natural Change,2022
Northeastern Connecticut Planning Region,-188,Planning Region,09150,PEP,2023,Natural Change,2023
Northeastern Connecticut Planning Region,0,Planning Region,09150,PEP,2023,International Migration,2020
Northeastern Connecticut Planning Region,27,Planning Region,09150,PEP,2023,International Migration,2021
Northeastern Connecticut Planning Region,102,Planning Region,09150,PEP,2023,International Migration,2022
Northeastern Connecticut Planning Region,97,Planning Region,09150,PEP,2023,International Migration,2023
Northeastern Connecticut Planning Region,-66,Planning Region,09150,PEP,2023,Domestic Migration,2020
Northeastern Connecticut Planning Region,594,Planning Region,09150,PEP,2023,Domestic Migration,2021
Northeastern Connecticut Planning Region,640,Planning Region,09150,PEP,2023,Domestic Migration,2022
Northeastern Connecticut Planning Region,631,Planning Region,09150,PEP,2023,Domestic Migration,2023
Northeastern Connecticut Planning Region,7,Planning Region,09150,PEP,2023,Residual,2020
Northeastern Connecticut Planning Region,38,Planning Region,09150,PEP,2023,Residual,2021
Northeastern Connecticut Planning Region,-30,Planning Region,09150,PEP,2023,Residual,2022
Northeastern Connecticut Planning Region,4,Planning Region,09150,PEP,2023,Residual,2023
Northeastern Connecticut Planning Region,1764,Planning Region,09150,PEP,2023,Group Quarters Estimates Base,2020
Northeastern Connecticut Planning Region,1657,Planning Region,09150,PEP,2023,Group Quarters Estimates,2020
Northeastern Connecticut Planning Region,1591,Planning Region,09150,PEP,2023,Group Quarters Estimates,2021
Northeastern Connecticut Planning Region,1672,Planning Region,09150,PEP,2023,Group Quarters Estimates,2022
Northeastern Connecticut Planning Region,1732,Planning Region,09150,PEP,2023,Group Quarters Estimates,2023
Northeastern Connecticut Planning Region,8.269270072,Planning Region,09150,PEP,2023,Birth Rate,2021
Northeastern Connecticut Planning Region,9.261915068,Planning Region,09150,PEP,2023,Birth Rate,2022
Northeastern Connecticut Planning Region,8.577058702,Planning Region,09150,PEP,2023,Birth Rate,2023
Northeastern Connecticut Planning Region,11.16194249,Planning Region,09150,PEP,2023,Death Rate,2021
Northeastern Connecticut Planning Region,11.02459935,Planning Region,09150,PEP,2023,Death Rate,2022
Northeastern Connecticut Planning Region,10.52686165,Planning Region,09150,PEP,2023,Death Rate,2023
Northeastern Connecticut Planning Region,-2.892672421,Planning Region,09150,PEP,2023,Natural Change Rate,2021
Northeastern Connecticut Planning Region,-1.762684287,Planning Region,09150,PEP,2023,Natural Change Rate,2022
Northeastern Connecticut Planning Region,-1.949802945,Planning Region,09150,PEP,2023,Natural Change Rate,2023
Northeastern Connecticut Planning Region,0.282978824,Planning Region,09150,PEP,2023,International Migration Rate,2021
Northeastern Connecticut Planning Region,1.063868623,Planning Region,09150,PEP,2023,International Migration Rate,2022
Northeastern Connecticut Planning Region,1.00601535,Planning Region,09150,PEP,2023,International Migration Rate,2023
Northeastern Connecticut Planning Region,6.225534123,Planning Region,09150,PEP,2023,Domestic Migration Rate,2021
Northeastern Connecticut Planning Region,6.675254103,Planning Region,09150,PEP,2023,Domestic Migration Rate,2022
Northeastern Connecticut Planning Region,6.544285418,Planning Region,09150,PEP,2023,Domestic Migration Rate,2023
Northeastern Connecticut Planning Region,-66,Planning Region,09150,PEP,2023,Group Quarters Change,2021
Northeastern Connecticut Planning Region,81,Planning Region,09150,PEP,2023,Group Quarters Change,2022
Northeastern Connecticut Planning Region,60,Planning Region,09150,PEP,2023,Group Quarters Change,2023
Northwest Hills Planning Region,112465,Planning Region,09160,PEP,2023,Estimate Base,2020
Northwest Hills Planning Region,112202,Planning Region,09160,PEP,2023,Population Estimate,2020
Northwest Hills Planning Region,112953,Planning Region,09160,PEP,2023,Population Estimate,2021
Northwest Hills Planning Region,113277,Planning Region,09160,PEP,2023,Population Estimate,2022
Northwest Hills Planning Region,113463,Planning Region,09160,PEP,2023,Population Estimate,2023
Northwest Hills Planning Region,-263,Planning Region,09160,PEP,2023,Population Change (#),2020
Northwest Hills Planning Region,751,Planning Region,09160,PEP,2023,Population Change (#),2021
Northwest Hills Planning Region,324,Planning Region,09160,PEP,2023,Population Change (#),2022
Northwest Hills Planning Region,186,Planning Region,09160,PEP,2023,Population Change (#),2023
Northwest Hills Planning Region,219,Planning Region,09160,PEP,2023,Births,2020
Northwest Hills Planning Region,874,Planning Region,09160,PEP,2023,Births,2021
Northwest Hills Planning Region,935,Planning Region,09160,PEP,2023,Births,2022
Northwest Hills Planning Region,921,Planning Region,09160,PEP,2023,Births,2023
Northwest Hills Planning Region,402,Planning Region,09160,PEP,2023,Deaths,2020
Northwest Hills Planning Region,1220,Planning Region,09160,PEP,2023,Deaths,2021
Northwest Hills Planning Region,1233,Planning Region,09160,PEP,2023,Deaths,2022
Northwest Hills Planning Region,1192,Planning Region,09160,PEP,2023,Deaths,2023
Northwest Hills Planning Region,-183,Planning Region,09160,PEP,2023,Natural Change,2020
Northwest Hills Planning Region,-346,Planning Region,09160,PEP,2023,Natural Change,2021
Northwest Hills Planning Region,-298,Planning Region,09160,PEP,2023,Natural Change,2022
Northwest Hills Planning Region,-271,Planning Region,09160,PEP,2023,Natural Change,2023
Northwest Hills Planning Region,0,Planning Region,09160,PEP,2023,International Migration,2020
Northwest Hills Planning Region,70,Planning Region,09160,PEP,2023,International Migration,2021
Northwest Hills Planning Region,224,Planning Region,09160,PEP,2023,International Migration,2022
Northwest Hills Planning Region,214,Planning Region,09160,PEP,2023,International Migration,2023
Northwest Hills Planning Region,-89,Planning Region,09160,PEP,2023,Domestic Migration,2020
Northwest Hills Planning Region,995,Planning Region,09160,PEP,2023,Domestic Migration,2021
Northwest Hills Planning Region,480,Planning Region,09160,PEP,2023,Domestic Migration,2022
Northwest Hills Planning Region,249,Planning Region,09160,PEP,2023,Domestic Migration,2023
Northwest Hills Planning Region,9,Planning Region,09160,PEP,2023,Residual,2020
Northwest Hills Planning Region,32,Planning Region,09160,PEP,2023,Residual,2021
Northwest Hills Planning Region,-82,Planning Region,09160,PEP,2023,Residual,2022
Northwest Hills Planning Region,-6,Planning Region,09160,PEP,2023,Residual,2023
Northwest Hills Planning Region,2352,Planning Region,09160,PEP,2023,Group Quarters Estimates Base,2020
Northwest Hills Planning Region,2282,Planning Region,09160,PEP,2023,Group Quarters Estimates,2020
Northwest Hills Planning Region,2357,Planning Region,09160,PEP,2023,Group Quarters Estimates,2021
Northwest Hills Planning Region,2366,Planning Region,09160,PEP,2023,Group Quarters Estimates,2022
Northwest Hills Planning Region,2365,Planning Region,09160,PEP,2023,Group Quarters Estimates,2023
Northwest Hills Planning Region,7.763540672,Planning Region,09160,PEP,2023,Birth Rate,2021
Northwest Hills Planning Region,8.26592406,Planning Region,09160,PEP,2023,Birth Rate,2022
Northwest Hills Planning Region,8.123842286,Planning Region,09160,PEP,2023,Birth Rate,2023
Northwest Hills Planning Region,10.83697897,Planning Region,09160,PEP,2023,Death Rate,2021
Northwest Hills Planning Region,10.90041109,Planning Region,09160,PEP,2023,Death Rate,2022
Northwest Hills Planning Region,10.51424539,Planning Region,09160,PEP,2023,Death Rate,2023
Northwest Hills Planning Region,-3.073438298,Planning Region,09160,PEP,2023,Natural Change Rate,2021
Northwest Hills Planning Region,-2.634487026,Planning Region,09160,PEP,2023,Natural Change Rate,2022
Northwest Hills Planning Region,-2.390403105,Planning Region,09160,PEP,2023,Natural Change Rate,2023
Northwest Hills Planning Region,0.621793875,Planning Region,09160,PEP,2023,International Migration Rate,2021
Northwest Hills Planning Region,1.98028555,Planning Region,09160,PEP,2023,International Migration Rate,2022
Northwest Hills Planning Region,1.887624592,Planning Region,09160,PEP,2023,International Migration Rate,2023
Northwest Hills Planning Region,8.838355799,Planning Region,09160,PEP,2023,Domestic Migration Rate,2021
Northwest Hills Planning Region,4.243469036,Planning Region,09160,PEP,2023,Domestic Migration Rate,2022
Northwest Hills Planning Region,2.19634824,Planning Region,09160,PEP,2023,Domestic Migration Rate,2023
Northwest Hills Planning Region,75,Planning Region,09160,PEP,2023,Group Quarters Change,2021
Northwest Hills Planning Region,9,Planning Region,09160,PEP,2023,Group Quarters Change,2022
Northwest Hills Planning Region,-1,Planning Region,09160,PEP,2023,Group Quarters Change,2023
Norwalk,91188,Town,0919056060,PEP,2023,Estimate Base,2020
Norwalk,90891,Town,0919056060,PEP,2023,Population Estimate,2020
Norwalk,91440,Town,0919056060,PEP,2023,Population Estimate,2021
Norwalk,91390,Town,0919056060,PEP,2023,Population Estimate,2022
Norwalk,92458,Town,0919056060,PEP,2023,Population Estimate,2023
Norwich,40129,Town,0918056270,PEP,2023,Estimate Base,2020
Norwich,40028,Town,0918056270,PEP,2023,Population Estimate,2020
Norwich,40060,Town,0918056270,PEP,2023,Population Estimate,2021
Norwich,39934,Town,0918056270,PEP,2023,Population Estimate,2022
Norwich,39881,Town,0918056270,PEP,2023,Population Estimate,2023
Old Lyme,7623,Town,0913057040,PEP,2023,Estimate Base,2020
Old Lyme,7608,Town,0913057040,PEP,2023,Population Estimate,2020
Old Lyme,7669,Town,0913057040,PEP,2023,Population Estimate,2021
Old Lyme,7687,Town,0913057040,PEP,2023,Population Estimate,2022
Old Lyme,7696,Town,0913057040,PEP,2023,Population Estimate,2023
Old Saybrook,10485,Town,0913057320,PEP,2023,Estimate Base,2020
Old Saybrook,10466,Town,0913057320,PEP,2023,Population Estimate,2020
Old Saybrook,10515,Town,0913057320,PEP,2023,Population Estimate,2021
Old Saybrook,10569,Town,0913057320,PEP,2023,Population Estimate,2022
Old Saybrook,10571,Town,0913057320,PEP,2023,Population Estimate,2023
Orange,14268,Town,0917057600,PEP,2023,Estimate Base,2020
Orange,14231,Town,0917057600,PEP,2023,Population Estimate,2020
Orange,14237,Town,0917057600,PEP,2023,Population Estimate,2021
Orange,14246,Town,0917057600,PEP,2023,Population Estimate,2022
Orange,14322,Town,0917057600,PEP,2023,Population Estimate,2023
Oxford,12705,Town,0914058300,PEP,2023,Estimate Base,2020
Oxford,12708,Town,0914058300,PEP,2023,Population Estimate,2020
Oxford,12847,Town,0914058300,PEP,2023,Population Estimate,2021
Oxford,12946,Town,0914058300,PEP,2023,Population Estimate,2022
Oxford,13125,Town,0914058300,PEP,2023,Population Estimate,2023
Plainfield,14982,Town,0915059980,PEP,2023,Estimate Base,2020
Plainfield,14978,Town,0915059980,PEP,2023,Population Estimate,2020
Plainfield,15033,Town,0915059980,PEP,2023,Population Estimate,2021
Plainfield,15138,Town,0915059980,PEP,2023,Population Estimate,2022
Plainfield,15193,Town,0915059980,PEP,2023,Population Estimate,2023
Plainville,17526,Town,0911060120,PEP,2023,Estimate Base,2020
Plainville,17452,Town,0911060120,PEP,2023,Population Estimate,2020
Plainville,17467,Town,0911060120,PEP,2023,Population Estimate,2021
Plainville,17443,Town,0911060120,PEP,2023,Population Estimate,2022
Plainville,17491,Town,0911060120,PEP,2023,Population Estimate,2023
Plymouth,11661,Town,0914060750,PEP,2023,Estimate Base,2020
Plymouth,11648,Town,0914060750,PEP,2023,Population Estimate,2020
Plymouth,11696,Town,0914060750,PEP,2023,Population Estimate,2021
Plymouth,11714,Town,0914060750,PEP,2023,Population Estimate,2022
Plymouth,11766,Town,0914060750,PEP,2023,Population Estimate,2023
Pomfret,4268,Town,0915061030,PEP,2023,Estimate Base,2020
Pomfret,4267,Town,0915061030,PEP,2023,Population Estimate,2020
Pomfret,4285,Town,0915061030,PEP,2023,Population Estimate,2021
Pomfret,4302,Town,0915061030,PEP,2023,Population Estimate,2022
Pomfret,4313,Town,0915061030,PEP,2023,Population Estimate,2023
Portland,9381,Town,0913061800,PEP,2023,Estimate Base,2020
Portland,9365,Town,0913061800,PEP,2023,Population Estimate,2020
Portland,9428,Town,0913061800,PEP,2023,Population Estimate,2021
Portland,9432,Town,0913061800,PEP,2023,Population Estimate,2022
Portland,9428,Town,0913061800,PEP,2023,Population Estimate,2023
Preston,4793,Town,0918062150,PEP,2023,Estimate Base,2020
Preston,4788,Town,0918062150,PEP,2023,Population Estimate,2020
Preston,4817,Town,0918062150,PEP,2023,Population Estimate,2021
Preston,4827,Town,0918062150,PEP,2023,Population Estimate,2022
Preston,4829,Town,0918062150,PEP,2023,Population Estimate,2023
Prospect,9357,Town,0914062290,PEP,2023,Estimate Base,2020
Prospect,9372,Town,0914062290,PEP,2023,Population Estimate,2020
Prospect,9413,Town,0914062290,PEP,2023,Population Estimate,2021
Prospect,9437,Town,0914062290,PEP,2023,Population Estimate,2022
Prospect,9479,Town,0914062290,PEP,2023,Population Estimate,2023
Putnam,9225,Town,0915062710,PEP,2023,Estimate Base,2020
Putnam,9214,Town,0915062710,PEP,2023,Population Estimate,2020
Putnam,9238,Town,0915062710,PEP,2023,Population Estimate,2021
Putnam,9291,Town,0915062710,PEP,2023,Population Estimate,2022
Putnam,9312,Town,0915062710,PEP,2023,Population Estimate,2023
Redding,8763,Town,0919063480,PEP,2023,Estimate Base,2020
Redding,8729,Town,0919063480,PEP,2023,Population Estimate,2020
Redding,8767,Town,0919063480,PEP,2023,Population Estimate,2021
Redding,8732,Town,0919063480,PEP,2023,Population Estimate,2022
Redding,8719,Town,0919063480,PEP,2023,Population Estimate,2023
Ridgefield,25038,Town,0919063970,PEP,2023,Estimate Base,2020
Ridgefield,24953,Town,0919063970,PEP,2023,Population Estimate,2020
Ridgefield,25073,Town,0919063970,PEP,2023,Population Estimate,2021
Ridgefield,24999,Town,0919063970,PEP,2023,Population Estimate,2022
Ridgefield,24931,Town,0919063970,PEP,2023,Population Estimate,2023
Rocky Hill,20841,Town,0911065370,PEP,2023,Estimate Base,2020
Rocky Hill,20757,Town,0911065370,PEP,2023,Population Estimate,2020
Rocky Hill,20717,Town,0911065370,PEP,2023,Population Estimate,2021
Rocky Hill,20702,Town,0911065370,PEP,2023,Population Estimate,2022
Rocky Hill,20708,Town,0911065370,PEP,2023,Population Estimate,2023
Roxbury,2258,Town,0916065930,PEP,2023,Estimate Base,2020
Roxbury,2255,Town,0916065930,PEP,2023,Population Estimate,2020
Roxbury,2274,Town,0916065930,PEP,2023,Population Estimate,2021
Roxbury,2281,Town,0916065930,PEP,2023,Population Estimate,2022
Roxbury,2297,Town,0916065930,PEP,2023,Population Estimate,2023
Salem,4207,Town,0918066210,PEP,2023,Estimate Base,2020
Salem,4202,Town,0918066210,PEP,2023,Population Estimate,2020
Salem,4211,Town,0918066210,PEP,2023,Population Estimate,2021
Salem,4316,Town,0918066210,PEP,2023,Population Estimate,2022
Salem,4319,Town,0918066210,PEP,2023,Population Estimate,2023
Salisbury,4197,Town,0916066420,PEP,2023,Estimate Base,2020
Salisbury,4187,Town,0916066420,PEP,2023,Population Estimate,2020
Salisbury,4218,Town,0916066420,PEP,2023,Population Estimate,2021
Salisbury,4231,Town,0916066420,PEP,2023,Population Estimate,2022
Salisbury,4240,Town,0916066420,PEP,2023,Population Estimate,2023
Scotland,1573,Town,0915067400,PEP,2023,Estimate Base,2020
Scotland,1572,Town,0915067400,PEP,2023,Population Estimate,2020
Scotland,1574,Town,0915067400,PEP,2023,Population Estimate,2021
Scotland,1574,Town,0915067400,PEP,2023,Population Estimate,2022
Scotland,1578,Town,0915067400,PEP,2023,Population Estimate,2023
Seymour,16756,Town,0914067610,PEP,2023,Estimate Base,2020
Seymour,16714,Town,0914067610,PEP,2023,Population Estimate,2020
Seymour,16776,Town,0914067610,PEP,2023,Population Estimate,2021
Seymour,16798,Town,0914067610,PEP,2023,Population Estimate,2022
Seymour,16953,Town,0914067610,PEP,2023,Population Estimate,2023
Sharon,2681,Town,0916067960,PEP,2023,Estimate Base,2020
Sharon,2677,Town,0916067960,PEP,2023,Population Estimate,2020
Sharon,2713,Town,0916067960,PEP,2023,Population Estimate,2021
Sharon,2732,Town,0916067960,PEP,2023,Population Estimate,2022
Sharon,2744,Town,0916067960,PEP,2023,Population Estimate,2023
Shelton,40883,Town,0914068170,PEP,2023,Estimate Base,2020
Shelton,40762,Town,0914068170,PEP,2023,Population Estimate,2020
Shelton,41612,Town,0914068170,PEP,2023,Population Estimate,2021
Shelton,41829,Town,0914068170,PEP,2023,Population Estimate,2022
Shelton,42144,Town,0914068170,PEP,2023,Population Estimate,2023
Sherman,3526,Town,0919068310,PEP,2023,Estimate Base,2020
Sherman,3512,Town,0919068310,PEP,2023,Population Estimate,2020
Sherman,3533,Town,0919068310,PEP,2023,Population Estimate,2021
Sherman,3537,Town,0919068310,PEP,2023,Population Estimate,2022
Sherman,3530,Town,0919068310,PEP,2023,Population Estimate,2023
Simsbury,24521,Town,0911068940,PEP,2023,Estimate Base,2020
Simsbury,24495,Town,0911068940,PEP,2023,Population Estimate,2020
Simsbury,24887,Town,0911068940,PEP,2023,Population Estimate,2021
Simsbury,24930,Town,0911068940,PEP,2023,Population Estimate,2022
Simsbury,24953,Town,0911068940,PEP,2023,Population Estimate,2023
Somers,10258,Town,0911069220,PEP,2023,Estimate Base,2020
Somers,10079,Town,0911069220,PEP,2023,Population Estimate,2020
Somers,9946,Town,0911069220,PEP,2023,Population Estimate,2021
Somers,9847,Town,0911069220,PEP,2023,Population Estimate,2022
Somers,10725,Town,0911069220,PEP,2023,Population Estimate,2023
South Central Connecticut Planning Region,570455,Planning Region,09170,PEP,2023,Estimate Base,2020
South Central Connecticut Planning Region,564076,Planning Region,09170,PEP,2023,Population Estimate,2020
South Central Connecticut Planning Region,568450,Planning Region,09170,PEP,2023,Population Estimate,2021
South Central Connecticut Planning Region,568402,Planning Region,09170,PEP,2023,Population Estimate,2022
South Central Connecticut Planning Region,568158,Planning Region,09170,PEP,2023,Population Estimate,2023
South Central Connecticut Planning Region,-6379,Planning Region,09170,PEP,2023,Population Change (#),2020
South Central Connecticut Planning Region,4374,Planning Region,09170,PEP,2023,Population Change (#),2021
South Central Connecticut Planning Region,-48,Planning Region,09170,PEP,2023,Population Change (#),2022
South Central Connecticut Planning Region,-244,Planning Region,09170,PEP,2023,Population Change (#),2023
South Central Connecticut Planning Region,1345,Planning Region,09170,PEP,2023,Births,2020
South Central Connecticut Planning Region,5574,Planning Region,09170,PEP,2023,Births,2021
South Central Connecticut Planning Region,5745,Planning Region,09170,PEP,2023,Births,2022
South Central Connecticut Planning Region,5674,Planning Region,09170,PEP,2023,Births,2023
South Central Connecticut Planning Region,2025,Planning Region,09170,PEP,2023,Deaths,2020
South Central Connecticut Planning Region,5871,Planning Region,09170,PEP,2023,Deaths,2021
South Central Connecticut Planning Region,5829,Planning Region,09170,PEP,2023,Deaths,2022
South Central Connecticut Planning Region,5462,Planning Region,09170,PEP,2023,Deaths,2023
South Central Connecticut Planning Region,-680,Planning Region,09170,PEP,2023,Natural Change,2020
South Central Connecticut Planning Region,-297,Planning Region,09170,PEP,2023,Natural Change,2021
South Central Connecticut Planning Region,-84,Planning Region,09170,PEP,2023,Natural Change,2022
South Central Connecticut Planning Region,212,Planning Region,09170,PEP,2023,Natural Change,2023
South Central Connecticut Planning Region,70,Planning Region,09170,PEP,2023,International Migration,2020
South Central Connecticut Planning Region,1001,Planning Region,09170,PEP,2023,International Migration,2021
South Central Connecticut Planning Region,2235,Planning Region,09170,PEP,2023,International Migration,2022
South Central Connecticut Planning Region,2246,Planning Region,09170,PEP,2023,International Migration,2023
South Central Connecticut Planning Region,-4809,Planning Region,09170,PEP,2023,Domestic Migration,2020
South Central Connecticut Planning Region,3509,Planning Region,09170,PEP,2023,Domestic Migration,2021
South Central Connecticut Planning Region,-1976,Planning Region,09170,PEP,2023,Domestic Migration,2022
South Central Connecticut Planning Region,-2722,Planning Region,09170,PEP,2023,Domestic Migration,2023
South Central Connecticut Planning Region,-960,Planning Region,09170,PEP,2023,Residual,2020
South Central Connecticut Planning Region,161,Planning Region,09170,PEP,2023,Residual,2021
South Central Connecticut Planning Region,-223,Planning Region,09170,PEP,2023,Residual,2022
South Central Connecticut Planning Region,20,Planning Region,09170,PEP,2023,Residual,2023
South Central Connecticut Planning Region,23587,Planning Region,09170,PEP,2023,Group Quarters Estimates Base,2020
South Central Connecticut Planning Region,18400,Planning Region,09170,PEP,2023,Group Quarters Estimates,2020
South Central Connecticut Planning Region,21893,Planning Region,09170,PEP,2023,Group Quarters Estimates,2021
South Central Connecticut Planning Region,22530,Planning Region,09170,PEP,2023,Group Quarters Estimates,2022
South Central Connecticut Planning Region,22486,Planning Region,09170,PEP,2023,Group Quarters Estimates,2023
South Central Connecticut Planning Region,9.843482622,Planning Region,09170,PEP,2023,Birth Rate,2021
South Central Connecticut Planning Region,10.10685648,Planning Region,09170,PEP,2023,Birth Rate,2022
South Central Connecticut Planning Region,9.984514676,Planning Region,09170,PEP,2023,Birth Rate,2023
South Central Connecticut Planning Region,10.36797389,Planning Region,09170,PEP,2023,Death Rate,2021
South Central Connecticut Planning Region,10.25463297,Planning Region,09170,PEP,2023,Death Rate,2022
South Central Connecticut Planning Region,9.61145914,Planning Region,09170,PEP,2023,Death Rate,2023
South Central Connecticut Planning Region,-0.52449127,Planning Region,09170,PEP,2023,Natural Change Rate,2021
South Central Connecticut Planning Region,-0.147776492,Planning Region,09170,PEP,2023,Natural Change Rate,2022
South Central Connecticut Planning Region,0.373055536,Planning Region,09170,PEP,2023,Natural Change Rate,2023
South Central Connecticut Planning Region,1.767729836,Planning Region,09170,PEP,2023,International Migration Rate,2021
South Central Connecticut Planning Region,3.931910222,Planning Region,09170,PEP,2023,International Migration Rate,2022
South Central Connecticut Planning Region,3.952277047,Planning Region,09170,PEP,2023,International Migration Rate,2023
South Central Connecticut Planning Region,6.196767227,Planning Region,09170,PEP,2023,Domestic Migration Rate,2021
South Central Connecticut Planning Region,-3.47626604,Planning Region,09170,PEP,2023,Domestic Migration Rate,2022
South Central Connecticut Planning Region,-4.789892307,Planning Region,09170,PEP,2023,Domestic Migration Rate,2023
South Central Connecticut Planning Region,3493,Planning Region,09170,PEP,2023,Group Quarters Change,2021
South Central Connecticut Planning Region,637,Planning Region,09170,PEP,2023,Group Quarters Change,2022
South Central Connecticut Planning Region,-44,Planning Region,09170,PEP,2023,Group Quarters Change,2023
South Windsor,26919,Town,0911071390,PEP,2023,Estimate Base,2020
South Windsor,26868,Town,0911071390,PEP,2023,Population Estimate,2020
South Windsor,26853,Town,0911071390,PEP,2023,Population Estimate,2021
South Windsor,26777,Town,0911071390,PEP,2023,Population Estimate,2022
South Windsor,26773,Town,0911071390,PEP,2023,Population Estimate,2023
Southbury,19874,Town,0914069640,PEP,2023,Estimate Base,2020
Southbury,19861,Town,0914069640,PEP,2023,Population Estimate,2020
Southbury,19932,Town,0914069640,PEP,2023,Population Estimate,2021
Southbury,19994,Town,0914069640,PEP,2023,Population Estimate,2022
Southbury,20127,Town,0914069640,PEP,2023,Population Estimate,2023
Southeastern Connecticut Planning Region,280428,Planning Region,09180,PEP,2023,Estimate Base,2020
Southeastern Connecticut Planning Region,278342,Planning Region,09180,PEP,2023,Population Estimate,2020
Southeastern Connecticut Planning Region,278820,Planning Region,09180,PEP,2023,Population Estimate,2021
Southeastern Connecticut Planning Region,279257,Planning Region,09180,PEP,2023,Population Estimate,2022
Southeastern Connecticut Planning Region,279634,Planning Region,09180,PEP,2023,Population Estimate,2023
Southeastern Connecticut Planning Region,-2086,Planning Region,09180,PEP,2023,Population Change (#),2020
Southeastern Connecticut Planning Region,478,Planning Region,09180,PEP,2023,Population Change (#),2021
Southeastern Connecticut Planning Region,437,Planning Region,09180,PEP,2023,Population Change (#),2022
Southeastern Connecticut Planning Region,377,Planning Region,09180,PEP,2023,Population Change (#),2023
Southeastern Connecticut Planning Region,619,Planning Region,09180,PEP,2023,Births,2020
Southeastern Connecticut Planning Region,2483,Planning Region,09180,PEP,2023,Births,2021
Southeastern Connecticut Planning Region,2686,Planning Region,09180,PEP,2023,Births,2022
Southeastern Connecticut Planning Region,2595,Planning Region,09180,PEP,2023,Births,2023
Southeastern Connecticut Planning Region,788,Planning Region,09180,PEP,2023,Deaths,2020
Southeastern Connecticut Planning Region,3077,Planning Region,09180,PEP,2023,Deaths,2021
Southeastern Connecticut Planning Region,3103,Planning Region,09180,PEP,2023,Deaths,2022
Southeastern Connecticut Planning Region,2962,Planning Region,09180,PEP,2023,Deaths,2023
Southeastern Connecticut Planning Region,-169,Planning Region,09180,PEP,2023,Natural Change,2020
Southeastern Connecticut Planning Region,-594,Planning Region,09180,PEP,2023,Natural Change,2021
Southeastern Connecticut Planning Region,-417,Planning Region,09180,PEP,2023,Natural Change,2022
Southeastern Connecticut Planning Region,-367,Planning Region,09180,PEP,2023,Natural Change,2023
Southeastern Connecticut Planning Region,17,Planning Region,09180,PEP,2023,International Migration,2020
Southeastern Connecticut Planning Region,340,Planning Region,09180,PEP,2023,International Migration,2021
Southeastern Connecticut Planning Region,598,Planning Region,09180,PEP,2023,International Migration,2022
Southeastern Connecticut Planning Region,583,Planning Region,09180,PEP,2023,International Migration,2023
Southeastern Connecticut Planning Region,-1640,Planning Region,09180,PEP,2023,Domestic Migration,2020
Southeastern Connecticut Planning Region,543,Planning Region,09180,PEP,2023,Domestic Migration,2021
Southeastern Connecticut Planning Region,411,Planning Region,09180,PEP,2023,Domestic Migration,2022
Southeastern Connecticut Planning Region,157,Planning Region,09180,PEP,2023,Domestic Migration,2023
Southeastern Connecticut Planning Region,-294,Planning Region,09180,PEP,2023,Residual,2020
Southeastern Connecticut Planning Region,189,Planning Region,09180,PEP,2023,Residual,2021
Southeastern Connecticut Planning Region,-155,Planning Region,09180,PEP,2023,Residual,2022
Southeastern Connecticut Planning Region,4,Planning Region,09180,PEP,2023,Residual,2023
Southeastern Connecticut Planning Region,12278,Planning Region,09180,PEP,2023,Group Quarters Estimates Base,2020
Southeastern Connecticut Planning Region,10605,Planning Region,09180,PEP,2023,Group Quarters Estimates,2020
Southeastern Connecticut Planning Region,10752,Planning Region,09180,PEP,2023,Group Quarters Estimates,2021
Southeastern Connecticut Planning Region,11266,Planning Region,09180,PEP,2023,Group Quarters Estimates,2022
Southeastern Connecticut Planning Region,11350,Planning Region,09180,PEP,2023,Group Quarters Estimates,2023
Southeastern Connecticut Planning Region,8.913027091,Planning Region,09180,PEP,2023,Birth Rate,2021
Southeastern Connecticut Planning Region,9.625911837,Planning Region,09180,PEP,2023,Birth Rate,2022
Southeastern Connecticut Planning Region,9.286247229,Planning Region,09180,PEP,2023,Birth Rate,2023
Southeastern Connecticut Planning Region,11.04526152,Planning Region,09180,PEP,2023,Death Rate,2021
Southeastern Connecticut Planning Region,11.12032927,Planning Region,09180,PEP,2023,Death Rate,2022
Southeastern Connecticut Planning Region,10.59956235,Planning Region,09180,PEP,2023,Death Rate,2023
Southeastern Connecticut Planning Region,-2.132234431,Planning Region,09180,PEP,2023,Natural Change Rate,2021
Southeastern Connecticut Planning Region,-1.494417437,Planning Region,09180,PEP,2023,Natural Change Rate,2022
Southeastern Connecticut Planning Region,-1.313315119,Planning Region,09180,PEP,2023,Natural Change Rate,2023
Southeastern Connecticut Planning Region,1.220470886,Planning Region,09180,PEP,2023,International Migration Rate,2021
Southeastern Connecticut Planning Region,2.143073447,Planning Region,09180,PEP,2023,International Migration Rate,2022
Southeastern Connecticut Planning Region,2.086274426,Planning Region,09180,PEP,2023,International Migration Rate,2023
Southeastern Connecticut Planning Region,1.949163798,Planning Region,09180,PEP,2023,Domestic Migration Rate,2021
Southeastern Connecticut Planning Region,1.472915028,Planning Region,09180,PEP,2023,Domestic Migration Rate,2022
Southeastern Connecticut Planning Region,0.561826904,Planning Region,09180,PEP,2023,Domestic Migration Rate,2023
Southeastern Connecticut Planning Region,147,Planning Region,09180,PEP,2023,Group Quarters Change,2021
Southeastern Connecticut Planning Region,514,Planning Region,09180,PEP,2023,Group Quarters Change,2022
Southeastern Connecticut Planning Region,84,Planning Region,09180,PEP,2023,Group Quarters Change,2023
Southington,43517,Town,0911070550,PEP,2023,Estimate Base,2020
Southington,43427,Town,0911070550,PEP,2023,Population Estimate,2020
Southington,43602,Town,0911070550,PEP,2023,Population Estimate,2021
Southington,43704,Town,0911070550,PEP,2023,Population Estimate,2022
Southington,43743,Town,0911070550,PEP,2023,Population Estimate,2023
Sprague,2972,Town,0918071670,PEP,2023,Estimate Base,2020
Sprague,2967,Town,0918071670,PEP,2023,Population Estimate,2020
Sprague,2959,Town,0918071670,PEP,2023,Population Estimate,2021
Sprague,2952,Town,0918071670,PEP,2023,Population Estimate,2022
Sprague,2940,Town,0918071670,PEP,2023,Population Estimate,2023
Stafford,11468,Town,0911072090,PEP,2023,Estimate Base,2020
Stafford,11411,Town,0911072090,PEP,2023,Population Estimate,2020
Stafford,11431,Town,0911072090,PEP,2023,Population Estimate,2021
Stafford,11398,Town,0911072090,PEP,2023,Population Estimate,2022
Stafford,11567,Town,0911072090,PEP,2023,Population Estimate,2023
Stamford,135451,Town,0919073070,PEP,2023,Estimate Base,2020
Stamford,135462,Town,0919073070,PEP,2023,Population Estimate,2020
Stamford,136604,Town,0919073070,PEP,2023,Population Estimate,2021
Stamford,136084,Town,0919073070,PEP,2023,Population Estimate,2022
Stamford,136226,Town,0919073070,PEP,2023,Population Estimate,2023
Sterling,3577,Town,0915073420,PEP,2023,Estimate Base,2020
Sterling,3574,Town,0915073420,PEP,2023,Population Estimate,2020
Sterling,3590,Town,0915073420,PEP,2023,Population Estimate,2021
Sterling,3622,Town,0915073420,PEP,2023,Population Estimate,2022
Sterling,3644,Town,0915073420,PEP,2023,Population Estimate,2023
Stonington,18342,Town,0918073770,PEP,2023,Estimate Base,2020
Stonington,18318,Town,0918073770,PEP,2023,Population Estimate,2020
Stonington,18433,Town,0918073770,PEP,2023,Population Estimate,2021
Stonington,18432,Town,0918073770,PEP,2023,Population Estimate,2022
Stonington,18431,Town,0918073770,PEP,2023,Population Estimate,2023
Stratford,52359,Town,0912074190,PEP,2023,Estimate Base,2020
Stratford,52223,Town,0912074190,PEP,2023,Population Estimate,2020
Stratford,52428,Town,0912074190,PEP,2023,Population Estimate,2021
Stratford,52471,Town,0912074190,PEP,2023,Population Estimate,2022
Stratford,52454,Town,0912074190,PEP,2023,Population Estimate,2023
Suffield,15760,Town,0911074540,PEP,2023,Estimate Base,2020
Suffield,15682,Town,0911074540,PEP,2023,Population Estimate,2020
Suffield,15394,Town,0911074540,PEP,2023,Population Estimate,2021
Suffield,15717,Town,0911074540,PEP,2023,Population Estimate,2022
Suffield,15650,Town,0911074540,PEP,2023,Population Estimate,2023
Thomaston,7444,Town,0914075730,PEP,2023,Estimate Base,2020
Thomaston,7436,Town,0914075730,PEP,2023,Population Estimate,2020
Thomaston,7464,Town,0914075730,PEP,2023,Population Estimate,2021
Thomaston,7469,Town,0914075730,PEP,2023,Population Estimate,2022
Thomaston,7501,Town,0914075730,PEP,2023,Population Estimate,2023
Thompson,9189,Town,0915075870,PEP,2023,Estimate Base,2020
Thompson,9191,Town,0915075870,PEP,2023,Population Estimate,2020
Thompson,9265,Town,0915075870,PEP,2023,Population Estimate,2021
Thompson,9313,Town,0915075870,PEP,2023,Population Estimate,2022
Thompson,9385,Town,0915075870,PEP,2023,Population Estimate,2023
Tolland,14575,Town,0911076290,PEP,2023,Estimate Base,2020
Tolland,14530,Town,0911076290,PEP,2023,Population Estimate,2020
Tolland,14557,Town,0911076290,PEP,2023,Population Estimate,2021
Tolland,14540,Town,0911076290,PEP,2023,Population Estimate,2022
Tolland,14574,Town,0911076290,PEP,2023,Population Estimate,2023
Torrington,35508,Town,0916076570,PEP,2023,Estimate Base,2020
Torrington,35365,Town,0916076570,PEP,2023,Population Estimate,2020
Torrington,35533,Town,0916076570,PEP,2023,Population Estimate,2021
Torrington,35565,Town,0916076570,PEP,2023,Population Estimate,2022
Torrington,35550,Town,0916076570,PEP,2023,Population Estimate,2023
Trumbull,36826,Town,0912077200,PEP,2023,Estimate Base,2020
Trumbull,36607,Town,0912077200,PEP,2023,Population Estimate,2020
Trumbull,36948,Town,0912077200,PEP,2023,Population Estimate,2021
Trumbull,37050,Town,0912077200,PEP,2023,Population Estimate,2022
Trumbull,37269,Town,0912077200,PEP,2023,Population Estimate,2023
Union,781,Town,0915077830,PEP,2023,Estimate Base,2020
Union,782,Town,0915077830,PEP,2023,Population Estimate,2020
Union,788,Town,0915077830,PEP,2023,Population Estimate,2021
Union,793,Town,0915077830,PEP,2023,Population Estimate,2022
Union,797,Town,0915077830,PEP,2023,Population Estimate,2023
Vernon,30225,Town,0911078250,PEP,2023,Estimate Base,2020
Vernon,30175,Town,0911078250,PEP,2023,Population Estimate,2020
Vernon,30407,Town,0911078250,PEP,2023,Population Estimate,2021
Vernon,30606,Town,0911078250,PEP,2023,Population Estimate,2022
Vernon,30596,Town,0911078250,PEP,2023,Population Estimate,2023
Voluntown,2569,Town,0915078600,PEP,2023,Estimate Base,2020
Voluntown,2567,Town,0915078600,PEP,2023,Population Estimate,2020
Voluntown,2574,Town,0915078600,PEP,2023,Population Estimate,2021
Voluntown,2591,Town,0915078600,PEP,2023,Population Estimate,2022
Voluntown,2612,Town,0915078600,PEP,2023,Population Estimate,2023
Wallingford,44387,Town,0917078740,PEP,2023,Estimate Base,2020
Wallingford,44222,Town,0917078740,PEP,2023,Population Estimate,2020
Wallingford,44081,Town,0917078740,PEP,2023,Population Estimate,2021
Wallingford,43863,Town,0917078740,PEP,2023,Population Estimate,2022
Wallingford,43725,Town,0917078740,PEP,2023,Population Estimate,2023
Warren,1352,Town,0916079510,PEP,2023,Estimate Base,2020
Warren,1349,Town,0916079510,PEP,2023,Population Estimate,2020
Warren,1357,Town,0916079510,PEP,2023,Population Estimate,2021
Warren,1361,Town,0916079510,PEP,2023,Population Estimate,2022
Warren,1367,Town,0916079510,PEP,2023,Population Estimate,2023
Washington,3640,Town,0916079720,PEP,2023,Estimate Base,2020
Washington,3634,Town,0916079720,PEP,2023,Population Estimate,2020
Washington,3657,Town,0916079720,PEP,2023,Population Estimate,2021
Washington,3661,Town,0916079720,PEP,2023,Population Estimate,2022
Washington,3685,Town,0916079720,PEP,2023,Population Estimate,2023
Waterbury,114455,Town,0914080070,PEP,2023,Estimate Base,2020
Waterbury,113880,Town,0914080070,PEP,2023,Population Estimate,2020
Waterbury,114563,Town,0914080070,PEP,2023,Population Estimate,2021
Waterbury,114588,Town,0914080070,PEP,2023,Population Estimate,2022
Waterbury,114990,Town,0914080070,PEP,2023,Population Estimate,2023
Waterford,19579,Town,0918080280,PEP,2023,Estimate Base,2020
Waterford,19581,Town,0918080280,PEP,2023,Population Estimate,2020
Waterford,19584,Town,0918080280,PEP,2023,Population Estimate,2021
Waterford,19565,Town,0918080280,PEP,2023,Population Estimate,2022
Waterford,19829,Town,0918080280,PEP,2023,Population Estimate,2023
Watertown,22113,Town,0914080490,PEP,2023,Estimate Base,2020
Watertown,22085,Town,0914080490,PEP,2023,Population Estimate,2020
Watertown,22146,Town,0914080490,PEP,2023,Population Estimate,2021
Watertown,22183,Town,0914080490,PEP,2023,Population Estimate,2022
Watertown,22274,Town,0914080490,PEP,2023,Population Estimate,2023
West Hartford,64086,Town,0911082590,PEP,2023,Estimate Base,2020
West Hartford,63599,Town,0911082590,PEP,2023,Population Estimate,2020
West Hartford,63859,Town,0911082590,PEP,2023,Population Estimate,2021
West Hartford,63889,Town,0911082590,PEP,2023,Population Estimate,2022
West Hartford,63969,Town,0911082590,PEP,2023,Population Estimate,2023
West Haven,55580,Town,0917082870,PEP,2023,Estimate Base,2020
West Haven,55370,Town,0917082870,PEP,2023,Population Estimate,2020
West Haven,55119,Town,0917082870,PEP,2023,Population Estimate,2021
West Haven,55019,Town,0917082870,PEP,2023,Population Estimate,2022
West Haven,54790,Town,0917082870,PEP,2023,Population Estimate,2023
Westbrook,6775,Town,0913081680,PEP,2023,Estimate Base,2020
Westbrook,6768,Town,0913081680,PEP,2023,Population Estimate,2020
Westbrook,6840,Town,0913081680,PEP,2023,Population Estimate,2021
Westbrook,6866,Town,0913081680,PEP,2023,Population Estimate,2022
Westbrook,6881,Town,0913081680,PEP,2023,Population Estimate,2023
Western Connecticut Planning Region,620519,Planning Region,09190,PEP,2023,Estimate Base,2020
Western Connecticut Planning Region,618368,Planning Region,09190,PEP,2023,Population Estimate,2020
Western Connecticut Planning Region,623258,Planning Region,09190,PEP,2023,Population Estimate,2021
Western Connecticut Planning Region,622857,Planning Region,09190,PEP,2023,Population Estimate,2022
Western Connecticut Planning Region,623907,Planning Region,09190,PEP,2023,Population Estimate,2023
Western Connecticut Planning Region,-2151,Planning Region,09190,PEP,2023,Population Change (#),2020
Western Connecticut Planning Region,4890,Planning Region,09190,PEP,2023,Population Change (#),2021
Western Connecticut Planning Region,-401,Planning Region,09190,PEP,2023,Population Change (#),2022
Western Connecticut Planning Region,1050,Planning Region,09190,PEP,2023,Population Change (#),2023
Western Connecticut Planning Region,1540,Planning Region,09190,PEP,2023,Births,2020
Western Connecticut Planning Region,6115,Planning Region,09190,PEP,2023,Births,2021
Western Connecticut Planning Region,6459,Planning Region,09190,PEP,2023,Births,2022
Western Connecticut Planning Region,6355,Planning Region,09190,PEP,2023,Births,2023
Western Connecticut Planning Region,1998,Planning Region,09190,PEP,2023,Deaths,2020
Western Connecticut Planning Region,5023,Planning Region,09190,PEP,2023,Deaths,2021
Western Connecticut Planning Region,5053,Planning Region,09190,PEP,2023,Deaths,2022
Western Connecticut Planning Region,4738,Planning Region,09190,PEP,2023,Deaths,2023
Western Connecticut Planning Region,-458,Planning Region,09190,PEP,2023,Natural Change,2020
Western Connecticut Planning Region,1092,Planning Region,09190,PEP,2023,Natural Change,2021
Western Connecticut Planning Region,1406,Planning Region,09190,PEP,2023,Natural Change,2022
Western Connecticut Planning Region,1617,Planning Region,09190,PEP,2023,Natural Change,2023
Western Connecticut Planning Region,124,Planning Region,09190,PEP,2023,International Migration,2020
Western Connecticut Planning Region,1534,Planning Region,09190,PEP,2023,International Migration,2021
Western Connecticut Planning Region,4027,Planning Region,09190,PEP,2023,International Migration,2022
Western Connecticut Planning Region,3967,Planning Region,09190,PEP,2023,International Migration,2023
Western Connecticut Planning Region,-1705,Planning Region,09190,PEP,2023,Domestic Migration,2020
Western Connecticut Planning Region,1955,Planning Region,09190,PEP,2023,Domestic Migration,2021
Western Connecticut Planning Region,-5949,Planning Region,09190,PEP,2023,Domestic Migration,2022
Western Connecticut Planning Region,-4595,Planning Region,09190,PEP,2023,Domestic Migration,2023
Western Connecticut Planning Region,-112,Planning Region,09190,PEP,2023,Residual,2020
Western Connecticut Planning Region,309,Planning Region,09190,PEP,2023,Residual,2021
Western Connecticut Planning Region,115,Planning Region,09190,PEP,2023,Residual,2022
Western Connecticut Planning Region,61,Planning Region,09190,PEP,2023,Residual,2023
Western Connecticut Planning Region,8363,Planning Region,09190,PEP,2023,Group Quarters Estimates Base,2020
Western Connecticut Planning Region,7565,Planning Region,09190,PEP,2023,Group Quarters Estimates,2020
Western Connecticut Planning Region,7728,Planning Region,09190,PEP,2023,Group Quarters Estimates,2021
Western Connecticut Planning Region,7895,Planning Region,09190,PEP,2023,Group Quarters Estimates,2022
Western Connecticut Planning Region,7794,Planning Region,09190,PEP,2023,Group Quarters Estimates,2023
Western Connecticut Planning Region,9.849987033,Planning Region,09190,PEP,2023,Birth Rate,2021
Western Connecticut Planning Region,10.36661945,Planning Region,09190,PEP,2023,Birth Rate,2022
Western Connecticut Planning Region,10.19439124,Planning Region,09190,PEP,2023,Birth Rate,2023
Western Connecticut Planning Region,8.091003249,Planning Region,09190,PEP,2023,Death Rate,2021
Western Connecticut Planning Region,8.110005898,Planning Region,09190,PEP,2023,Death Rate,2022
Western Connecticut Planning Region,7.600476113,Planning Region,09190,PEP,2023,Death Rate,2023
Western Connecticut Planning Region,1.758983784,Planning Region,09190,PEP,2023,Natural Change Rate,2021
Western Connecticut Planning Region,2.256613555,Planning Region,09190,PEP,2023,Natural Change Rate,2022
Western Connecticut Planning Region,2.593915128,Planning Region,09190,PEP,2023,Natural Change Rate,2023
Western Connecticut Planning Region,2.470953411,Planning Region,09190,PEP,2023,International Migration Rate,2021
Western Connecticut Planning Region,6.463287899,Planning Region,09190,PEP,2023,International Migration Rate,2022
Western Connecticut Planning Region,6.36367428,Planning Region,09190,PEP,2023,International Migration Rate,2023
Western Connecticut Planning Region,3.149096427,Planning Region,09190,PEP,2023,Domestic Migration Rate,2021
Western Connecticut Planning Region,-9.548075418,Planning Region,09190,PEP,2023,Domestic Migration Rate,2022
Western Connecticut Planning Region,-7.371082258,Planning Region,09190,PEP,2023,Domestic Migration Rate,2023
Western Connecticut Planning Region,163,Planning Region,09190,PEP,2023,Group Quarters Change,2021
Western Connecticut Planning Region,167,Planning Region,09190,PEP,2023,Group Quarters Change,2022
Western Connecticut Planning Region,-101,Planning Region,09190,PEP,2023,Group Quarters Change,2023
Weston,10353,Town,0919083430,PEP,2023,Estimate Base,2020
Weston,10318,Town,0919083430,PEP,2023,Population Estimate,2020
Weston,10368,Town,0919083430,PEP,2023,Population Estimate,2021
Weston,10353,Town,0919083430,PEP,2023,Population Estimate,2022
Weston,10344,Town,0919083430,PEP,2023,Population Estimate,2023
Westport,27142,Town,0919083500,PEP,2023,Estimate Base,2020
Westport,27066,Town,0919083500,PEP,2023,Population Estimate,2020
Westport,27359,Town,0919083500,PEP,2023,Population Estimate,2021
Westport,27387,Town,0919083500,PEP,2023,Population Estimate,2022
Westport,27470,Town,0919083500,PEP,2023,Population Estimate,2023
Wethersfield,27309,Town,0911084900,PEP,2023,Estimate Base,2020
Wethersfield,27238,Town,0911084900,PEP,2023,Population Estimate,2020
Wethersfield,27209,Town,0911084900,PEP,2023,Population Estimate,2021
Wethersfield,27122,Town,0911084900,PEP,2023,Population Estimate,2022
Wethersfield,27114,Town,0911084900,PEP,2023,Population Estimate,2023
Willington,5564,Town,0911085950,PEP,2023,Estimate Base,2020
Willington,5552,Town,0911085950,PEP,2023,Population Estimate,2020
Willington,5547,Town,0911085950,PEP,2023,Population Estimate,2021
Willington,5539,Town,0911085950,PEP,2023,Population Estimate,2022
Willington,5552,Town,0911085950,PEP,2023,Population Estimate,2023
Wilton,18507,Town,0919086370,PEP,2023,Estimate Base,2020
Wilton,18406,Town,0919086370,PEP,2023,Population Estimate,2020
Wilton,18491,Town,0919086370,PEP,2023,Population Estimate,2021
Wilton,18430,Town,0919086370,PEP,2023,Population Estimate,2022
Wilton,18400,Town,0919086370,PEP,2023,Population Estimate,2023
Winchester,10226,Town,0916086440,PEP,2023,Estimate Base,2020
Winchester,10204,Town,0916086440,PEP,2023,Population Estimate,2020
Winchester,10237,Town,0916086440,PEP,2023,Population Estimate,2021
Winchester,10243,Town,0916086440,PEP,2023,Population Estimate,2022
Winchester,10236,Town,0916086440,PEP,2023,Population Estimate,2023
Windham,24422,Town,0918086790,PEP,2023,Estimate Base,2020
Windham,23857,Town,0918086790,PEP,2023,Population Estimate,2020
Windham,23920,Town,0918086790,PEP,2023,Population Estimate,2021
Windham,23892,Town,0918086790,PEP,2023,Population Estimate,2022
Windham,23833,Town,0918086790,PEP,2023,Population Estimate,2023
Windsor,29493,Town,0911087000,PEP,2023,Estimate Base,2020
Windsor,29341,Town,0911087000,PEP,2023,Population Estimate,2020
Windsor,29383,Town,0911087000,PEP,2023,Population Estimate,2021
Windsor,29382,Town,0911087000,PEP,2023,Population Estimate,2022
Windsor,29372,Town,0911087000,PEP,2023,Population Estimate,2023
Windsor Locks,12608,Town,0911087070,PEP,2023,Estimate Base,2020
Windsor Locks,12576,Town,0911087070,PEP,2023,Population Estimate,2020
Windsor Locks,12569,Town,0911087070,PEP,2023,Population Estimate,2021
Windsor Locks,12539,Town,0911087070,PEP,2023,Population Estimate,2022
Windsor Locks,12529,Town,0911087070,PEP,2023,Population Estimate,2023
Wolcott,16102,Town,0914087560,PEP,2023,Estimate Base,2020
Wolcott,16101,Town,0914087560,PEP,2023,Population Estimate,2020
Wolcott,16141,Town,0914087560,PEP,2023,Population Estimate,2021
Wolcott,16192,Town,0914087560,PEP,2023,Population Estimate,2022
Wolcott,16309,Town,0914087560,PEP,2023,Population Estimate,2023
Woodbridge,9093,Town,0917087700,PEP,2023,Estimate Base,2020
Woodbridge,9055,Town,0917087700,PEP,2023,Population Estimate,2020
Woodbridge,9042,Town,0917087700,PEP,2023,Population Estimate,2021
Woodbridge,9050,Town,0917087700,PEP,2023,Population Estimate,2022
Woodbridge,9021,Town,0917087700,PEP,2023,Population Estimate,2023
Woodbury,9725,Town,0914087910,PEP,2023,Estimate Base,2020
Woodbury,9712,Town,0914087910,PEP,2023,Population Estimate,2020
Woodbury,9777,Town,0914087910,PEP,2023,Population Estimate,2021
Woodbury,9802,Town,0914087910,PEP,2023,Population Estimate,2022
Woodbury,9862,Town,0914087910,PEP,2023,Population Estimate,2023
Woodstock,8226,Town,0915088190,PEP,2023,Estimate Base,2020
Woodstock,8222,Town,0915088190,PEP,2023,Population Estimate,2020
Woodstock,8256,Town,0915088190,PEP,2023,Population Estimate,2021
Woodstock,8307,Town,0915088190,PEP,2023,Population Estimate,2022
Woodstock,8346,Town,0915088190,PEP,2023,Population Estimate,2023
Connecticut,86236,State,09,PEP,2023,Group Quarters Estimates,2020
Connecticut,98801,State,09,PEP,2023,Group Quarters Estimates,2021
Connecticut,103248,State,09,PEP,2023,Group Quarters Estimates,2022
Connecticut,103382,State,09,PEP,2023,Group Quarters Estimates,2023
Connecticut,12565,State,09,PEP,2023,Group Quarters Change,2021
Connecticut,4447,State,09,PEP,2023,Group Quarters Change,2022
Connecticut,134,State,09,PEP,2023,Group Quarters Change,2023
Capitol Planning Region,-10649,Planning Region,09110,PEP,2023,Household Domestic Migration ,2020
Connecticut,-21420,State,09,PEP,2023,Household Domestic Migration ,2020
Greater Bridgeport Planning Region,-1135,Planning Region,09120,PEP,2023,Household Domestic Migration ,2020
Lower Connecticut River Valley Planning Region,-653,Planning Region,09130,PEP,2023,Household Domestic Migration ,2020
Naugatuck Valley Planning Region,-674,Planning Region,09140,PEP,2023,Household Domestic Migration ,2020
Northeastern Connecticut Planning Region,-66,Planning Region,09150,PEP,2023,Household Domestic Migration ,2020
Northwest Hills Planning Region,-89,Planning Region,09160,PEP,2023,Household Domestic Migration ,2020
South Central Connecticut Planning Region,-4809,Planning Region,09170,PEP,2023,Household Domestic Migration ,2020
Southeastern Connecticut Planning Region,-1640,Planning Region,09180,PEP,2023,Household Domestic Migration ,2020
Western Connecticut Planning Region,-1705,Planning Region,09190,PEP,2023,Household Domestic Migration ,2020
Capitol Planning Region,-690,Planning Region,09110,PEP,2023,Household Domestic Migration ,2021
Connecticut,6467,State,09,PEP,2023,Household Domestic Migration ,2021
Greater Bridgeport Planning Region,-448,Planning Region,09120,PEP,2023,Household Domestic Migration ,2021
Lower Connecticut River Valley Planning Region,1763,Planning Region,09130,PEP,2023,Household Domestic Migration ,2021
Naugatuck Valley Planning Region,2058,Planning Region,09140,PEP,2023,Household Domestic Migration ,2021
Northeastern Connecticut Planning Region,660,Planning Region,09150,PEP,2023,Household Domestic Migration ,2021
Northwest Hills Planning Region,920,Planning Region,09160,PEP,2023,Household Domestic Migration ,2021
South Central Connecticut Planning Region,16,Planning Region,09170,PEP,2023,Household Domestic Migration ,2021
Southeastern Connecticut Planning Region,396,Planning Region,09180,PEP,2023,Household Domestic Migration ,2021
Western Connecticut Planning Region,1792,Planning Region,09190,PEP,2023,Household Domestic Migration ,2021
Capitol Planning Region,-4411,Planning Region,09110,PEP,2023,Household Domestic Migration ,2022
Connecticut,-14528,State,09,PEP,2023,Household Domestic Migration ,2022
Greater Bridgeport Planning Region,-2951,Planning Region,09120,PEP,2023,Household Domestic Migration ,2022
Lower Connecticut River Valley Planning Region,647,Planning Region,09130,PEP,2023,Household Domestic Migration ,2022
Naugatuck Valley Planning Region,-11,Planning Region,09140,PEP,2023,Household Domestic Migration ,2022
Northeastern Connecticut Planning Region,559,Planning Region,09150,PEP,2023,Household Domestic Migration ,2022
Northwest Hills Planning Region,471,Planning Region,09160,PEP,2023,Household Domestic Migration ,2022
South Central Connecticut Planning Region,-2613,Planning Region,09170,PEP,2023,Household Domestic Migration ,2022
Southeastern Connecticut Planning Region,-103,Planning Region,09180,PEP,2023,Household Domestic Migration ,2022
Western Connecticut Planning Region,-6116,Planning Region,09190,PEP,2023,Household Domestic Migration ,2022
Capitol Planning Region,-1553,Planning Region,09110,PEP,2023,Household Domestic Migration ,2023
Connecticut,-9150,State,09,PEP,2023,Household Domestic Migration ,2023
Greater Bridgeport Planning Region,-2479,Planning Region,09120,PEP,2023,Household Domestic Migration ,2023
Lower Connecticut River Valley Planning Region,148,Planning Region,09130,PEP,2023,Household Domestic Migration ,2023
Naugatuck Valley Planning Region,1012,Planning Region,09140,PEP,2023,Household Domestic Migration ,2023
Northeastern Connecticut Planning Region,571,Planning Region,09150,PEP,2023,Household Domestic Migration ,2023
Northwest Hills Planning Region,250,Planning Region,09160,PEP,2023,Household Domestic Migration ,2023
South Central Connecticut Planning Region,-2678,Planning Region,09170,PEP,2023,Household Domestic Migration ,2023
Southeastern Connecticut Planning Region,73,Planning Region,09180,PEP,2023,Household Domestic Migration ,2023
Western Connecticut Planning Region,-4494,Planning Region,09190,PEP,2023,Household Domestic Migration ,2023
Capitol Planning Region,-10512,Planning Region,09110,PEP,2023,Net Migration ,2020
Connecticut,-21010,State,09,PEP,2023,Net Migration ,2020
Greater Bridgeport Planning Region,-1098,Planning Region,09120,PEP,2023,Net Migration ,2020
Lower Connecticut River Valley Planning Region,-650,Planning Region,09130,PEP,2023,Net Migration ,2020
Naugatuck Valley Planning Region,-652,Planning Region,09140,PEP,2023,Net Migration ,2020
Northeastern Connecticut Planning Region,-66,Planning Region,09150,PEP,2023,Net Migration ,2020
Northwest Hills Planning Region,-89,Planning Region,09160,PEP,2023,Net Migration ,2020
South Central Connecticut Planning Region,-4739,Planning Region,09170,PEP,2023,Net Migration ,2020
Southeastern Connecticut Planning Region,-1623,Planning Region,09180,PEP,2023,Net Migration ,2020
Western Connecticut Planning Region,-1581,Planning Region,09190,PEP,2023,Net Migration ,2020
Capitol Planning Region,1007,Planning Region,09110,PEP,2023,Net Migration ,2021
Connecticut,12684,State,09,PEP,2023,Net Migration ,2021
Greater Bridgeport Planning Region,454,Planning Region,09120,PEP,2023,Net Migration ,2021
Lower Connecticut River Valley Planning Region,1893,Planning Region,09130,PEP,2023,Net Migration ,2021
Naugatuck Valley Planning Region,2574,Planning Region,09140,PEP,2023,Net Migration ,2021
Northeastern Connecticut Planning Region,687,Planning Region,09150,PEP,2023,Net Migration ,2021
Northwest Hills Planning Region,990,Planning Region,09160,PEP,2023,Net Migration ,2021
South Central Connecticut Planning Region,1017,Planning Region,09170,PEP,2023,Net Migration ,2021
Southeastern Connecticut Planning Region,736,Planning Region,09180,PEP,2023,Net Migration ,2021
Western Connecticut Planning Region,3326,Planning Region,09190,PEP,2023,Net Migration ,2021
Capitol Planning Region,37,Planning Region,09110,PEP,2023,Net Migration ,2022
Connecticut,1034,State,09,PEP,2023,Net Migration ,2022
Greater Bridgeport Planning Region,-834,Planning Region,09120,PEP,2023,Net Migration ,2022
Lower Connecticut River Valley Planning Region,1030,Planning Region,09130,PEP,2023,Net Migration ,2022
Naugatuck Valley Planning Region,1417,Planning Region,09140,PEP,2023,Net Migration ,2022
Northeastern Connecticut Planning Region,661,Planning Region,09150,PEP,2023,Net Migration ,2022
Northwest Hills Planning Region,695,Planning Region,09160,PEP,2023,Net Migration ,2022
South Central Connecticut Planning Region,-378,Planning Region,09170,PEP,2023,Net Migration ,2022
Southeastern Connecticut Planning Region,495,Planning Region,09180,PEP,2023,Net Migration ,2022
Western Connecticut Planning Region,-2089,Planning Region,09190,PEP,2023,Net Migration ,2022
Capitol Planning Region,2791,Planning Region,09110,PEP,2023,Net Migration ,2023
Connecticut,6114,State,09,PEP,2023,Net Migration ,2023
Greater Bridgeport Planning Region,-404,Planning Region,09120,PEP,2023,Net Migration ,2023
Lower Connecticut River Valley Planning Region,516,Planning Region,09130,PEP,2023,Net Migration ,2023
Naugatuck Valley Planning Region,2382,Planning Region,09140,PEP,2023,Net Migration ,2023
Northeastern Connecticut Planning Region,668,Planning Region,09150,PEP,2023,Net Migration ,2023
Northwest Hills Planning Region,464,Planning Region,09160,PEP,2023,Net Migration ,2023
South Central Connecticut Planning Region,-432,Planning Region,09170,PEP,2023,Net Migration ,2023
Southeastern Connecticut Planning Region,656,Planning Region,09180,PEP,2023,Net Migration ,2023
Western Connecticut Planning Region,-527,Planning Region,09190,PEP,2023,Net Migration ,2023
Andover,3149,Town,0911001080,PEP,2024,Estimate Base,2020
Andover,3146,Town,0911001080,PEP,2024,Population Estimate,2020
Andover,3148,Town,0911001080,PEP,2024,Population Estimate,2021
Andover,3150,Town,0911001080,PEP,2024,Population Estimate,2022
Andover,3160,Town,0911001080,PEP,2024,Population Estimate,2023
Andover,3177,Town,0911001080,PEP,2024,Population Estimate,2024
Ansonia,18922,Town,0914001220,PEP,2024,Estimate Base,2020
Ansonia,18896,Town,0914001220,PEP,2024,Population Estimate,2020
Ansonia,18940,Town,0914001220,PEP,2024,Population Estimate,2021
Ansonia,18962,Town,0914001220,PEP,2024,Population Estimate,2022
Ansonia,19085,Town,0914001220,PEP,2024,Population Estimate,2023
Ansonia,19195,Town,0914001220,PEP,2024,Population Estimate,2024
Ashford,4191,Town,0915001430,PEP,2024,Estimate Base,2020
Ashford,4190,Town,0915001430,PEP,2024,Population Estimate,2020
Ashford,4207,Town,0915001430,PEP,2024,Population Estimate,2021
Ashford,4222,Town,0915001430,PEP,2024,Population Estimate,2022
Ashford,4237,Town,0915001430,PEP,2024,Population Estimate,2023
Ashford,4263,Town,0915001430,PEP,2024,Population Estimate,2024
Avon,18934,Town,0911002060,PEP,2024,Estimate Base,2020
Avon,18875,Town,0911002060,PEP,2024,Population Estimate,2020
Avon,18872,Town,0911002060,PEP,2024,Population Estimate,2021
Avon,18899,Town,0911002060,PEP,2024,Population Estimate,2022
Avon,18997,Town,0911002060,PEP,2024,Population Estimate,2023
Avon,19106,Town,0911002060,PEP,2024,Population Estimate,2024
Barkhamsted,3650,Town,0916002760,PEP,2024,Estimate Base,2020
Barkhamsted,3645,Town,0916002760,PEP,2024,Population Estimate,2020
Barkhamsted,3658,Town,0916002760,PEP,2024,Population Estimate,2021
Barkhamsted,3669,Town,0916002760,PEP,2024,Population Estimate,2022
Barkhamsted,3680,Town,0916002760,PEP,2024,Population Estimate,2023
Barkhamsted,3717,Town,0916002760,PEP,2024,Population Estimate,2024
Beacon Falls,6004,Town,0914003250,PEP,2024,Estimate Base,2020
Beacon Falls,6008,Town,0914003250,PEP,2024,Population Estimate,2020
Beacon Falls,6072,Town,0914003250,PEP,2024,Population Estimate,2021
Beacon Falls,6131,Town,0914003250,PEP,2024,Population Estimate,2022
Beacon Falls,6219,Town,0914003250,PEP,2024,Population Estimate,2023
Beacon Falls,6271,Town,0914003250,PEP,2024,Population Estimate,2024
Berlin,20172,Town,0911004300,PEP,2024,Estimate Base,2020
Berlin,20134,Town,0911004300,PEP,2024,Population Estimate,2020
Berlin,20175,Town,0911004300,PEP,2024,Population Estimate,2021
Berlin,20237,Town,0911004300,PEP,2024,Population Estimate,2022
Berlin,20542,Town,0911004300,PEP,2024,Population Estimate,2023
Berlin,20646,Town,0911004300,PEP,2024,Population Estimate,2024
Bethany,5296,Town,0917004580,PEP,2024,Estimate Base,2020
Bethany,5281,Town,0917004580,PEP,2024,Population Estimate,2020
Bethany,5281,Town,0917004580,PEP,2024,Population Estimate,2021
Bethany,5286,Town,0917004580,PEP,2024,Population Estimate,2022
Bethany,5300,Town,0917004580,PEP,2024,Population Estimate,2023
Bethany,5324,Town,0917004580,PEP,2024,Population Estimate,2024
Bethel,20369,Town,0919004720,PEP,2024,Estimate Base,2020
Bethel,20324,Town,0919004720,PEP,2024,Population Estimate,2020
Bethel,20578,Town,0919004720,PEP,2024,Population Estimate,2021
Bethel,20759,Town,0919004720,PEP,2024,Population Estimate,2022
Bethel,20843,Town,0919004720,PEP,2024,Population Estimate,2023
Bethel,21490,Town,0919004720,PEP,2024,Population Estimate,2024
Bethlehem,3391,Town,0914004930,PEP,2024,Estimate Base,2020
Bethlehem,3389,Town,0914004930,PEP,2024,Population Estimate,2020
Bethlehem,3404,Town,0914004930,PEP,2024,Population Estimate,2021
Bethlehem,3415,Town,0914004930,PEP,2024,Population Estimate,2022
Bethlehem,3435,Town,0914004930,PEP,2024,Population Estimate,2023
Bethlehem,3449,Town,0914004930,PEP,2024,Population Estimate,2024
Bloomfield,21530,Town,0911005910,PEP,2024,Estimate Base,2020
Bloomfield,21447,Town,0911005910,PEP,2024,Population Estimate,2020
Bloomfield,21480,Town,0911005910,PEP,2024,Population Estimate,2021
Bloomfield,21576,Town,0911005910,PEP,2024,Population Estimate,2022
Bloomfield,22029,Town,0911005910,PEP,2024,Population Estimate,2023
Bloomfield,22198,Town,0911005910,PEP,2024,Population Estimate,2024
Bolton,4858,Town,0911006260,PEP,2024,Estimate Base,2020
Bolton,4846,Town,0911006260,PEP,2024,Population Estimate,2020
Bolton,4840,Town,0911006260,PEP,2024,Population Estimate,2021
Bolton,4843,Town,0911006260,PEP,2024,Population Estimate,2022
Bolton,4860,Town,0911006260,PEP,2024,Population Estimate,2023
Bolton,4895,Town,0911006260,PEP,2024,Population Estimate,2024
Bozrah,2427,Town,0918006820,PEP,2024,Estimate Base,2020
Bozrah,2421,Town,0918006820,PEP,2024,Population Estimate,2020
Bozrah,2420,Town,0918006820,PEP,2024,Population Estimate,2021
Bozrah,2411,Town,0918006820,PEP,2024,Population Estimate,2022
Bozrah,2415,Town,0918006820,PEP,2024,Population Estimate,2023
Bozrah,2426,Town,0918006820,PEP,2024,Population Estimate,2024
Branford,28272,Town,0917007310,PEP,2024,Estimate Base,2020
Branford,28132,Town,0917007310,PEP,2024,Population Estimate,2020
Branford,28110,Town,0917007310,PEP,2024,Population Estimate,2021
Branford,28145,Town,0917007310,PEP,2024,Population Estimate,2022
Branford,28227,Town,0917007310,PEP,2024,Population Estimate,2023
Branford,28448,Town,0917007310,PEP,2024,Population Estimate,2024
Bridgeport,148637,Town,0912008070,PEP,2024,Estimate Base,2020
Bridgeport,147713,Town,0912008070,PEP,2024,Population Estimate,2020
Bridgeport,148175,Town,0912008070,PEP,2024,Population Estimate,2021
Bridgeport,148552,Town,0912008070,PEP,2024,Population Estimate,2022
Bridgeport,149810,Town,0912008070,PEP,2024,Population Estimate,2023
Bridgeport,151599,Town,0912008070,PEP,2024,Population Estimate,2024
Bridgewater,1655,Town,0919008210,PEP,2024,Estimate Base,2020
Bridgewater,1651,Town,0919008210,PEP,2024,Population Estimate,2020
Bridgewater,1656,Town,0919008210,PEP,2024,Population Estimate,2021
Bridgewater,1655,Town,0919008210,PEP,2024,Population Estimate,2022
Bridgewater,1660,Town,0919008210,PEP,2024,Population Estimate,2023
Bridgewater,1671,Town,0919008210,PEP,2024,Population Estimate,2024
Bristol,60861,Town,0914008490,PEP,2024,Estimate Base,2020
Bristol,60744,Town,0914008490,PEP,2024,Population Estimate,2020
Bristol,61122,Town,0914008490,PEP,2024,Population Estimate,2021
Bristol,61407,Town,0914008490,PEP,2024,Population Estimate,2022
Bristol,61823,Town,0914008490,PEP,2024,Population Estimate,2023
Bristol,62195,Town,0914008490,PEP,2024,Population Estimate,2024
Brookfield,17528,Town,0919008980,PEP,2024,Estimate Base,2020
Brookfield,17469,Town,0919008980,PEP,2024,Population Estimate,2020
Brookfield,17538,Town,0919008980,PEP,2024,Population Estimate,2021
Brookfield,17589,Town,0919008980,PEP,2024,Population Estimate,2022
Brookfield,17818,Town,0919008980,PEP,2024,Population Estimate,2023
Brookfield,18186,Town,0919008980,PEP,2024,Population Estimate,2024
Brooklyn,8450,Town,0915009190,PEP,2024,Estimate Base,2020
Brooklyn,8382,Town,0915009190,PEP,2024,Population Estimate,2020
Brooklyn,8428,Town,0915009190,PEP,2024,Population Estimate,2021
Brooklyn,8506,Town,0915009190,PEP,2024,Population Estimate,2022
Brooklyn,8631,Town,0915009190,PEP,2024,Population Estimate,2023
Brooklyn,8708,Town,0915009190,PEP,2024,Population Estimate,2024
Burlington,9484,Town,0916010100,PEP,2024,Estimate Base,2020
Burlington,9487,Town,0916010100,PEP,2024,Population Estimate,2020
Burlington,9639,Town,0916010100,PEP,2024,Population Estimate,2021
Burlington,9710,Town,0916010100,PEP,2024,Population Estimate,2022
Burlington,9743,Town,0916010100,PEP,2024,Population Estimate,2023
Burlington,9804,Town,0916010100,PEP,2024,Population Estimate,2024
Canaan,1078,Town,0916010940,PEP,2024,Estimate Base,2020
Canaan,1076,Town,0916010940,PEP,2024,Population Estimate,2020
Canaan,1081,Town,0916010940,PEP,2024,Population Estimate,2021
Canaan,1083,Town,0916010940,PEP,2024,Population Estimate,2022
Canaan,1083,Town,0916010940,PEP,2024,Population Estimate,2023
Canaan,1088,Town,0916010940,PEP,2024,Population Estimate,2024
Canterbury,5042,Town,0915012130,PEP,2024,Estimate Base,2020
Canterbury,5048,Town,0915012130,PEP,2024,Population Estimate,2020
Canterbury,5083,Town,0915012130,PEP,2024,Population Estimate,2021
Canterbury,5100,Town,0915012130,PEP,2024,Population Estimate,2022
Canterbury,5149,Town,0915012130,PEP,2024,Population Estimate,2023
Canterbury,5222,Town,0915012130,PEP,2024,Population Estimate,2024
Canton,10125,Town,0911012270,PEP,2024,Estimate Base,2020
Canton,10086,Town,0911012270,PEP,2024,Population Estimate,2020
Canton,10094,Town,0911012270,PEP,2024,Population Estimate,2021
Canton,10098,Town,0911012270,PEP,2024,Population Estimate,2022
Canton,10200,Town,0911012270,PEP,2024,Population Estimate,2023
Canton,10273,Town,0911012270,PEP,2024,Population Estimate,2024
Capitol Planning Region,977685,Planning Region,09110,PEP,2024,Estimate Base,2020
Capitol Planning Region,964088,Planning Region,09110,PEP,2024,Population Estimate,2020
Capitol Planning Region,971938,Planning Region,09110,PEP,2024,Population Estimate,2021
Capitol Planning Region,975591,Planning Region,09110,PEP,2024,Population Estimate,2022
Capitol Planning Region,983326,Planning Region,09110,PEP,2024,Population Estimate,2023
Capitol Planning Region,991508,Planning Region,09110,PEP,2024,Population Estimate,2024
Capitol Planning Region,-13597,Planning Region,09110,PEP,2024,Population Change (#),2020
Capitol Planning Region,7850,Planning Region,09110,PEP,2024,Population Change (#),2021
Capitol Planning Region,3653,Planning Region,09110,PEP,2024,Population Change (#),2022
Capitol Planning Region,7735,Planning Region,09110,PEP,2024,Population Change (#),2023
Capitol Planning Region,8182,Planning Region,09110,PEP,2024,Population Change (#),2024
Capitol Planning Region,2313,Planning Region,09110,PEP,2024,Births,2020
Capitol Planning Region,9219,Planning Region,09110,PEP,2024,Births,2021
Capitol Planning Region,9522,Planning Region,09110,PEP,2024,Births,2022
Capitol Planning Region,9419,Planning Region,09110,PEP,2024,Births,2023
Capitol Planning Region,9287,Planning Region,09110,PEP,2024,Births,2024
Capitol Planning Region,3376,Planning Region,09110,PEP,2024,Deaths,2020
Capitol Planning Region,9498,Planning Region,09110,PEP,2024,Deaths,2021
Capitol Planning Region,9665,Planning Region,09110,PEP,2024,Deaths,2022
Capitol Planning Region,9190,Planning Region,09110,PEP,2024,Deaths,2023
Capitol Planning Region,9254,Planning Region,09110,PEP,2024,Deaths,2024
Capitol Planning Region,-1063,Planning Region,09110,PEP,2024,Natural Change,2020
Capitol Planning Region,-279,Planning Region,09110,PEP,2024,Natural Change,2021
Capitol Planning Region,-143,Planning Region,09110,PEP,2024,Natural Change,2022
Capitol Planning Region,229,Planning Region,09110,PEP,2024,Natural Change,2023
Capitol Planning Region,33,Planning Region,09110,PEP,2024,Natural Change,2024
Capitol Planning Region,137,Planning Region,09110,PEP,2024,International Migration,2020
Capitol Planning Region,1697,Planning Region,09110,PEP,2024,International Migration,2021
Capitol Planning Region,6295,Planning Region,09110,PEP,2024,International Migration,2022
Capitol Planning Region,8229,Planning Region,09110,PEP,2024,International Migration,2023
Capitol Planning Region,9950,Planning Region,09110,PEP,2024,International Migration,2024
Capitol Planning Region,-10276,Planning Region,09110,PEP,2024,Domestic Migration,2020
Capitol Planning Region,6031,Planning Region,09110,PEP,2024,Domestic Migration,2021
Capitol Planning Region,-1957,Planning Region,09110,PEP,2024,Domestic Migration,2022
Capitol Planning Region,-505,Planning Region,09110,PEP,2024,Domestic Migration,2023
Capitol Planning Region,-1829,Planning Region,09110,PEP,2024,Domestic Migration,2024
Capitol Planning Region,-2395,Planning Region,09110,PEP,2024,Residual,2020
Capitol Planning Region,401,Planning Region,09110,PEP,2024,Residual,2021
Capitol Planning Region,-542,Planning Region,09110,PEP,2024,Residual,2022
Capitol Planning Region,-218,Planning Region,09110,PEP,2024,Residual,2023
Capitol Planning Region,28,Planning Region,09110,PEP,2024,Residual,2024
Capitol Planning Region,37791,Planning Region,09110,PEP,2024,Group Quarters Estimates Base,2020
Capitol Planning Region,26066,Planning Region,09110,PEP,2024,Group Quarters Estimates,2020
Capitol Planning Region,32730,Planning Region,09110,PEP,2024,Group Quarters Estimates,2021
Capitol Planning Region,35215,Planning Region,09110,PEP,2024,Group Quarters Estimates,2022
Capitol Planning Region,36330,Planning Region,09110,PEP,2024,Group Quarters Estimates,2023
Capitol Planning Region,36664,Planning Region,09110,PEP,2024,Group Quarters Estimates,2024
Capitol Planning Region,9.523632431,Planning Region,09110,PEP,2024,Birth Rate,2021
Capitol Planning Region,9.778545018,Planning Region,09110,PEP,2024,Birth Rate,2022
Capitol Planning Region,9.616538118,Planning Region,09110,PEP,2024,Birth Rate,2023
Capitol Planning Region,9.405347487,Planning Region,09110,PEP,2024,Birth Rate,2024
Capitol Planning Region,9.8118517,Planning Region,09110,PEP,2024,Death Rate,2021
Capitol Planning Region,9.925397773,Planning Region,09110,PEP,2024,Death Rate,2022
Capitol Planning Region,9.382735461,Planning Region,09110,PEP,2024,Death Rate,2023
Capitol Planning Region,9.371926957,Planning Region,09110,PEP,2024,Death Rate,2024
Capitol Planning Region,-0.28821927,Planning Region,09110,PEP,2024,Natural Change Rate,2021
Capitol Planning Region,-0.146852755,Planning Region,09110,PEP,2024,Natural Change Rate,2022
Capitol Planning Region,0.233802657,Planning Region,09110,PEP,2024,Natural Change Rate,2023
Capitol Planning Region,0.033420531,Planning Region,09110,PEP,2024,Natural Change Rate,2024
Capitol Planning Region,1.75307563,Planning Region,09110,PEP,2024,International Migration Rate,2021
Capitol Planning Region,6.464602068,Planning Region,09110,PEP,2024,International Migration Rate,2022
Capitol Planning Region,8.401581078,Planning Region,09110,PEP,2024,International Migration Rate,2023
Capitol Planning Region,10.07679633,Planning Region,09110,PEP,2024,International Migration Rate,2024
Capitol Planning Region,6.23028823,Planning Region,09110,PEP,2024,Domestic Migration Rate,2021
Capitol Planning Region,-2.009726171,Planning Region,09110,PEP,2024,Domestic Migration Rate,2022
Capitol Planning Region,-0.515591013,Planning Region,09110,PEP,2024,Domestic Migration Rate,2023
Capitol Planning Region,-1.852307586,Planning Region,09110,PEP,2024,Domestic Migration Rate,2024
Capitol Planning Region,6664,Planning Region,09110,PEP,2024,Group Quarters Change,2021
Capitol Planning Region,2485,Planning Region,09110,PEP,2024,Group Quarters Change,2022
Capitol Planning Region,1115,Planning Region,09110,PEP,2024,Group Quarters Change,2023
Capitol Planning Region,334,Planning Region,09110,PEP,2024,Group Quarters Change,2024
Chaplin,2152,Town,0915013810,PEP,2024,Estimate Base,2020
Chaplin,2150,Town,0915013810,PEP,2024,Population Estimate,2020
Chaplin,2152,Town,0915013810,PEP,2024,Population Estimate,2021
Chaplin,2156,Town,0915013810,PEP,2024,Population Estimate,2022
Chaplin,2163,Town,0915013810,PEP,2024,Population Estimate,2023
Chaplin,2179,Town,0915013810,PEP,2024,Population Estimate,2024
Cheshire,28412,Town,0914014160,PEP,2024,Estimate Base,2020
Cheshire,28310,Town,0914014160,PEP,2024,Population Estimate,2020
Cheshire,28418,Town,0914014160,PEP,2024,Population Estimate,2021
Cheshire,28714,Town,0914014160,PEP,2024,Population Estimate,2022
Cheshire,29225,Town,0914014160,PEP,2024,Population Estimate,2023
Cheshire,30610,Town,0914014160,PEP,2024,Population Estimate,2024
Chester,3747,Town,0913014300,PEP,2024,Estimate Base,2020
Chester,3739,Town,0913014300,PEP,2024,Population Estimate,2020
Chester,3761,Town,0913014300,PEP,2024,Population Estimate,2021
Chester,3769,Town,0913014300,PEP,2024,Population Estimate,2022
Chester,3744,Town,0913014300,PEP,2024,Population Estimate,2023
Chester,3748,Town,0913014300,PEP,2024,Population Estimate,2024
Clinton,13188,Town,0913015350,PEP,2024,Estimate Base,2020
Clinton,13173,Town,0913015350,PEP,2024,Population Estimate,2020
Clinton,13376,Town,0913015350,PEP,2024,Population Estimate,2021
Clinton,13420,Town,0913015350,PEP,2024,Population Estimate,2022
Clinton,13449,Town,0913015350,PEP,2024,Population Estimate,2023
Clinton,13467,Town,0913015350,PEP,2024,Population Estimate,2024
Colchester,15552,Town,0918015910,PEP,2024,Estimate Base,2020
Colchester,15495,Town,0918015910,PEP,2024,Population Estimate,2020
Colchester,15647,Town,0918015910,PEP,2024,Population Estimate,2021
Colchester,15676,Town,0918015910,PEP,2024,Population Estimate,2022
Colchester,15697,Town,0918015910,PEP,2024,Population Estimate,2023
Colchester,15752,Town,0918015910,PEP,2024,Population Estimate,2024
Colebrook,1356,Town,0916016050,PEP,2024,Estimate Base,2020
Colebrook,1353,Town,0916016050,PEP,2024,Population Estimate,2020
Colebrook,1360,Town,0916016050,PEP,2024,Population Estimate,2021
Colebrook,1364,Town,0916016050,PEP,2024,Population Estimate,2022
Colebrook,1366,Town,0916016050,PEP,2024,Population Estimate,2023
Colebrook,1370,Town,0916016050,PEP,2024,Population Estimate,2024
Columbia,5279,Town,0911016400,PEP,2024,Estimate Base,2020
Columbia,5266,Town,0911016400,PEP,2024,Population Estimate,2020
Columbia,5291,Town,0911016400,PEP,2024,Population Estimate,2021
Columbia,5310,Town,0911016400,PEP,2024,Population Estimate,2022
Columbia,5337,Town,0911016400,PEP,2024,Population Estimate,2023
Columbia,5359,Town,0911016400,PEP,2024,Population Estimate,2024
Connecticut,3607701,State,09,PEP,2024,Estimate Base,2020
Connecticut,3579918,State,09,PEP,2024,Population Estimate,2020
Connecticut,3606607,State,09,PEP,2024,Population Estimate,2021
Connecticut,3617925,State,09,PEP,2024,Population Estimate,2022
Connecticut,3643023,State,09,PEP,2024,Population Estimate,2023
Connecticut,3675069,State,09,PEP,2024,Population Estimate,2024
Connecticut,-27783,State,09,PEP,2024,Population Change (#),2020
Connecticut,26689,State,09,PEP,2024,Population Change (#),2021
Connecticut,11318,State,09,PEP,2024,Population Change (#),2022
Connecticut,25098,State,09,PEP,2024,Population Change (#),2023
Connecticut,32046,State,09,PEP,2024,Population Change (#),2024
Connecticut,8465,State,09,PEP,2024,Births,2020
Connecticut,33942,State,09,PEP,2024,Births,2021
Connecticut,35637,State,09,PEP,2024,Births,2022
Connecticut,35115,State,09,PEP,2024,Births,2023
Connecticut,34609,State,09,PEP,2024,Births,2024
Connecticut,11949,State,09,PEP,2024,Deaths,2020
Connecticut,34586,State,09,PEP,2024,Deaths,2021
Connecticut,34874,State,09,PEP,2024,Deaths,2022
Connecticut,32977,State,09,PEP,2024,Deaths,2023
Connecticut,32778,State,09,PEP,2024,Deaths,2024
Connecticut,-3484,State,09,PEP,2024,Natural Change,2020
Connecticut,-644,State,09,PEP,2024,Natural Change,2021
Connecticut,763,State,09,PEP,2024,Natural Change,2022
Connecticut,2138,State,09,PEP,2024,Natural Change,2023
Connecticut,1831,State,09,PEP,2024,Natural Change,2024
Connecticut,408,State,09,PEP,2024,International Migration,2020
Connecticut,6215,State,09,PEP,2024,International Migration,2021
Connecticut,22355,State,09,PEP,2024,International Migration,2022
Connecticut,29968,State,09,PEP,2024,International Migration,2023
Connecticut,36214,State,09,PEP,2024,International Migration,2024
Connecticut,-20684,State,09,PEP,2024,Domestic Migration,2020
Connecticut,19406,State,09,PEP,2024,Domestic Migration,2021
Connecticut,-10406,State,09,PEP,2024,Domestic Migration,2022
Connecticut,-6462,State,09,PEP,2024,Domestic Migration,2023
Connecticut,-6060,State,09,PEP,2024,Domestic Migration,2024
Connecticut,-4023,State,09,PEP,2024,Residual,2020
Connecticut,1712,State,09,PEP,2024,Residual,2021
Connecticut,-1394,State,09,PEP,2024,Residual,2022
Connecticut,-546,State,09,PEP,2024,Residual,2023
Connecticut,61,State,09,PEP,2024,Residual,2024
Connecticut,9.446011807,State,09,PEP,2024,Birth Rate,2021
Connecticut,9.865552537,State,09,PEP,2024,Birth Rate,2022
Connecticut,9.672290726,State,09,PEP,2024,Birth Rate,2023
Connecticut,9.458476335,State,09,PEP,2024,Birth Rate,2024
Connecticut,9.625236119,State,09,PEP,2024,Death Rate,2021
Connecticut,9.654327782,State,09,PEP,2024,Death Rate,2022
Connecticut,9.083386908,State,09,PEP,2024,Death Rate,2023
Connecticut,8.958072678,State,09,PEP,2024,Death Rate,2024
Connecticut,-0.179224312,State,09,PEP,2024,Natural Change Rate,2021
Connecticut,0.211224755,State,09,PEP,2024,Natural Change Rate,2022
Connecticut,0.588903818,State,09,PEP,2024,Natural Change Rate,2023
Connecticut,0.500403657,State,09,PEP,2024,Natural Change Rate,2024
Connecticut,1.729625932,State,09,PEP,2024,International Migration Rate,2021
Connecticut,6.188636164,State,09,PEP,2024,International Migration Rate,2022
Connecticut,8.254569514,State,09,PEP,2024,International Migration Rate,2023
Connecticut,9.897115259,State,09,PEP,2024,International Migration Rate,2024
Connecticut,5.400663047,State,09,PEP,2024,Domestic Migration Rate,2021
Connecticut,-2.880740233,State,09,PEP,2024,Domestic Migration Rate,2022
Connecticut,-1.779932868,State,09,PEP,2024,Domestic Migration Rate,2023
Connecticut,-1.656169395,State,09,PEP,2024,Domestic Migration Rate,2024
Cornwall,1568,Town,0916017240,PEP,2024,Estimate Base,2020
Cornwall,1566,Town,0916017240,PEP,2024,Population Estimate,2020
Cornwall,1572,Town,0916017240,PEP,2024,Population Estimate,2021
Cornwall,1573,Town,0916017240,PEP,2024,Population Estimate,2022
Cornwall,1577,Town,0916017240,PEP,2024,Population Estimate,2023
Cornwall,1585,Town,0916017240,PEP,2024,Population Estimate,2024
Coventry,12239,Town,0911017800,PEP,2024,Estimate Base,2020
Coventry,12220,Town,0911017800,PEP,2024,Population Estimate,2020
Coventry,12261,Town,0911017800,PEP,2024,Population Estimate,2021
Coventry,12309,Town,0911017800,PEP,2024,Population Estimate,2022
Coventry,12370,Town,0911017800,PEP,2024,Population Estimate,2023
Coventry,12445,Town,0911017800,PEP,2024,Population Estimate,2024
Cromwell,14222,Town,0913018080,PEP,2024,Estimate Base,2020
Cromwell,14214,Town,0913018080,PEP,2024,Population Estimate,2020
Cromwell,14310,Town,0913018080,PEP,2024,Population Estimate,2021
Cromwell,14364,Town,0913018080,PEP,2024,Population Estimate,2022
Cromwell,14374,Town,0913018080,PEP,2024,Population Estimate,2023
Cromwell,14388,Town,0913018080,PEP,2024,Population Estimate,2024
Danbury,86863,Town,0919018500,PEP,2024,Estimate Base,2020
Danbury,86095,Town,0919018500,PEP,2024,Population Estimate,2020
Danbury,87063,Town,0919018500,PEP,2024,Population Estimate,2021
Danbury,87179,Town,0919018500,PEP,2024,Population Estimate,2022
Danbury,87263,Town,0919018500,PEP,2024,Population Estimate,2023
Danbury,88692,Town,0919018500,PEP,2024,Population Estimate,2024
Darien,21501,Town,0919018850,PEP,2024,Estimate Base,2020
Darien,21445,Town,0919018850,PEP,2024,Population Estimate,2020
Darien,21569,Town,0919018850,PEP,2024,Population Estimate,2021
Darien,21983,Town,0919018850,PEP,2024,Population Estimate,2022
Darien,22190,Town,0919018850,PEP,2024,Population Estimate,2023
Darien,22528,Town,0919018850,PEP,2024,Population Estimate,2024
Deep River,4413,Town,0913019130,PEP,2024,Estimate Base,2020
Deep River,4405,Town,0913019130,PEP,2024,Population Estimate,2020
Deep River,4443,Town,0913019130,PEP,2024,Population Estimate,2021
Deep River,4453,Town,0913019130,PEP,2024,Population Estimate,2022
Deep River,4468,Town,0913019130,PEP,2024,Population Estimate,2023
Deep River,4483,Town,0913019130,PEP,2024,Population Estimate,2024
Derby,12326,Town,0914019550,PEP,2024,Estimate Base,2020
Derby,12312,Town,0914019550,PEP,2024,Population Estimate,2020
Derby,12350,Town,0914019550,PEP,2024,Population Estimate,2021
Derby,12376,Town,0914019550,PEP,2024,Population Estimate,2022
Derby,12447,Town,0914019550,PEP,2024,Population Estimate,2023
Derby,12915,Town,0914019550,PEP,2024,Population Estimate,2024
Durham,7152,Town,0913020810,PEP,2024,Estimate Base,2020
Durham,7141,Town,0913020810,PEP,2024,Population Estimate,2020
Durham,7198,Town,0913020810,PEP,2024,Population Estimate,2021
Durham,7211,Town,0913020810,PEP,2024,Population Estimate,2022
Durham,7223,Town,0913020810,PEP,2024,Population Estimate,2023
Durham,7230,Town,0913020810,PEP,2024,Population Estimate,2024
East Granby,5221,Town,0911022070,PEP,2024,Estimate Base,2020
East Granby,5208,Town,0911022070,PEP,2024,Population Estimate,2020
East Granby,5206,Town,0911022070,PEP,2024,Population Estimate,2021
East Granby,5233,Town,0911022070,PEP,2024,Population Estimate,2022
East Granby,5246,Town,0911022070,PEP,2024,Population Estimate,2023
East Granby,5278,Town,0911022070,PEP,2024,Population Estimate,2024
East Haddam,8874,Town,0913022280,PEP,2024,Estimate Base,2020
East Haddam,8858,Town,0913022280,PEP,2024,Population Estimate,2020
East Haddam,8937,Town,0913022280,PEP,2024,Population Estimate,2021
East Haddam,8965,Town,0913022280,PEP,2024,Population Estimate,2022
East Haddam,9016,Town,0913022280,PEP,2024,Population Estimate,2023
East Haddam,9061,Town,0913022280,PEP,2024,Population Estimate,2024
East Hampton,12716,Town,0913022490,PEP,2024,Estimate Base,2020
East Hampton,12697,Town,0913022490,PEP,2024,Population Estimate,2020
East Hampton,12812,Town,0913022490,PEP,2024,Population Estimate,2021
East Hampton,12979,Town,0913022490,PEP,2024,Population Estimate,2022
East Hampton,13026,Town,0913022490,PEP,2024,Population Estimate,2023
East Hampton,13109,Town,0913022490,PEP,2024,Population Estimate,2024
East Hartford,51050,Town,0911022630,PEP,2024,Estimate Base,2020
East Hartford,50877,Town,0911022630,PEP,2024,Population Estimate,2020
East Hartford,50841,Town,0911022630,PEP,2024,Population Estimate,2021
East Hartford,50815,Town,0911022630,PEP,2024,Population Estimate,2022
East Hartford,50931,Town,0911022630,PEP,2024,Population Estimate,2023
East Hartford,51127,Town,0911022630,PEP,2024,Population Estimate,2024
East Haven,27935,Town,0917022910,PEP,2024,Estimate Base,2020
East Haven,27832,Town,0917022910,PEP,2024,Population Estimate,2020
East Haven,27795,Town,0917022910,PEP,2024,Population Estimate,2021
East Haven,27732,Town,0917022910,PEP,2024,Population Estimate,2022
East Haven,27734,Town,0917022910,PEP,2024,Population Estimate,2023
East Haven,27953,Town,0917022910,PEP,2024,Population Estimate,2024
East Lyme,18688,Town,0918023400,PEP,2024,Estimate Base,2020
East Lyme,18443,Town,0918023400,PEP,2024,Population Estimate,2020
East Lyme,18550,Town,0918023400,PEP,2024,Population Estimate,2021
East Lyme,18713,Town,0918023400,PEP,2024,Population Estimate,2022
East Lyme,18949,Town,0918023400,PEP,2024,Population Estimate,2023
East Lyme,19004,Town,0918023400,PEP,2024,Population Estimate,2024
East Windsor,11194,Town,0911024800,PEP,2024,Estimate Base,2020
East Windsor,11148,Town,0911024800,PEP,2024,Population Estimate,2020
East Windsor,11151,Town,0911024800,PEP,2024,Population Estimate,2021
East Windsor,11176,Town,0911024800,PEP,2024,Population Estimate,2022
East Windsor,11233,Town,0911024800,PEP,2024,Population Estimate,2023
East Windsor,11301,Town,0911024800,PEP,2024,Population Estimate,2024
Eastford,1644,Town,0915021860,PEP,2024,Estimate Base,2020
Eastford,1647,Town,0915021860,PEP,2024,Population Estimate,2020
Eastford,1664,Town,0915021860,PEP,2024,Population Estimate,2021
Eastford,1673,Town,0915021860,PEP,2024,Population Estimate,2022
Eastford,1689,Town,0915021860,PEP,2024,Population Estimate,2023
Eastford,1706,Town,0915021860,PEP,2024,Population Estimate,2024
Easton,7607,Town,0912023890,PEP,2024,Estimate Base,2020
Easton,7584,Town,0912023890,PEP,2024,Population Estimate,2020
Easton,7621,Town,0912023890,PEP,2024,Population Estimate,2021
Easton,7654,Town,0912023890,PEP,2024,Population Estimate,2022
Easton,7704,Town,0912023890,PEP,2024,Population Estimate,2023
Easton,7815,Town,0912023890,PEP,2024,Population Estimate,2024
Ellington,16417,Town,0911025360,PEP,2024,Estimate Base,2020
Ellington,16388,Town,0911025360,PEP,2024,Population Estimate,2020
Ellington,16407,Town,0911025360,PEP,2024,Population Estimate,2021
Ellington,16424,Town,0911025360,PEP,2024,Population Estimate,2022
Ellington,16497,Town,0911025360,PEP,2024,Population Estimate,2023
Ellington,16585,Town,0911025360,PEP,2024,Population Estimate,2024
Enfield,42123,Town,0911025990,PEP,2024,Estimate Base,2020
Enfield,41185,Town,0911025990,PEP,2024,Population Estimate,2020
Enfield,40774,Town,0911025990,PEP,2024,Population Estimate,2021
Enfield,41327,Town,0911025990,PEP,2024,Population Estimate,2022
Enfield,40998,Town,0911025990,PEP,2024,Population Estimate,2023
Enfield,41140,Town,0911025990,PEP,2024,Population Estimate,2024
Essex,6739,Town,0913026270,PEP,2024,Estimate Base,2020
Essex,6728,Town,0913026270,PEP,2024,Population Estimate,2020
Essex,6781,Town,0913026270,PEP,2024,Population Estimate,2021
Essex,6808,Town,0913026270,PEP,2024,Population Estimate,2022
Essex,6834,Town,0913026270,PEP,2024,Population Estimate,2023
Essex,6847,Town,0913026270,PEP,2024,Population Estimate,2024
Fairfield,61514,Town,0912026620,PEP,2024,Estimate Base,2020
Fairfield,61487,Town,0912026620,PEP,2024,Population Estimate,2020
Fairfield,62784,Town,0912026620,PEP,2024,Population Estimate,2021
Fairfield,63256,Town,0912026620,PEP,2024,Population Estimate,2022
Fairfield,64215,Town,0912026620,PEP,2024,Population Estimate,2023
Fairfield,65300,Town,0912026620,PEP,2024,Population Estimate,2024
Farmington,26708,Town,0911027600,PEP,2024,Estimate Base,2020
Farmington,26635,Town,0911027600,PEP,2024,Population Estimate,2020
Farmington,26677,Town,0911027600,PEP,2024,Population Estimate,2021
Farmington,26752,Town,0911027600,PEP,2024,Population Estimate,2022
Farmington,27395,Town,0911027600,PEP,2024,Population Estimate,2023
Farmington,28189,Town,0911027600,PEP,2024,Population Estimate,2024
Franklin,1862,Town,0918029910,PEP,2024,Estimate Base,2020
Franklin,1857,Town,0918029910,PEP,2024,Population Estimate,2020
Franklin,1865,Town,0918029910,PEP,2024,Population Estimate,2021
Franklin,1873,Town,0918029910,PEP,2024,Population Estimate,2022
Franklin,1892,Town,0918029910,PEP,2024,Population Estimate,2023
Franklin,1900,Town,0918029910,PEP,2024,Population Estimate,2024
Glastonbury,35160,Town,0911031240,PEP,2024,Estimate Base,2020
Glastonbury,35065,Town,0911031240,PEP,2024,Population Estimate,2020
Glastonbury,35174,Town,0911031240,PEP,2024,Population Estimate,2021
Glastonbury,35233,Town,0911031240,PEP,2024,Population Estimate,2022
Glastonbury,35379,Town,0911031240,PEP,2024,Population Estimate,2023
Glastonbury,35553,Town,0911031240,PEP,2024,Population Estimate,2024
Goshen,3155,Town,0916032290,PEP,2024,Estimate Base,2020
Goshen,3150,Town,0916032290,PEP,2024,Population Estimate,2020
Goshen,3171,Town,0916032290,PEP,2024,Population Estimate,2021
Goshen,3207,Town,0916032290,PEP,2024,Population Estimate,2022
Goshen,3235,Town,0916032290,PEP,2024,Population Estimate,2023
Goshen,3265,Town,0916032290,PEP,2024,Population Estimate,2024
Granby,10893,Town,0911032640,PEP,2024,Estimate Base,2020
Granby,10890,Town,0911032640,PEP,2024,Population Estimate,2020
Granby,10970,Town,0911032640,PEP,2024,Population Estimate,2021
Granby,11054,Town,0911032640,PEP,2024,Population Estimate,2022
Granby,11294,Town,0911032640,PEP,2024,Population Estimate,2023
Granby,11751,Town,0911032640,PEP,2024,Population Estimate,2024
Greater Bridgeport Planning Region,325778,Planning Region,09120,PEP,2024,Estimate Base,2020
Greater Bridgeport Planning Region,324397,Planning Region,09120,PEP,2024,Population Estimate,2020
Greater Bridgeport Planning Region,326799,Planning Region,09120,PEP,2024,Population Estimate,2021
Greater Bridgeport Planning Region,328131,Planning Region,09120,PEP,2024,Population Estimate,2022
Greater Bridgeport Planning Region,331300,Planning Region,09120,PEP,2024,Population Estimate,2023
Greater Bridgeport Planning Region,335666,Planning Region,09120,PEP,2024,Population Estimate,2024
Greater Bridgeport Planning Region,-1381,Planning Region,09120,PEP,2024,Population Change (#),2020
Greater Bridgeport Planning Region,2402,Planning Region,09120,PEP,2024,Population Change (#),2021
Greater Bridgeport Planning Region,1332,Planning Region,09120,PEP,2024,Population Change (#),2022
Greater Bridgeport Planning Region,3169,Planning Region,09120,PEP,2024,Population Change (#),2023
Greater Bridgeport Planning Region,4366,Planning Region,09120,PEP,2024,Population Change (#),2024
Greater Bridgeport Planning Region,820,Planning Region,09120,PEP,2024,Births,2020
Greater Bridgeport Planning Region,3246,Planning Region,09120,PEP,2024,Births,2021
Greater Bridgeport Planning Region,3466,Planning Region,09120,PEP,2024,Births,2022
Greater Bridgeport Planning Region,3412,Planning Region,09120,PEP,2024,Births,2023
Greater Bridgeport Planning Region,3360,Planning Region,09120,PEP,2024,Births,2024
Greater Bridgeport Planning Region,1010,Planning Region,09120,PEP,2024,Deaths,2020
Greater Bridgeport Planning Region,2550,Planning Region,09120,PEP,2024,Deaths,2021
Greater Bridgeport Planning Region,2518,Planning Region,09120,PEP,2024,Deaths,2022
Greater Bridgeport Planning Region,2428,Planning Region,09120,PEP,2024,Deaths,2023
Greater Bridgeport Planning Region,2497,Planning Region,09120,PEP,2024,Deaths,2024
Greater Bridgeport Planning Region,-190,Planning Region,09120,PEP,2024,Natural Change,2020
Greater Bridgeport Planning Region,696,Planning Region,09120,PEP,2024,Natural Change,2021
Greater Bridgeport Planning Region,948,Planning Region,09120,PEP,2024,Natural Change,2022
Greater Bridgeport Planning Region,984,Planning Region,09120,PEP,2024,Natural Change,2023
Greater Bridgeport Planning Region,863,Planning Region,09120,PEP,2024,Natural Change,2024
Greater Bridgeport Planning Region,37,Planning Region,09120,PEP,2024,International Migration,2020
Greater Bridgeport Planning Region,902,Planning Region,09120,PEP,2024,International Migration,2021
Greater Bridgeport Planning Region,3017,Planning Region,09120,PEP,2024,International Migration,2022
Greater Bridgeport Planning Region,4280,Planning Region,09120,PEP,2024,International Migration,2023
Greater Bridgeport Planning Region,5167,Planning Region,09120,PEP,2024,International Migration,2024
Greater Bridgeport Planning Region,-1117,Planning Region,09120,PEP,2024,Domestic Migration,2020
Greater Bridgeport Planning Region,565,Planning Region,09120,PEP,2024,Domestic Migration,2021
Greater Bridgeport Planning Region,-2627,Planning Region,09120,PEP,2024,Domestic Migration,2022
Greater Bridgeport Planning Region,-2112,Planning Region,09120,PEP,2024,Domestic Migration,2023
Greater Bridgeport Planning Region,-1677,Planning Region,09120,PEP,2024,Domestic Migration,2024
Greater Bridgeport Planning Region,-111,Planning Region,09120,PEP,2024,Residual,2020
Greater Bridgeport Planning Region,239,Planning Region,09120,PEP,2024,Residual,2021
Greater Bridgeport Planning Region,-6,Planning Region,09120,PEP,2024,Residual,2022
Greater Bridgeport Planning Region,17,Planning Region,09120,PEP,2024,Residual,2023
Greater Bridgeport Planning Region,13,Planning Region,09120,PEP,2024,Residual,2024
Greater Bridgeport Planning Region,9815,Planning Region,09120,PEP,2024,Group Quarters Estimates Base,2020
Greater Bridgeport Planning Region,9202,Planning Region,09120,PEP,2024,Group Quarters Estimates,2020
Greater Bridgeport Planning Region,10196,Planning Region,09120,PEP,2024,Group Quarters Estimates,2021
Greater Bridgeport Planning Region,10550,Planning Region,09120,PEP,2024,Group Quarters Estimates,2022
Greater Bridgeport Planning Region,11012,Planning Region,09120,PEP,2024,Group Quarters Estimates,2023
Greater Bridgeport Planning Region,11057,Planning Region,09120,PEP,2024,Group Quarters Estimates,2024
Greater Bridgeport Planning Region,9.969348706,Planning Region,09120,PEP,2024,Birth Rate,2021
Greater Bridgeport Planning Region,10.58433726,Planning Region,09120,PEP,2024,Birth Rate,2022
Greater Bridgeport Planning Region,10.34831544,Planning Region,09120,PEP,2024,Birth Rate,2023
Greater Bridgeport Planning Region,10.07547611,Planning Region,09120,PEP,2024,Birth Rate,2024
Greater Bridgeport Planning Region,7.831743438,Planning Region,09120,PEP,2024,Death Rate,2021
Greater Bridgeport Planning Region,7.689371383,Planning Region,09120,PEP,2024,Death Rate,2022
Greater Bridgeport Planning Region,7.363924353,Planning Region,09120,PEP,2024,Death Rate,2023
Greater Bridgeport Planning Region,7.487638051,Planning Region,09120,PEP,2024,Death Rate,2024
Greater Bridgeport Planning Region,2.137605268,Planning Region,09120,PEP,2024,Natural Change Rate,2021
Greater Bridgeport Planning Region,2.894965874,Planning Region,09120,PEP,2024,Natural Change Rate,2022
Greater Bridgeport Planning Region,2.984391089,Planning Region,09120,PEP,2024,Natural Change Rate,2023
Greater Bridgeport Planning Region,2.587838061,Planning Region,09120,PEP,2024,Natural Change Rate,2024
Greater Bridgeport Planning Region,2.770287287,Planning Region,09120,PEP,2024,International Migration Rate,2021
Greater Bridgeport Planning Region,9.213198357,Planning Region,09120,PEP,2024,International Migration Rate,2022
Greater Bridgeport Planning Region,12.98088807,Planning Region,09120,PEP,2024,International Migration Rate,2023
Greater Bridgeport Planning Region,15.49404318,Planning Region,09120,PEP,2024,International Migration Rate,2024
Greater Bridgeport Planning Region,1.735268644,Planning Region,09120,PEP,2024,Domestic Migration Rate,2021
Greater Bridgeport Planning Region,-8.022231384,Planning Region,09120,PEP,2024,Domestic Migration Rate,2022
Greater Bridgeport Planning Region,-6.405522337,Planning Region,09120,PEP,2024,Domestic Migration Rate,2023
Greater Bridgeport Planning Region,-5.028742095,Planning Region,09120,PEP,2024,Domestic Migration Rate,2024
Greater Bridgeport Planning Region,994,Planning Region,09120,PEP,2024,Group Quarters Change,2021
Greater Bridgeport Planning Region,354,Planning Region,09120,PEP,2024,Group Quarters Change,2022
Greater Bridgeport Planning Region,462,Planning Region,09120,PEP,2024,Group Quarters Change,2023
Greater Bridgeport Planning Region,45,Planning Region,09120,PEP,2024,Group Quarters Change,2024
Greenwich,63529,Town,0919033620,PEP,2024,Estimate Base,2020
Greenwich,63328,Town,0919033620,PEP,2024,Population Estimate,2020
Greenwich,63565,Town,0919033620,PEP,2024,Population Estimate,2021
Greenwich,63738,Town,0919033620,PEP,2024,Population Estimate,2022
Greenwich,63992,Town,0919033620,PEP,2024,Population Estimate,2023
Greenwich,64594,Town,0919033620,PEP,2024,Population Estimate,2024
Griswold,11406,Town,0918033900,PEP,2024,Estimate Base,2020
Griswold,11422,Town,0918033900,PEP,2024,Population Estimate,2020
Griswold,11438,Town,0918033900,PEP,2024,Population Estimate,2021
Griswold,11469,Town,0918033900,PEP,2024,Population Estimate,2022
Griswold,11635,Town,0918033900,PEP,2024,Population Estimate,2023
Griswold,11683,Town,0918033900,PEP,2024,Population Estimate,2024
Groton,38392,Town,0918034250,PEP,2024,Estimate Base,2020
Groton,38329,Town,0918034250,PEP,2024,Population Estimate,2020
Groton,37696,Town,0918034250,PEP,2024,Population Estimate,2021
Groton,37892,Town,0918034250,PEP,2024,Population Estimate,2022
Groton,37856,Town,0918034250,PEP,2024,Population Estimate,2023
Groton,38762,Town,0918034250,PEP,2024,Population Estimate,2024
Guilford,22078,Town,0917034950,PEP,2024,Estimate Base,2020
Guilford,22021,Town,0917034950,PEP,2024,Population Estimate,2020
Guilford,22035,Town,0917034950,PEP,2024,Population Estimate,2021
Guilford,22061,Town,0917034950,PEP,2024,Population Estimate,2022
Guilford,22153,Town,0917034950,PEP,2024,Population Estimate,2023
Guilford,22264,Town,0917034950,PEP,2024,Population Estimate,2024
Haddam,8452,Town,0913035230,PEP,2024,Estimate Base,2020
Haddam,8437,Town,0913035230,PEP,2024,Population Estimate,2020
Haddam,8506,Town,0913035230,PEP,2024,Population Estimate,2021
Haddam,8681,Town,0913035230,PEP,2024,Population Estimate,2022
Haddam,8797,Town,0913035230,PEP,2024,Population Estimate,2023
Haddam,8806,Town,0913035230,PEP,2024,Population Estimate,2024
Hamden,61227,Town,0917035650,PEP,2024,Estimate Base,2020
Hamden,60736,Town,0917035650,PEP,2024,Population Estimate,2020
Hamden,60726,Town,0917035650,PEP,2024,Population Estimate,2021
Hamden,60791,Town,0917035650,PEP,2024,Population Estimate,2022
Hamden,61411,Town,0917035650,PEP,2024,Population Estimate,2023
Hamden,61510,Town,0917035650,PEP,2024,Population Estimate,2024
Hampton,1728,Town,0915036000,PEP,2024,Estimate Base,2020
Hampton,1729,Town,0915036000,PEP,2024,Population Estimate,2020
Hampton,1734,Town,0915036000,PEP,2024,Population Estimate,2021
Hampton,1735,Town,0915036000,PEP,2024,Population Estimate,2022
Hampton,1741,Town,0915036000,PEP,2024,Population Estimate,2023
Hampton,1759,Town,0915036000,PEP,2024,Population Estimate,2024
Hartford,121631,Town,0911037070,PEP,2024,Estimate Base,2020
Hartford,120469,Town,0911037070,PEP,2024,Population Estimate,2020
Hartford,120788,Town,0911037070,PEP,2024,Population Estimate,2021
Hartford,120888,Town,0911037070,PEP,2024,Population Estimate,2022
Hartford,121332,Town,0911037070,PEP,2024,Population Estimate,2023
Hartford,122129,Town,0911037070,PEP,2024,Population Estimate,2024
Hartland,1900,Town,0916037140,PEP,2024,Estimate Base,2020
Hartland,1896,Town,0916037140,PEP,2024,Population Estimate,2020
Hartland,1905,Town,0916037140,PEP,2024,Population Estimate,2021
Hartland,1908,Town,0916037140,PEP,2024,Population Estimate,2022
Hartland,1912,Town,0916037140,PEP,2024,Population Estimate,2023
Hartland,1921,Town,0916037140,PEP,2024,Population Estimate,2024
Harwinton,5483,Town,0916037280,PEP,2024,Estimate Base,2020
Harwinton,5474,Town,0916037280,PEP,2024,Population Estimate,2020
Harwinton,5522,Town,0916037280,PEP,2024,Population Estimate,2021
Harwinton,5567,Town,0916037280,PEP,2024,Population Estimate,2022
Harwinton,5616,Town,0916037280,PEP,2024,Population Estimate,2023
Harwinton,5688,Town,0916037280,PEP,2024,Population Estimate,2024
Hebron,9086,Town,0911037910,PEP,2024,Estimate Base,2020
Hebron,9071,Town,0911037910,PEP,2024,Population Estimate,2020
Hebron,9096,Town,0911037910,PEP,2024,Population Estimate,2021
Hebron,9134,Town,0911037910,PEP,2024,Population Estimate,2022
Hebron,9189,Town,0911037910,PEP,2024,Population Estimate,2023
Hebron,9254,Town,0911037910,PEP,2024,Population Estimate,2024
Kent,3023,Town,0916040290,PEP,2024,Estimate Base,2020
Kent,3017,Town,0916040290,PEP,2024,Population Estimate,2020
Kent,3040,Town,0916040290,PEP,2024,Population Estimate,2021
Kent,3059,Town,0916040290,PEP,2024,Population Estimate,2022
Kent,3068,Town,0916040290,PEP,2024,Population Estimate,2023
Kent,3084,Town,0916040290,PEP,2024,Population Estimate,2024
Killingly,17744,Town,0915040500,PEP,2024,Estimate Base,2020
Killingly,17716,Town,0915040500,PEP,2024,Population Estimate,2020
Killingly,17744,Town,0915040500,PEP,2024,Population Estimate,2021
Killingly,17826,Town,0915040500,PEP,2024,Population Estimate,2022
Killingly,17957,Town,0915040500,PEP,2024,Population Estimate,2023
Killingly,18093,Town,0915040500,PEP,2024,Population Estimate,2024
Killingworth,6172,Town,0913040710,PEP,2024,Estimate Base,2020
Killingworth,6162,Town,0913040710,PEP,2024,Population Estimate,2020
Killingworth,6228,Town,0913040710,PEP,2024,Population Estimate,2021
Killingworth,6248,Town,0913040710,PEP,2024,Population Estimate,2022
Killingworth,6270,Town,0913040710,PEP,2024,Population Estimate,2023
Killingworth,6284,Town,0913040710,PEP,2024,Population Estimate,2024
Lebanon,7145,Town,0918042390,PEP,2024,Estimate Base,2020
Lebanon,7129,Town,0918042390,PEP,2024,Population Estimate,2020
Lebanon,7124,Town,0918042390,PEP,2024,Population Estimate,2021
Lebanon,7109,Town,0918042390,PEP,2024,Population Estimate,2022
Lebanon,7113,Town,0918042390,PEP,2024,Population Estimate,2023
Lebanon,7141,Town,0918042390,PEP,2024,Population Estimate,2024
Ledyard,15428,Town,0918042600,PEP,2024,Estimate Base,2020
Ledyard,15393,Town,0918042600,PEP,2024,Population Estimate,2020
Ledyard,15383,Town,0918042600,PEP,2024,Population Estimate,2021
Ledyard,15397,Town,0918042600,PEP,2024,Population Estimate,2022
Ledyard,15468,Town,0918042600,PEP,2024,Population Estimate,2023
Ledyard,15575,Town,0918042600,PEP,2024,Population Estimate,2024
Lisbon,4194,Town,0918043230,PEP,2024,Estimate Base,2020
Lisbon,4190,Town,0918043230,PEP,2024,Population Estimate,2020
Lisbon,4211,Town,0918043230,PEP,2024,Population Estimate,2021
Lisbon,4227,Town,0918043230,PEP,2024,Population Estimate,2022
Lisbon,4232,Town,0918043230,PEP,2024,Population Estimate,2023
Lisbon,4249,Town,0918043230,PEP,2024,Population Estimate,2024
Litchfield,8194,Town,0916043370,PEP,2024,Estimate Base,2020
Litchfield,8182,Town,0916043370,PEP,2024,Population Estimate,2020
Litchfield,8258,Town,0916043370,PEP,2024,Population Estimate,2021
Litchfield,8282,Town,0916043370,PEP,2024,Population Estimate,2022
Litchfield,8301,Town,0916043370,PEP,2024,Population Estimate,2023
Litchfield,8333,Town,0916043370,PEP,2024,Population Estimate,2024
Lower Connecticut River Valley Planning Region,174224,Planning Region,09130,PEP,2024,Estimate Base,2020
Lower Connecticut River Valley Planning Region,173281,Planning Region,09130,PEP,2024,Population Estimate,2020
Lower Connecticut River Valley Planning Region,175456,Planning Region,09130,PEP,2024,Population Estimate,2021
Lower Connecticut River Valley Planning Region,176159,Planning Region,09130,PEP,2024,Population Estimate,2022
Lower Connecticut River Valley Planning Region,176674,Planning Region,09130,PEP,2024,Population Estimate,2023
Lower Connecticut River Valley Planning Region,177540,Planning Region,09130,PEP,2024,Population Estimate,2024
Lower Connecticut River Valley Planning Region,-943,Planning Region,09130,PEP,2024,Population Change (#),2020
Lower Connecticut River Valley Planning Region,2175,Planning Region,09130,PEP,2024,Population Change (#),2021
Lower Connecticut River Valley Planning Region,703,Planning Region,09130,PEP,2024,Population Change (#),2022
Lower Connecticut River Valley Planning Region,515,Planning Region,09130,PEP,2024,Population Change (#),2023
Lower Connecticut River Valley Planning Region,866,Planning Region,09130,PEP,2024,Population Change (#),2024
Lower Connecticut River Valley Planning Region,351,Planning Region,09130,PEP,2024,Births,2020
Lower Connecticut River Valley Planning Region,1355,Planning Region,09130,PEP,2024,Births,2021
Lower Connecticut River Valley Planning Region,1503,Planning Region,09130,PEP,2024,Births,2022
Lower Connecticut River Valley Planning Region,1385,Planning Region,09130,PEP,2024,Births,2023
Lower Connecticut River Valley Planning Region,1387,Planning Region,09130,PEP,2024,Births,2024
Lower Connecticut River Valley Planning Region,557,Planning Region,09130,PEP,2024,Deaths,2020
Lower Connecticut River Valley Planning Region,1783,Planning Region,09130,PEP,2024,Deaths,2021
Lower Connecticut River Valley Planning Region,1833,Planning Region,09130,PEP,2024,Deaths,2022
Lower Connecticut River Valley Planning Region,1698,Planning Region,09130,PEP,2024,Deaths,2023
Lower Connecticut River Valley Planning Region,1685,Planning Region,09130,PEP,2024,Deaths,2024
Lower Connecticut River Valley Planning Region,-206,Planning Region,09130,PEP,2024,Natural Change,2020
Lower Connecticut River Valley Planning Region,-428,Planning Region,09130,PEP,2024,Natural Change,2021
Lower Connecticut River Valley Planning Region,-330,Planning Region,09130,PEP,2024,Natural Change,2022
Lower Connecticut River Valley Planning Region,-313,Planning Region,09130,PEP,2024,Natural Change,2023
Lower Connecticut River Valley Planning Region,-298,Planning Region,09130,PEP,2024,Natural Change,2024
Lower Connecticut River Valley Planning Region,3,Planning Region,09130,PEP,2024,International Migration,2020
Lower Connecticut River Valley Planning Region,130,Planning Region,09130,PEP,2024,International Migration,2021
Lower Connecticut River Valley Planning Region,527,Planning Region,09130,PEP,2024,International Migration,2022
Lower Connecticut River Valley Planning Region,691,Planning Region,09130,PEP,2024,International Migration,2023
Lower Connecticut River Valley Planning Region,834,Planning Region,09130,PEP,2024,International Migration,2024
Lower Connecticut River Valley Planning Region,-636,Planning Region,09130,PEP,2024,Domestic Migration,2020
Lower Connecticut River Valley Planning Region,2489,Planning Region,09130,PEP,2024,Domestic Migration,2021
Lower Connecticut River Valley Planning Region,612,Planning Region,09130,PEP,2024,Domestic Migration,2022
Lower Connecticut River Valley Planning Region,179,Planning Region,09130,PEP,2024,Domestic Migration,2023
Lower Connecticut River Valley Planning Region,333,Planning Region,09130,PEP,2024,Domestic Migration,2024
Lower Connecticut River Valley Planning Region,-104,Planning Region,09130,PEP,2024,Residual,2020
Lower Connecticut River Valley Planning Region,-16,Planning Region,09130,PEP,2024,Residual,2021
Lower Connecticut River Valley Planning Region,-106,Planning Region,09130,PEP,2024,Residual,2022
Lower Connecticut River Valley Planning Region,-42,Planning Region,09130,PEP,2024,Residual,2023
Lower Connecticut River Valley Planning Region,-3,Planning Region,09130,PEP,2024,Residual,2024
Lower Connecticut River Valley Planning Region,6495,Planning Region,09130,PEP,2024,Group Quarters Estimates Base,2020
Lower Connecticut River Valley Planning Region,5833,Planning Region,09130,PEP,2024,Group Quarters Estimates,2020
Lower Connecticut River Valley Planning Region,6545,Planning Region,09130,PEP,2024,Group Quarters Estimates,2021
Lower Connecticut River Valley Planning Region,6514,Planning Region,09130,PEP,2024,Group Quarters Estimates,2022
Lower Connecticut River Valley Planning Region,6561,Planning Region,09130,PEP,2024,Group Quarters Estimates,2023
Lower Connecticut River Valley Planning Region,6575,Planning Region,09130,PEP,2024,Group Quarters Estimates,2024
Lower Connecticut River Valley Planning Region,7.770898987,Planning Region,09130,PEP,2024,Birth Rate,2021
Lower Connecticut River Valley Planning Region,8.549123331,Planning Region,09130,PEP,2024,Birth Rate,2022
Lower Connecticut River Valley Planning Region,7.850739585,Planning Region,09130,PEP,2024,Birth Rate,2023
Lower Connecticut River Valley Planning Region,7.831423942,Planning Region,09130,PEP,2024,Birth Rate,2024
Lower Connecticut River Valley Planning Region,10.22547077,Planning Region,09130,PEP,2024,Death Rate,2021
Lower Connecticut River Valley Planning Region,10.42617636,Planning Region,09130,PEP,2024,Death Rate,2022
Lower Connecticut River Valley Planning Region,9.624950047,Planning Region,09130,PEP,2024,Death Rate,2023
Lower Connecticut River Valley Planning Region,9.514022597,Planning Region,09130,PEP,2024,Death Rate,2024
Lower Connecticut River Valley Planning Region,-2.454571783,Planning Region,09130,PEP,2024,Natural Change Rate,2021
Lower Connecticut River Valley Planning Region,-1.877053027,Planning Region,09130,PEP,2024,Natural Change Rate,2022
Lower Connecticut River Valley Planning Region,-1.774210462,Planning Region,09130,PEP,2024,Natural Change Rate,2023
Lower Connecticut River Valley Planning Region,-1.682598655,Planning Region,09130,PEP,2024,Natural Change Rate,2024
Lower Connecticut River Valley Planning Region,0.745547504,Planning Region,09130,PEP,2024,International Migration Rate,2021
Lower Connecticut River Valley Planning Region,2.997596803,Planning Region,09130,PEP,2024,International Migration Rate,2022
Lower Connecticut River Valley Planning Region,3.916867187,Planning Region,09130,PEP,2024,International Migration Rate,2023
Lower Connecticut River Valley Planning Region,4.709017713,Planning Region,09130,PEP,2024,International Migration Rate,2024
Lower Connecticut River Valley Planning Region,14.27436722,Planning Region,09130,PEP,2024,Domestic Migration Rate,2021
Lower Connecticut River Valley Planning Region,3.481080159,Planning Region,09130,PEP,2024,Domestic Migration Rate,2022
Lower Connecticut River Valley Planning Region,1.014644322,Planning Region,09130,PEP,2024,Domestic Migration Rate,2023
Lower Connecticut River Valley Planning Region,1.880219303,Planning Region,09130,PEP,2024,Domestic Migration Rate,2024
Lower Connecticut River Valley Planning Region,712,Planning Region,09130,PEP,2024,Group Quarters Change,2021
Lower Connecticut River Valley Planning Region,-31,Planning Region,09130,PEP,2024,Group Quarters Change,2022
Lower Connecticut River Valley Planning Region,47,Planning Region,09130,PEP,2024,Group Quarters Change,2023
Lower Connecticut River Valley Planning Region,14,Planning Region,09130,PEP,2024,Group Quarters Change,2024
Lyme,2354,Town,0913044210,PEP,2024,Estimate Base,2020
Lyme,2349,Town,0913044210,PEP,2024,Population Estimate,2020
Lyme,2372,Town,0913044210,PEP,2024,Population Estimate,2021
Lyme,2400,Town,0913044210,PEP,2024,Population Estimate,2022
Lyme,2417,Town,0913044210,PEP,2024,Population Estimate,2023
Lyme,2421,Town,0913044210,PEP,2024,Population Estimate,2024
Madison,17686,Town,0917044560,PEP,2024,Estimate Base,2020
Madison,17618,Town,0917044560,PEP,2024,Population Estimate,2020
Madison,17587,Town,0917044560,PEP,2024,Population Estimate,2021
Madison,17583,Town,0917044560,PEP,2024,Population Estimate,2022
Madison,17583,Town,0917044560,PEP,2024,Population Estimate,2023
Madison,17688,Town,0917044560,PEP,2024,Population Estimate,2024
Manchester,59715,Town,0911044700,PEP,2024,Estimate Base,2020
Manchester,59500,Town,0911044700,PEP,2024,Population Estimate,2020
Manchester,59522,Town,0911044700,PEP,2024,Population Estimate,2021
Manchester,59538,Town,0911044700,PEP,2024,Population Estimate,2022
Manchester,59695,Town,0911044700,PEP,2024,Population Estimate,2023
Manchester,59948,Town,0911044700,PEP,2024,Population Estimate,2024
Mansfield,27192,Town,0911044910,PEP,2024,Estimate Base,2020
Mansfield,19446,Town,0911044910,PEP,2024,Population Estimate,2020
Mansfield,25535,Town,0911044910,PEP,2024,Population Estimate,2021
Mansfield,26733,Town,0911044910,PEP,2024,Population Estimate,2022
Mansfield,27039,Town,0911044910,PEP,2024,Population Estimate,2023
Mansfield,27996,Town,0911044910,PEP,2024,Population Estimate,2024
Marlborough,6134,Town,0911045820,PEP,2024,Estimate Base,2020
Marlborough,6102,Town,0911045820,PEP,2024,Population Estimate,2020
Marlborough,6115,Town,0911045820,PEP,2024,Population Estimate,2021
Marlborough,6124,Town,0911045820,PEP,2024,Population Estimate,2022
Marlborough,6156,Town,0911045820,PEP,2024,Population Estimate,2023
Marlborough,6192,Town,0911045820,PEP,2024,Population Estimate,2024
Meriden,60833,Town,0917046520,PEP,2024,Estimate Base,2020
Meriden,60622,Town,0917046520,PEP,2024,Population Estimate,2020
Meriden,60454,Town,0917046520,PEP,2024,Population Estimate,2021
Meriden,60381,Town,0917046520,PEP,2024,Population Estimate,2022
Meriden,60438,Town,0917046520,PEP,2024,Population Estimate,2023
Meriden,60849,Town,0917046520,PEP,2024,Population Estimate,2024
Middlebury,7563,Town,0914046940,PEP,2024,Estimate Base,2020
Middlebury,7573,Town,0914046940,PEP,2024,Population Estimate,2020
Middlebury,7716,Town,0914046940,PEP,2024,Population Estimate,2021
Middlebury,7818,Town,0914046940,PEP,2024,Population Estimate,2022
Middlebury,7959,Town,0914046940,PEP,2024,Population Estimate,2023
Middlebury,8025,Town,0914046940,PEP,2024,Population Estimate,2024
Middlefield,4216,Town,0913047080,PEP,2024,Estimate Base,2020
Middlefield,4208,Town,0913047080,PEP,2024,Population Estimate,2020
Middlefield,4248,Town,0913047080,PEP,2024,Population Estimate,2021
Middlefield,4258,Town,0913047080,PEP,2024,Population Estimate,2022
Middlefield,4267,Town,0913047080,PEP,2024,Population Estimate,2023
Middlefield,4274,Town,0913047080,PEP,2024,Population Estimate,2024
Middletown,47727,Town,0913047360,PEP,2024,Estimate Base,2020
Middletown,46976,Town,0913047360,PEP,2024,Population Estimate,2020
Middletown,48040,Town,0913047360,PEP,2024,Population Estimate,2021
Middletown,48025,Town,0913047360,PEP,2024,Population Estimate,2022
Middletown,48103,Town,0913047360,PEP,2024,Population Estimate,2023
Middletown,48616,Town,0913047360,PEP,2024,Population Estimate,2024
Milford,52015,Town,0917047535,PEP,2024,Estimate Base,2020
Milford,51965,Town,0917047535,PEP,2024,Population Estimate,2020
Milford,52281,Town,0917047535,PEP,2024,Population Estimate,2021
Milford,52715,Town,0917047535,PEP,2024,Population Estimate,2022
Milford,53046,Town,0917047535,PEP,2024,Population Estimate,2023
Milford,53396,Town,0917047535,PEP,2024,Population Estimate,2024
Monroe,18827,Town,0912048620,PEP,2024,Estimate Base,2020
Monroe,18773,Town,0912048620,PEP,2024,Population Estimate,2020
Monroe,18821,Town,0912048620,PEP,2024,Population Estimate,2021
Monroe,18862,Town,0912048620,PEP,2024,Population Estimate,2022
Monroe,19021,Town,0912048620,PEP,2024,Population Estimate,2023
Monroe,19269,Town,0912048620,PEP,2024,Population Estimate,2024
Montville,18385,Town,0918048900,PEP,2024,Estimate Base,2020
Montville,18061,Town,0918048900,PEP,2024,Population Estimate,2020
Montville,18103,Town,0918048900,PEP,2024,Population Estimate,2021
Montville,17823,Town,0918048900,PEP,2024,Population Estimate,2022
Montville,17802,Town,0918048900,PEP,2024,Population Estimate,2023
Montville,17913,Town,0918048900,PEP,2024,Population Estimate,2024
Morris,2250,Town,0916049460,PEP,2024,Estimate Base,2020
Morris,2247,Town,0916049460,PEP,2024,Population Estimate,2020
Morris,2260,Town,0916049460,PEP,2024,Population Estimate,2021
Morris,2269,Town,0916049460,PEP,2024,Population Estimate,2022
Morris,2272,Town,0916049460,PEP,2024,Population Estimate,2023
Morris,2290,Town,0916049460,PEP,2024,Population Estimate,2024
Naugatuck,31581,Town,0914049950,PEP,2024,Estimate Base,2020
Naugatuck,31494,Town,0914049950,PEP,2024,Population Estimate,2020
Naugatuck,31627,Town,0914049950,PEP,2024,Population Estimate,2021
Naugatuck,31725,Town,0914049950,PEP,2024,Population Estimate,2022
Naugatuck,31947,Town,0914049950,PEP,2024,Population Estimate,2023
Naugatuck,32116,Town,0914049950,PEP,2024,Population Estimate,2024
Naugatuck Valley Planning Region,450166,Planning Region,09140,PEP,2024,Estimate Base,2020
Naugatuck Valley Planning Region,449055,Planning Region,09140,PEP,2024,Population Estimate,2020
Naugatuck Valley Planning Region,452095,Planning Region,09140,PEP,2024,Population Estimate,2021
Naugatuck Valley Planning Region,453868,Planning Region,09140,PEP,2024,Population Estimate,2022
Naugatuck Valley Planning Region,457609,Planning Region,09140,PEP,2024,Population Estimate,2023
Naugatuck Valley Planning Region,462220,Planning Region,09140,PEP,2024,Population Estimate,2024
Naugatuck Valley Planning Region,-1111,Planning Region,09140,PEP,2024,Population Change (#),2020
Naugatuck Valley Planning Region,3040,Planning Region,09140,PEP,2024,Population Change (#),2021
Naugatuck Valley Planning Region,1773,Planning Region,09140,PEP,2024,Population Change (#),2022
Naugatuck Valley Planning Region,3741,Planning Region,09140,PEP,2024,Population Change (#),2023
Naugatuck Valley Planning Region,4611,Planning Region,09140,PEP,2024,Population Change (#),2024
Naugatuck Valley Planning Region,1047,Planning Region,09140,PEP,2024,Births,2020
Naugatuck Valley Planning Region,4287,Planning Region,09140,PEP,2024,Births,2021
Naugatuck Valley Planning Region,4404,Planning Region,09140,PEP,2024,Births,2022
Naugatuck Valley Planning Region,4392,Planning Region,09140,PEP,2024,Births,2023
Naugatuck Valley Planning Region,4357,Planning Region,09140,PEP,2024,Births,2024
Naugatuck Valley Planning Region,1522,Planning Region,09140,PEP,2024,Deaths,2020
Naugatuck Valley Planning Region,4484,Planning Region,09140,PEP,2024,Deaths,2021
Naugatuck Valley Planning Region,4520,Planning Region,09140,PEP,2024,Deaths,2022
Naugatuck Valley Planning Region,4246,Planning Region,09140,PEP,2024,Deaths,2023
Naugatuck Valley Planning Region,4242,Planning Region,09140,PEP,2024,Deaths,2024
Naugatuck Valley Planning Region,-475,Planning Region,09140,PEP,2024,Natural Change,2020
Naugatuck Valley Planning Region,-197,Planning Region,09140,PEP,2024,Natural Change,2021
Naugatuck Valley Planning Region,-116,Planning Region,09140,PEP,2024,Natural Change,2022
Naugatuck Valley Planning Region,146,Planning Region,09140,PEP,2024,Natural Change,2023
Naugatuck Valley Planning Region,115,Planning Region,09140,PEP,2024,Natural Change,2024
Naugatuck Valley Planning Region,22,Planning Region,09140,PEP,2024,International Migration,2020
Naugatuck Valley Planning Region,516,Planning Region,09140,PEP,2024,International Migration,2021
Naugatuck Valley Planning Region,1999,Planning Region,09140,PEP,2024,International Migration,2022
Naugatuck Valley Planning Region,2822,Planning Region,09140,PEP,2024,International Migration,2023
Naugatuck Valley Planning Region,3410,Planning Region,09140,PEP,2024,International Migration,2024
Naugatuck Valley Planning Region,-645,Planning Region,09140,PEP,2024,Domestic Migration,2020
Naugatuck Valley Planning Region,2443,Planning Region,09140,PEP,2024,Domestic Migration,2021
Naugatuck Valley Planning Region,178,Planning Region,09140,PEP,2024,Domestic Migration,2022
Naugatuck Valley Planning Region,922,Planning Region,09140,PEP,2024,Domestic Migration,2023
Naugatuck Valley Planning Region,1102,Planning Region,09140,PEP,2024,Domestic Migration,2024
Naugatuck Valley Planning Region,-13,Planning Region,09140,PEP,2024,Residual,2020
Naugatuck Valley Planning Region,278,Planning Region,09140,PEP,2024,Residual,2021
Naugatuck Valley Planning Region,-288,Planning Region,09140,PEP,2024,Residual,2022
Naugatuck Valley Planning Region,-149,Planning Region,09140,PEP,2024,Residual,2023
Naugatuck Valley Planning Region,-16,Planning Region,09140,PEP,2024,Residual,2024
Naugatuck Valley Planning Region,6663,Planning Region,09140,PEP,2024,Group Quarters Estimates Base,2020
Naugatuck Valley Planning Region,5959,Planning Region,09140,PEP,2024,Group Quarters Estimates,2020
Naugatuck Valley Planning Region,6332,Planning Region,09140,PEP,2024,Group Quarters Estimates,2021
Naugatuck Valley Planning Region,6534,Planning Region,09140,PEP,2024,Group Quarters Estimates,2022
Naugatuck Valley Planning Region,6449,Planning Region,09140,PEP,2024,Group Quarters Estimates,2023
Naugatuck Valley Planning Region,6422,Planning Region,09140,PEP,2024,Group Quarters Estimates,2024
Naugatuck Valley Planning Region,9.514509238,Planning Region,09140,PEP,2024,Birth Rate,2021
Naugatuck Valley Planning Region,9.72225135,Planning Region,09140,PEP,2024,Birth Rate,2022
Naugatuck Valley Planning Region,9.637105489,Planning Region,09140,PEP,2024,Birth Rate,2023
Naugatuck Valley Planning Region,9.473499966,Planning Region,09140,PEP,2024,Birth Rate,2024
Naugatuck Valley Planning Region,9.951728347,Planning Region,09140,PEP,2024,Death Rate,2021
Naugatuck Valley Planning Region,9.978332449,Planning Region,09140,PEP,2024,Death Rate,2022
Naugatuck Valley Planning Region,9.316746336,Planning Region,09140,PEP,2024,Death Rate,2023
Naugatuck Valley Planning Region,9.22345349,Planning Region,09140,PEP,2024,Death Rate,2024
Naugatuck Valley Planning Region,-0.437219109,Planning Region,09140,PEP,2024,Natural Change Rate,2021
Naugatuck Valley Planning Region,-0.256081098,Planning Region,09140,PEP,2024,Natural Change Rate,2022
Naugatuck Valley Planning Region,0.320359153,Planning Region,09140,PEP,2024,Natural Change Rate,2023
Naugatuck Valley Planning Region,0.250046476,Planning Region,09140,PEP,2024,Natural Change Rate,2024
Naugatuck Valley Planning Region,1.145203351,Planning Region,09140,PEP,2024,International Migration Rate,2021
Naugatuck Valley Planning Region,4.412983753,Planning Region,09140,PEP,2024,International Migration Rate,2022
Naugatuck Valley Planning Region,6.192147471,Planning Region,09140,PEP,2024,International Migration Rate,2023
Naugatuck Valley Planning Region,7.414421594,Planning Region,09140,PEP,2024,International Migration Rate,2024
Naugatuck Valley Planning Region,5.421960828,Planning Region,09140,PEP,2024,Domestic Migration Rate,2021
Naugatuck Valley Planning Region,0.39295203,Planning Region,09140,PEP,2024,Domestic Migration Rate,2022
Naugatuck Valley Planning Region,2.023089996,Planning Region,09140,PEP,2024,Domestic Migration Rate,2023
Naugatuck Valley Planning Region,2.396097536,Planning Region,09140,PEP,2024,Domestic Migration Rate,2024
Naugatuck Valley Planning Region,373,Planning Region,09140,PEP,2024,Group Quarters Change,2021
Naugatuck Valley Planning Region,202,Planning Region,09140,PEP,2024,Group Quarters Change,2022
Naugatuck Valley Planning Region,-85,Planning Region,09140,PEP,2024,Group Quarters Change,2023
Naugatuck Valley Planning Region,-27,Planning Region,09140,PEP,2024,Group Quarters Change,2024
New Britain,74150,Town,0911050440,PEP,2024,Estimate Base,2020
New Britain,72943,Town,0911050440,PEP,2024,Population Estimate,2020
New Britain,73571,Town,0911050440,PEP,2024,Population Estimate,2021
New Britain,73773,Town,0911050440,PEP,2024,Population Estimate,2022
New Britain,74911,Town,0911050440,PEP,2024,Population Estimate,2023
New Britain,75871,Town,0911050440,PEP,2024,Population Estimate,2024
New Canaan,20608,Town,0919050580,PEP,2024,Estimate Base,2020
New Canaan,20535,Town,0919050580,PEP,2024,Population Estimate,2020
New Canaan,20802,Town,0919050580,PEP,2024,Population Estimate,2021
New Canaan,20843,Town,0919050580,PEP,2024,Population Estimate,2022
New Canaan,21023,Town,0919050580,PEP,2024,Population Estimate,2023
New Canaan,21160,Town,0919050580,PEP,2024,Population Estimate,2024
New Fairfield,13581,Town,0919050860,PEP,2024,Estimate Base,2020
New Fairfield,13531,Town,0919050860,PEP,2024,Population Estimate,2020
New Fairfield,13591,Town,0919050860,PEP,2024,Population Estimate,2021
New Fairfield,13574,Town,0919050860,PEP,2024,Population Estimate,2022
New Fairfield,13592,Town,0919050860,PEP,2024,Population Estimate,2023
New Fairfield,13651,Town,0919050860,PEP,2024,Population Estimate,2024
New Hartford,6624,Town,0916051350,PEP,2024,Estimate Base,2020
New Hartford,6614,Town,0916051350,PEP,2024,Population Estimate,2020
New Hartford,6656,Town,0916051350,PEP,2024,Population Estimate,2021
New Hartford,6670,Town,0916051350,PEP,2024,Population Estimate,2022
New Hartford,6681,Town,0916051350,PEP,2024,Population Estimate,2023
New Hartford,6710,Town,0916051350,PEP,2024,Population Estimate,2024
New Haven,133986,Town,0917052070,PEP,2024,Estimate Base,2020
New Haven,129314,Town,0917052070,PEP,2024,Population Estimate,2020
New Haven,134088,Town,0917052070,PEP,2024,Population Estimate,2021
New Haven,134684,Town,0917052070,PEP,2024,Population Estimate,2022
New Haven,136144,Town,0917052070,PEP,2024,Population Estimate,2023
New Haven,137562,Town,0917052070,PEP,2024,Population Estimate,2024
New London,27371,Town,0918052350,PEP,2024,Estimate Base,2020
New London,26789,Town,0918052350,PEP,2024,Population Estimate,2020
New London,27330,Town,0918052350,PEP,2024,Population Estimate,2021
New London,27945,Town,0918052350,PEP,2024,Population Estimate,2022
New London,28036,Town,0918052350,PEP,2024,Population Estimate,2023
New London,28081,Town,0918052350,PEP,2024,Population Estimate,2024
New Milford,28119,Town,0919052630,PEP,2024,Estimate Base,2020
New Milford,27982,Town,0919052630,PEP,2024,Population Estimate,2020
New Milford,28204,Town,0919052630,PEP,2024,Population Estimate,2021
New Milford,28322,Town,0919052630,PEP,2024,Population Estimate,2022
New Milford,28491,Town,0919052630,PEP,2024,Population Estimate,2023
New Milford,28745,Town,0919052630,PEP,2024,Population Estimate,2024
Newington,30545,Town,0911052140,PEP,2024,Estimate Base,2020
Newington,30425,Town,0911052140,PEP,2024,Population Estimate,2020
Newington,30404,Town,0911052140,PEP,2024,Population Estimate,2021
Newington,30379,Town,0911052140,PEP,2024,Population Estimate,2022
Newington,31557,Town,0911052140,PEP,2024,Population Estimate,2023
Newington,31692,Town,0911052140,PEP,2024,Population Estimate,2024
Newtown,27162,Town,0919052980,PEP,2024,Estimate Base,2020
Newtown,27037,Town,0919052980,PEP,2024,Population Estimate,2020
Newtown,27477,Town,0919052980,PEP,2024,Population Estimate,2021
Newtown,27612,Town,0919052980,PEP,2024,Population Estimate,2022
Newtown,27849,Town,0919052980,PEP,2024,Population Estimate,2023
Newtown,28029,Town,0919052980,PEP,2024,Population Estimate,2024
Norfolk,1585,Town,0916053470,PEP,2024,Estimate Base,2020
Norfolk,1582,Town,0916053470,PEP,2024,Population Estimate,2020
Norfolk,1587,Town,0916053470,PEP,2024,Population Estimate,2021
Norfolk,1595,Town,0916053470,PEP,2024,Population Estimate,2022
Norfolk,1595,Town,0916053470,PEP,2024,Population Estimate,2023
Norfolk,1601,Town,0916053470,PEP,2024,Population Estimate,2024
North Branford,13543,Town,0917053890,PEP,2024,Estimate Base,2020
North Branford,13504,Town,0917053890,PEP,2024,Population Estimate,2020
North Branford,13471,Town,0917053890,PEP,2024,Population Estimate,2021
North Branford,13484,Town,0917053890,PEP,2024,Population Estimate,2022
North Branford,13500,Town,0917053890,PEP,2024,Population Estimate,2023
North Branford,13551,Town,0917053890,PEP,2024,Population Estimate,2024
North Canaan,3206,Town,0916054030,PEP,2024,Estimate Base,2020
North Canaan,3197,Town,0916054030,PEP,2024,Population Estimate,2020
North Canaan,3214,Town,0916054030,PEP,2024,Population Estimate,2021
North Canaan,3210,Town,0916054030,PEP,2024,Population Estimate,2022
North Canaan,3211,Town,0916054030,PEP,2024,Population Estimate,2023
North Canaan,3220,Town,0916054030,PEP,2024,Population Estimate,2024
North Haven,24229,Town,0917054870,PEP,2024,Estimate Base,2020
North Haven,24129,Town,0917054870,PEP,2024,Population Estimate,2020
North Haven,24156,Town,0917054870,PEP,2024,Population Estimate,2021
North Haven,24119,Town,0917054870,PEP,2024,Population Estimate,2022
North Haven,24417,Town,0917054870,PEP,2024,Population Estimate,2023
North Haven,24844,Town,0917054870,PEP,2024,Population Estimate,2024
North Stonington,5149,Town,0918055500,PEP,2024,Estimate Base,2020
North Stonington,5140,Town,0918055500,PEP,2024,Population Estimate,2020
North Stonington,5151,Town,0918055500,PEP,2024,Population Estimate,2021
North Stonington,5150,Town,0918055500,PEP,2024,Population Estimate,2022
North Stonington,5169,Town,0918055500,PEP,2024,Population Estimate,2023
North Stonington,5197,Town,0918055500,PEP,2024,Population Estimate,2024
Northeastern Connecticut Planning Region,95344,Planning Region,09150,PEP,2024,Estimate Base,2020
Northeastern Connecticut Planning Region,95231,Planning Region,09150,PEP,2024,Population Estimate,2020
Northeastern Connecticut Planning Region,95624,Planning Region,09150,PEP,2024,Population Estimate,2021
Northeastern Connecticut Planning Region,96169,Planning Region,09150,PEP,2024,Population Estimate,2022
Northeastern Connecticut Planning Region,96834,Planning Region,09150,PEP,2024,Population Estimate,2023
Northeastern Connecticut Planning Region,97701,Planning Region,09150,PEP,2024,Population Estimate,2024
Northeastern Connecticut Planning Region,-113,Planning Region,09150,PEP,2024,Population Change (#),2020
Northeastern Connecticut Planning Region,393,Planning Region,09150,PEP,2024,Population Change (#),2021
Northeastern Connecticut Planning Region,545,Planning Region,09150,PEP,2024,Population Change (#),2022
Northeastern Connecticut Planning Region,665,Planning Region,09150,PEP,2024,Population Change (#),2023
Northeastern Connecticut Planning Region,867,Planning Region,09150,PEP,2024,Population Change (#),2024
Northeastern Connecticut Planning Region,211,Planning Region,09150,PEP,2024,Births,2020
Northeastern Connecticut Planning Region,789,Planning Region,09150,PEP,2024,Births,2021
Northeastern Connecticut Planning Region,902,Planning Region,09150,PEP,2024,Births,2022
Northeastern Connecticut Planning Region,852,Planning Region,09150,PEP,2024,Births,2023
Northeastern Connecticut Planning Region,791,Planning Region,09150,PEP,2024,Births,2024
Northeastern Connecticut Planning Region,271,Planning Region,09150,PEP,2024,Deaths,2020
Northeastern Connecticut Planning Region,1065,Planning Region,09150,PEP,2024,Deaths,2021
Northeastern Connecticut Planning Region,1109,Planning Region,09150,PEP,2024,Deaths,2022
Northeastern Connecticut Planning Region,1019,Planning Region,09150,PEP,2024,Deaths,2023
Northeastern Connecticut Planning Region,962,Planning Region,09150,PEP,2024,Deaths,2024
Northeastern Connecticut Planning Region,-60,Planning Region,09150,PEP,2024,Natural Change,2020
Northeastern Connecticut Planning Region,-276,Planning Region,09150,PEP,2024,Natural Change,2021
Northeastern Connecticut Planning Region,-207,Planning Region,09150,PEP,2024,Natural Change,2022
Northeastern Connecticut Planning Region,-167,Planning Region,09150,PEP,2024,Natural Change,2023
Northeastern Connecticut Planning Region,-171,Planning Region,09150,PEP,2024,Natural Change,2024
Northeastern Connecticut Planning Region,0,Planning Region,09150,PEP,2024,International Migration,2020
Northeastern Connecticut Planning Region,27,Planning Region,09150,PEP,2024,International Migration,2021
Northeastern Connecticut Planning Region,157,Planning Region,09150,PEP,2024,International Migration,2022
Northeastern Connecticut Planning Region,221,Planning Region,09150,PEP,2024,International Migration,2023
Northeastern Connecticut Planning Region,276,Planning Region,09150,PEP,2024,International Migration,2024
Northeastern Connecticut Planning Region,-62,Planning Region,09150,PEP,2024,Domestic Migration,2020
Northeastern Connecticut Planning Region,597,Planning Region,09150,PEP,2024,Domestic Migration,2021
Northeastern Connecticut Planning Region,630,Planning Region,09150,PEP,2024,Domestic Migration,2022
Northeastern Connecticut Planning Region,612,Planning Region,09150,PEP,2024,Domestic Migration,2023
Northeastern Connecticut Planning Region,770,Planning Region,09150,PEP,2024,Domestic Migration,2024
Northeastern Connecticut Planning Region,9,Planning Region,09150,PEP,2024,Residual,2020
Northeastern Connecticut Planning Region,45,Planning Region,09150,PEP,2024,Residual,2021
Northeastern Connecticut Planning Region,-35,Planning Region,09150,PEP,2024,Residual,2022
Northeastern Connecticut Planning Region,-1,Planning Region,09150,PEP,2024,Residual,2023
Northeastern Connecticut Planning Region,-8,Planning Region,09150,PEP,2024,Residual,2024
Northeastern Connecticut Planning Region,1774,Planning Region,09150,PEP,2024,Group Quarters Estimates Base,2020
Northeastern Connecticut Planning Region,1669,Planning Region,09150,PEP,2024,Group Quarters Estimates,2020
Northeastern Connecticut Planning Region,1600,Planning Region,09150,PEP,2024,Group Quarters Estimates,2021
Northeastern Connecticut Planning Region,1676,Planning Region,09150,PEP,2024,Group Quarters Estimates,2022
Northeastern Connecticut Planning Region,1740,Planning Region,09150,PEP,2024,Group Quarters Estimates,2023
Northeastern Connecticut Planning Region,1749,Planning Region,09150,PEP,2024,Group Quarters Estimates,2024
Northeastern Connecticut Planning Region,8.268056902,Planning Region,09150,PEP,2024,Birth Rate,2021
Northeastern Connecticut Planning Region,9.405974149,Planning Region,09150,PEP,2024,Birth Rate,2022
Northeastern Connecticut Planning Region,8.828878308,Planning Region,09150,PEP,2024,Birth Rate,2023
Northeastern Connecticut Planning Region,8.132212712,Planning Region,09150,PEP,2024,Birth Rate,2024
Northeastern Connecticut Planning Region,11.16030494,Planning Region,09150,PEP,2024,Death Rate,2021
Northeastern Connecticut Planning Region,11.56455137,Planning Region,09150,PEP,2024,Death Rate,2022
Northeastern Connecticut Planning Region,10.55942136,Planning Region,09150,PEP,2024,Death Rate,2023
Northeastern Connecticut Planning Region,9.890251112,Planning Region,09150,PEP,2024,Death Rate,2024
Northeastern Connecticut Planning Region,-2.892248042,Planning Region,09150,PEP,2024,Natural Change Rate,2021
Northeastern Connecticut Planning Region,-2.158577216,Planning Region,09150,PEP,2024,Natural Change Rate,2022
Northeastern Connecticut Planning Region,-1.730543049,Planning Region,09150,PEP,2024,Natural Change Rate,2023
Northeastern Connecticut Planning Region,-1.758038399,Planning Region,09150,PEP,2024,Natural Change Rate,2024
Northeastern Connecticut Planning Region,0.282937308,Planning Region,09150,PEP,2024,International Migration Rate,2021
Northeastern Connecticut Planning Region,1.637181753,Planning Region,09150,PEP,2024,International Migration Rate,2022
Northeastern Connecticut Planning Region,2.290119843,Planning Region,09150,PEP,2024,International Migration Rate,2023
Northeastern Connecticut Planning Region,2.837535662,Planning Region,09150,PEP,2024,International Migration Rate,2024
Northeastern Connecticut Planning Region,6.256058264,Planning Region,09150,PEP,2024,Domestic Migration Rate,2021
Northeastern Connecticut Planning Region,6.569582832,Planning Region,09150,PEP,2024,Domestic Migration Rate,2022
Northeastern Connecticut Planning Region,6.341870334,Planning Region,09150,PEP,2024,Domestic Migration Rate,2023
Northeastern Connecticut Planning Region,7.91631326,Planning Region,09150,PEP,2024,Domestic Migration Rate,2024
Northeastern Connecticut Planning Region,-69,Planning Region,09150,PEP,2024,Group Quarters Change,2021
Northeastern Connecticut Planning Region,76,Planning Region,09150,PEP,2024,Group Quarters Change,2022
Northeastern Connecticut Planning Region,64,Planning Region,09150,PEP,2024,Group Quarters Change,2023
Northeastern Connecticut Planning Region,9,Planning Region,09150,PEP,2024,Group Quarters Change,2024
Northwest Hills Planning Region,112456,Planning Region,09160,PEP,2024,Estimate Base,2020
Northwest Hills Planning Region,112199,Planning Region,09160,PEP,2024,Population Estimate,2020
Northwest Hills Planning Region,112952,Planning Region,09160,PEP,2024,Population Estimate,2021
Northwest Hills Planning Region,113289,Planning Region,09160,PEP,2024,Population Estimate,2022
Northwest Hills Planning Region,113538,Planning Region,09160,PEP,2024,Population Estimate,2023
Northwest Hills Planning Region,114101,Planning Region,09160,PEP,2024,Population Estimate,2024
Northwest Hills Planning Region,-257,Planning Region,09160,PEP,2024,Population Change (#),2020
Northwest Hills Planning Region,753,Planning Region,09160,PEP,2024,Population Change (#),2021
Northwest Hills Planning Region,337,Planning Region,09160,PEP,2024,Population Change (#),2022
Northwest Hills Planning Region,249,Planning Region,09160,PEP,2024,Population Change (#),2023
Northwest Hills Planning Region,563,Planning Region,09160,PEP,2024,Population Change (#),2024
Northwest Hills Planning Region,219,Planning Region,09160,PEP,2024,Births,2020
Northwest Hills Planning Region,874,Planning Region,09160,PEP,2024,Births,2021
Northwest Hills Planning Region,915,Planning Region,09160,PEP,2024,Births,2022
Northwest Hills Planning Region,919,Planning Region,09160,PEP,2024,Births,2023
Northwest Hills Planning Region,901,Planning Region,09160,PEP,2024,Births,2024
Northwest Hills Planning Region,402,Planning Region,09160,PEP,2024,Deaths,2020
Northwest Hills Planning Region,1225,Planning Region,09160,PEP,2024,Deaths,2021
Northwest Hills Planning Region,1285,Planning Region,09160,PEP,2024,Deaths,2022
Northwest Hills Planning Region,1153,Planning Region,09160,PEP,2024,Deaths,2023
Northwest Hills Planning Region,1125,Planning Region,09160,PEP,2024,Deaths,2024
Northwest Hills Planning Region,-183,Planning Region,09160,PEP,2024,Natural Change,2020
Northwest Hills Planning Region,-351,Planning Region,09160,PEP,2024,Natural Change,2021
Northwest Hills Planning Region,-370,Planning Region,09160,PEP,2024,Natural Change,2022
Northwest Hills Planning Region,-234,Planning Region,09160,PEP,2024,Natural Change,2023
Northwest Hills Planning Region,-224,Planning Region,09160,PEP,2024,Natural Change,2024
Northwest Hills Planning Region,0,Planning Region,09160,PEP,2024,International Migration,2020
Northwest Hills Planning Region,70,Planning Region,09160,PEP,2024,International Migration,2021
Northwest Hills Planning Region,318,Planning Region,09160,PEP,2024,International Migration,2022
Northwest Hills Planning Region,276,Planning Region,09160,PEP,2024,International Migration,2023
Northwest Hills Planning Region,329,Planning Region,09160,PEP,2024,International Migration,2024
Northwest Hills Planning Region,-87,Planning Region,09160,PEP,2024,Domestic Migration,2020
Northwest Hills Planning Region,991,Planning Region,09160,PEP,2024,Domestic Migration,2021
Northwest Hills Planning Region,479,Planning Region,09160,PEP,2024,Domestic Migration,2022
Northwest Hills Planning Region,246,Planning Region,09160,PEP,2024,Domestic Migration,2023
Northwest Hills Planning Region,472,Planning Region,09160,PEP,2024,Domestic Migration,2024
Northwest Hills Planning Region,13,Planning Region,09160,PEP,2024,Residual,2020
Northwest Hills Planning Region,43,Planning Region,09160,PEP,2024,Residual,2021
Northwest Hills Planning Region,-90,Planning Region,09160,PEP,2024,Residual,2022
Northwest Hills Planning Region,-39,Planning Region,09160,PEP,2024,Residual,2023
Northwest Hills Planning Region,-14,Planning Region,09160,PEP,2024,Residual,2024
Northwest Hills Planning Region,2340,Planning Region,09160,PEP,2024,Group Quarters Estimates Base,2020
Northwest Hills Planning Region,2271,Planning Region,09160,PEP,2024,Group Quarters Estimates,2020
Northwest Hills Planning Region,2339,Planning Region,09160,PEP,2024,Group Quarters Estimates,2021
Northwest Hills Planning Region,2350,Planning Region,09160,PEP,2024,Group Quarters Estimates,2022
Northwest Hills Planning Region,2349,Planning Region,09160,PEP,2024,Group Quarters Estimates,2023
Northwest Hills Planning Region,2354,Planning Region,09160,PEP,2024,Group Quarters Estimates,2024
Northwest Hills Planning Region,7.763678598,Planning Region,09160,PEP,2024,Birth Rate,2021
Northwest Hills Planning Region,8.088719551,Planning Region,09160,PEP,2024,Birth Rate,2022
Northwest Hills Planning Region,8.103091784,Planning Region,09160,PEP,2024,Birth Rate,2023
Northwest Hills Planning Region,7.916042506,Planning Region,09160,PEP,2024,Birth Rate,2024
Northwest Hills Planning Region,10.88158614,Planning Region,09160,PEP,2024,Death Rate,2021
Northwest Hills Planning Region,11.35956789,Planning Region,09160,PEP,2024,Death Rate,2022
Northwest Hills Planning Region,10.16633822,Planning Region,09160,PEP,2024,Death Rate,2023
Northwest Hills Planning Region,9.884070831,Planning Region,09160,PEP,2024,Death Rate,2024
Northwest Hills Planning Region,-3.117907538,Planning Region,09160,PEP,2024,Natural Change Rate,2021
Northwest Hills Planning Region,-3.270848343,Planning Region,09160,PEP,2024,Natural Change Rate,2022
Northwest Hills Planning Region,-2.063246439,Planning Region,09160,PEP,2024,Natural Change Rate,2023
Northwest Hills Planning Region,-1.968028326,Planning Region,09160,PEP,2024,Natural Change Rate,2024
Northwest Hills Planning Region,0.621804922,Planning Region,09160,PEP,2024,International Migration Rate,2021
Northwest Hills Planning Region,2.811161549,Planning Region,09160,PEP,2024,International Migration Rate,2022
Northwest Hills Planning Region,2.433572723,Planning Region,09160,PEP,2024,International Migration Rate,2023
Northwest Hills Planning Region,2.890541603,Planning Region,09160,PEP,2024,International Migration Rate,2024
Northwest Hills Planning Region,8.802981111,Planning Region,09160,PEP,2024,Domestic Migration Rate,2021
Northwest Hills Planning Region,4.234422585,Planning Region,09160,PEP,2024,Domestic Migration Rate,2022
Northwest Hills Planning Region,2.169053949,Planning Region,09160,PEP,2024,Domestic Migration Rate,2023
Northwest Hills Planning Region,4.146916829,Planning Region,09160,PEP,2024,Domestic Migration Rate,2024
Northwest Hills Planning Region,68,Planning Region,09160,PEP,2024,Group Quarters Change,2021
Northwest Hills Planning Region,11,Planning Region,09160,PEP,2024,Group Quarters Change,2022
Northwest Hills Planning Region,-1,Planning Region,09160,PEP,2024,Group Quarters Change,2023
Northwest Hills Planning Region,5,Planning Region,09160,PEP,2024,Group Quarters Change,2024
Norwalk,91188,Town,0919056060,PEP,2024,Estimate Base,2020
Norwalk,90897,Town,0919056060,PEP,2024,Population Estimate,2020
Norwalk,91448,Town,0919056060,PEP,2024,Population Estimate,2021
Norwalk,91653,Town,0919056060,PEP,2024,Population Estimate,2022
Norwalk,93182,Town,0919056060,PEP,2024,Population Estimate,2023
Norwalk,93661,Town,0919056060,PEP,2024,Population Estimate,2024
Norwich,40126,Town,0918056270,PEP,2024,Estimate Base,2020
Norwich,40018,Town,0918056270,PEP,2024,Population Estimate,2020
Norwich,40045,Town,0918056270,PEP,2024,Population Estimate,2021
Norwich,39864,Town,0918056270,PEP,2024,Population Estimate,2022
Norwich,39908,Town,0918056270,PEP,2024,Population Estimate,2023
Norwich,39993,Town,0918056270,PEP,2024,Population Estimate,2024
Old Lyme,7619,Town,0913057040,PEP,2024,Estimate Base,2020
Old Lyme,7604,Town,0913057040,PEP,2024,Population Estimate,2020
Old Lyme,7667,Town,0913057040,PEP,2024,Population Estimate,2021
Old Lyme,7690,Town,0913057040,PEP,2024,Population Estimate,2022
Old Lyme,7709,Town,0913057040,PEP,2024,Population Estimate,2023
Old Lyme,7721,Town,0913057040,PEP,2024,Population Estimate,2024
Old Saybrook,10486,Town,0913057320,PEP,2024,Estimate Base,2020
Old Saybrook,10468,Town,0913057320,PEP,2024,Population Estimate,2020
Old Saybrook,10516,Town,0913057320,PEP,2024,Population Estimate,2021
Old Saybrook,10580,Town,0913057320,PEP,2024,Population Estimate,2022
Old Saybrook,10622,Town,0913057320,PEP,2024,Population Estimate,2023
Old Saybrook,10689,Town,0913057320,PEP,2024,Population Estimate,2024
Orange,14265,Town,0917057600,PEP,2024,Estimate Base,2020
Orange,14229,Town,0917057600,PEP,2024,Population Estimate,2020
Orange,14236,Town,0917057600,PEP,2024,Population Estimate,2021
Orange,14270,Town,0917057600,PEP,2024,Population Estimate,2022
Orange,14400,Town,0917057600,PEP,2024,Population Estimate,2023
Orange,14431,Town,0917057600,PEP,2024,Population Estimate,2024
Oxford,12707,Town,0914058300,PEP,2024,Estimate Base,2020
Oxford,12711,Town,0914058300,PEP,2024,Population Estimate,2020
Oxford,12852,Town,0914058300,PEP,2024,Population Estimate,2021
Oxford,12961,Town,0914058300,PEP,2024,Population Estimate,2022
Oxford,13174,Town,0914058300,PEP,2024,Population Estimate,2023
Oxford,13264,Town,0914058300,PEP,2024,Population Estimate,2024
Plainfield,14979,Town,0915059980,PEP,2024,Estimate Base,2020
Plainfield,14974,Town,0915059980,PEP,2024,Population Estimate,2020
Plainfield,15032,Town,0915059980,PEP,2024,Population Estimate,2021
Plainfield,15142,Town,0915059980,PEP,2024,Population Estimate,2022
Plainfield,15216,Town,0915059980,PEP,2024,Population Estimate,2023
Plainfield,15315,Town,0915059980,PEP,2024,Population Estimate,2024
Plainville,17530,Town,0911060120,PEP,2024,Estimate Base,2020
Plainville,17457,Town,0911060120,PEP,2024,Population Estimate,2020
Plainville,17473,Town,0911060120,PEP,2024,Population Estimate,2021
Plainville,17484,Town,0911060120,PEP,2024,Population Estimate,2022
Plainville,17602,Town,0911060120,PEP,2024,Population Estimate,2023
Plainville,17757,Town,0911060120,PEP,2024,Population Estimate,2024
Plymouth,11664,Town,0914060750,PEP,2024,Estimate Base,2020
Plymouth,11652,Town,0914060750,PEP,2024,Population Estimate,2020
Plymouth,11701,Town,0914060750,PEP,2024,Population Estimate,2021
Plymouth,11731,Town,0914060750,PEP,2024,Population Estimate,2022
Plymouth,11813,Town,0914060750,PEP,2024,Population Estimate,2023
Plymouth,11879,Town,0914060750,PEP,2024,Population Estimate,2024
Pomfret,4267,Town,0915061030,PEP,2024,Estimate Base,2020
Pomfret,4266,Town,0915061030,PEP,2024,Population Estimate,2020
Pomfret,4284,Town,0915061030,PEP,2024,Population Estimate,2021
Pomfret,4303,Town,0915061030,PEP,2024,Population Estimate,2022
Pomfret,4322,Town,0915061030,PEP,2024,Population Estimate,2023
Pomfret,4355,Town,0915061030,PEP,2024,Population Estimate,2024
Portland,9379,Town,0913061800,PEP,2024,Estimate Base,2020
Portland,9361,Town,0913061800,PEP,2024,Population Estimate,2020
Portland,9427,Town,0913061800,PEP,2024,Population Estimate,2021
Portland,9441,Town,0913061800,PEP,2024,Population Estimate,2022
Portland,9453,Town,0913061800,PEP,2024,Population Estimate,2023
Portland,9478,Town,0913061800,PEP,2024,Population Estimate,2024
Preston,4794,Town,0918062150,PEP,2024,Estimate Base,2020
Preston,4786,Town,0918062150,PEP,2024,Population Estimate,2020
Preston,4817,Town,0918062150,PEP,2024,Population Estimate,2021
Preston,4819,Town,0918062150,PEP,2024,Population Estimate,2022
Preston,4830,Town,0918062150,PEP,2024,Population Estimate,2023
Preston,4855,Town,0918062150,PEP,2024,Population Estimate,2024
Prospect,9359,Town,0914062290,PEP,2024,Estimate Base,2020
Prospect,9374,Town,0914062290,PEP,2024,Population Estimate,2020
Prospect,9417,Town,0914062290,PEP,2024,Population Estimate,2021
Prospect,9451,Town,0914062290,PEP,2024,Population Estimate,2022
Prospect,9517,Town,0914062290,PEP,2024,Population Estimate,2023
Prospect,9573,Town,0914062290,PEP,2024,Population Estimate,2024
Putnam,9229,Town,0915062710,PEP,2024,Estimate Base,2020
Putnam,9218,Town,0915062710,PEP,2024,Population Estimate,2020
Putnam,9244,Town,0915062710,PEP,2024,Population Estimate,2021
Putnam,9296,Town,0915062710,PEP,2024,Population Estimate,2022
Putnam,9330,Town,0915062710,PEP,2024,Population Estimate,2023
Putnam,9407,Town,0915062710,PEP,2024,Population Estimate,2024
Redding,8765,Town,0919063480,PEP,2024,Estimate Base,2020
Redding,8732,Town,0919063480,PEP,2024,Population Estimate,2020
Redding,8770,Town,0919063480,PEP,2024,Population Estimate,2021
Redding,8757,Town,0919063480,PEP,2024,Population Estimate,2022
Redding,8787,Town,0919063480,PEP,2024,Population Estimate,2023
Redding,8830,Town,0919063480,PEP,2024,Population Estimate,2024
Ridgefield,25038,Town,0919063970,PEP,2024,Estimate Base,2020
Ridgefield,24955,Town,0919063970,PEP,2024,Population Estimate,2020
Ridgefield,25074,Town,0919063970,PEP,2024,Population Estimate,2021
Ridgefield,25070,Town,0919063970,PEP,2024,Population Estimate,2022
Ridgefield,25130,Town,0919063970,PEP,2024,Population Estimate,2023
Ridgefield,25300,Town,0919063970,PEP,2024,Population Estimate,2024
Rocky Hill,20838,Town,0911065370,PEP,2024,Estimate Base,2020
Rocky Hill,20755,Town,0911065370,PEP,2024,Population Estimate,2020
Rocky Hill,20718,Town,0911065370,PEP,2024,Population Estimate,2021
Rocky Hill,20747,Town,0911065370,PEP,2024,Population Estimate,2022
Rocky Hill,20830,Town,0911065370,PEP,2024,Population Estimate,2023
Rocky Hill,21373,Town,0911065370,PEP,2024,Population Estimate,2024
Roxbury,2256,Town,0916065930,PEP,2024,Estimate Base,2020
Roxbury,2253,Town,0916065930,PEP,2024,Population Estimate,2020
Roxbury,2271,Town,0916065930,PEP,2024,Population Estimate,2021
Roxbury,2280,Town,0916065930,PEP,2024,Population Estimate,2022
Roxbury,2297,Town,0916065930,PEP,2024,Population Estimate,2023
Roxbury,2310,Town,0916065930,PEP,2024,Population Estimate,2024
Salem,4204,Town,0918066210,PEP,2024,Estimate Base,2020
Salem,4198,Town,0918066210,PEP,2024,Population Estimate,2020
Salem,4207,Town,0918066210,PEP,2024,Population Estimate,2021
Salem,4303,Town,0918066210,PEP,2024,Population Estimate,2022
Salem,4316,Town,0918066210,PEP,2024,Population Estimate,2023
Salem,4326,Town,0918066210,PEP,2024,Population Estimate,2024
Salisbury,4199,Town,0916066420,PEP,2024,Estimate Base,2020
Salisbury,4189,Town,0916066420,PEP,2024,Population Estimate,2020
Salisbury,4218,Town,0916066420,PEP,2024,Population Estimate,2021
Salisbury,4231,Town,0916066420,PEP,2024,Population Estimate,2022
Salisbury,4248,Town,0916066420,PEP,2024,Population Estimate,2023
Salisbury,4279,Town,0916066420,PEP,2024,Population Estimate,2024
Scotland,1573,Town,0915067400,PEP,2024,Estimate Base,2020
Scotland,1572,Town,0915067400,PEP,2024,Population Estimate,2020
Scotland,1575,Town,0915067400,PEP,2024,Population Estimate,2021
Scotland,1577,Town,0915067400,PEP,2024,Population Estimate,2022
Scotland,1581,Town,0915067400,PEP,2024,Population Estimate,2023
Scotland,1598,Town,0915067400,PEP,2024,Population Estimate,2024
Seymour,16752,Town,0914067610,PEP,2024,Estimate Base,2020
Seymour,16711,Town,0914067610,PEP,2024,Population Estimate,2020
Seymour,16777,Town,0914067610,PEP,2024,Population Estimate,2021
Seymour,16817,Town,0914067610,PEP,2024,Population Estimate,2022
Seymour,17014,Town,0914067610,PEP,2024,Population Estimate,2023
Seymour,17139,Town,0914067610,PEP,2024,Population Estimate,2024
Sharon,2681,Town,0916067960,PEP,2024,Estimate Base,2020
Sharon,2678,Town,0916067960,PEP,2024,Population Estimate,2020
Sharon,2714,Town,0916067960,PEP,2024,Population Estimate,2021
Sharon,2733,Town,0916067960,PEP,2024,Population Estimate,2022
Sharon,2744,Town,0916067960,PEP,2024,Population Estimate,2023
Sharon,2755,Town,0916067960,PEP,2024,Population Estimate,2024
Shelton,40880,Town,0914068170,PEP,2024,Estimate Base,2020
Shelton,40762,Town,0914068170,PEP,2024,Population Estimate,2020
Shelton,41610,Town,0914068170,PEP,2024,Population Estimate,2021
Shelton,41870,Town,0914068170,PEP,2024,Population Estimate,2022
Shelton,42288,Town,0914068170,PEP,2024,Population Estimate,2023
Shelton,42805,Town,0914068170,PEP,2024,Population Estimate,2024
Sherman,3527,Town,0919068310,PEP,2024,Estimate Base,2020
Sherman,3515,Town,0919068310,PEP,2024,Population Estimate,2020
Sherman,3535,Town,0919068310,PEP,2024,Population Estimate,2021
Sherman,3548,Town,0919068310,PEP,2024,Population Estimate,2022
Sherman,3561,Town,0919068310,PEP,2024,Population Estimate,2023
Sherman,3601,Town,0919068310,PEP,2024,Population Estimate,2024
Simsbury,24523,Town,0911068940,PEP,2024,Estimate Base,2020
Simsbury,24499,Town,0911068940,PEP,2024,Population Estimate,2020
Simsbury,25019,Town,0911068940,PEP,2024,Population Estimate,2021
Simsbury,25150,Town,0911068940,PEP,2024,Population Estimate,2022
Simsbury,25247,Town,0911068940,PEP,2024,Population Estimate,2023
Simsbury,25353,Town,0911068940,PEP,2024,Population Estimate,2024
Somers,10258,Town,0911069220,PEP,2024,Estimate Base,2020
Somers,10080,Town,0911069220,PEP,2024,Population Estimate,2020
Somers,9948,Town,0911069220,PEP,2024,Population Estimate,2021
Somers,9851,Town,0911069220,PEP,2024,Population Estimate,2022
Somers,10769,Town,0911069220,PEP,2024,Population Estimate,2023
Somers,10905,Town,0911069220,PEP,2024,Population Estimate,2024
South Central Connecticut Planning Region,570732,Planning Region,09170,PEP,2024,Estimate Base,2020
South Central Connecticut Planning Region,564526,Planning Region,09170,PEP,2024,Population Estimate,2020
South Central Connecticut Planning Region,568961,Planning Region,09170,PEP,2024,Population Estimate,2021
South Central Connecticut Planning Region,569866,Planning Region,09170,PEP,2024,Population Estimate,2022
South Central Connecticut Planning Region,572919,Planning Region,09170,PEP,2024,Population Estimate,2023
South Central Connecticut Planning Region,576718,Planning Region,09170,PEP,2024,Population Estimate,2024
South Central Connecticut Planning Region,-6206,Planning Region,09170,PEP,2024,Population Change (#),2020
South Central Connecticut Planning Region,4435,Planning Region,09170,PEP,2024,Population Change (#),2021
South Central Connecticut Planning Region,905,Planning Region,09170,PEP,2024,Population Change (#),2022
South Central Connecticut Planning Region,3053,Planning Region,09170,PEP,2024,Population Change (#),2023
South Central Connecticut Planning Region,3799,Planning Region,09170,PEP,2024,Population Change (#),2024
South Central Connecticut Planning Region,1345,Planning Region,09170,PEP,2024,Births,2020
South Central Connecticut Planning Region,5574,Planning Region,09170,PEP,2024,Births,2021
South Central Connecticut Planning Region,5675,Planning Region,09170,PEP,2024,Births,2022
South Central Connecticut Planning Region,5666,Planning Region,09170,PEP,2024,Births,2023
South Central Connecticut Planning Region,5641,Planning Region,09170,PEP,2024,Births,2024
South Central Connecticut Planning Region,2022,Planning Region,09170,PEP,2024,Deaths,2020
South Central Connecticut Planning Region,5869,Planning Region,09170,PEP,2024,Deaths,2021
South Central Connecticut Planning Region,5823,Planning Region,09170,PEP,2024,Deaths,2022
South Central Connecticut Planning Region,5496,Planning Region,09170,PEP,2024,Deaths,2023
South Central Connecticut Planning Region,5375,Planning Region,09170,PEP,2024,Deaths,2024
South Central Connecticut Planning Region,-677,Planning Region,09170,PEP,2024,Natural Change,2020
South Central Connecticut Planning Region,-295,Planning Region,09170,PEP,2024,Natural Change,2021
South Central Connecticut Planning Region,-148,Planning Region,09170,PEP,2024,Natural Change,2022
South Central Connecticut Planning Region,170,Planning Region,09170,PEP,2024,Natural Change,2023
South Central Connecticut Planning Region,266,Planning Region,09170,PEP,2024,Natural Change,2024
South Central Connecticut Planning Region,70,Planning Region,09170,PEP,2024,International Migration,2020
South Central Connecticut Planning Region,1001,Planning Region,09170,PEP,2024,International Migration,2021
South Central Connecticut Planning Region,3323,Planning Region,09170,PEP,2024,International Migration,2022
South Central Connecticut Planning Region,4429,Planning Region,09170,PEP,2024,International Migration,2023
South Central Connecticut Planning Region,5328,Planning Region,09170,PEP,2024,International Migration,2024
South Central Connecticut Planning Region,-4600,Planning Region,09170,PEP,2024,Domestic Migration,2020
South Central Connecticut Planning Region,3533,Planning Region,09170,PEP,2024,Domestic Migration,2021
South Central Connecticut Planning Region,-2015,Planning Region,09170,PEP,2024,Domestic Migration,2022
South Central Connecticut Planning Region,-1423,Planning Region,09170,PEP,2024,Domestic Migration,2023
South Central Connecticut Planning Region,-1802,Planning Region,09170,PEP,2024,Domestic Migration,2024
South Central Connecticut Planning Region,-999,Planning Region,09170,PEP,2024,Residual,2020
South Central Connecticut Planning Region,196,Planning Region,09170,PEP,2024,Residual,2021
South Central Connecticut Planning Region,-255,Planning Region,09170,PEP,2024,Residual,2022
South Central Connecticut Planning Region,-123,Planning Region,09170,PEP,2024,Residual,2023
South Central Connecticut Planning Region,7,Planning Region,09170,PEP,2024,Residual,2024
South Central Connecticut Planning Region,23892,Planning Region,09170,PEP,2024,Group Quarters Estimates Base,2020
South Central Connecticut Planning Region,18851,Planning Region,09170,PEP,2024,Group Quarters Estimates,2020
South Central Connecticut Planning Region,22328,Planning Region,09170,PEP,2024,Group Quarters Estimates,2021
South Central Connecticut Planning Region,22949,Planning Region,09170,PEP,2024,Group Quarters Estimates,2022
South Central Connecticut Planning Region,24244,Planning Region,09170,PEP,2024,Group Quarters Estimates,2023
South Central Connecticut Planning Region,24276,Planning Region,09170,PEP,2024,Group Quarters Estimates,2024
South Central Connecticut Planning Region,9.835137059,Planning Region,09170,PEP,2024,Birth Rate,2021
South Central Connecticut Planning Region,9.966395247,Planning Region,09170,PEP,2024,Birth Rate,2022
South Central Connecticut Planning Region,9.916125956,Planning Region,09170,PEP,2024,Birth Rate,2023
South Central Connecticut Planning Region,9.813532446,Planning Region,09170,PEP,2024,Birth Rate,2024
South Central Connecticut Planning Region,10.35565472,Planning Region,09170,PEP,2024,Death Rate,2021
South Central Connecticut Planning Region,10.22631181,Planning Region,09170,PEP,2024,Death Rate,2022
South Central Connecticut Planning Region,9.618607175,Planning Region,09170,PEP,2024,Death Rate,2023
South Central Connecticut Planning Region,9.35077768,Planning Region,09170,PEP,2024,Death Rate,2024
South Central Connecticut Planning Region,-0.520517659,Planning Region,09170,PEP,2024,Natural Change Rate,2021
South Central Connecticut Planning Region,-0.259916563,Planning Region,09170,PEP,2024,Natural Change Rate,2022
South Central Connecticut Planning Region,0.297518781,Planning Region,09170,PEP,2024,Natural Change Rate,2023
South Central Connecticut Planning Region,0.462754765,Planning Region,09170,PEP,2024,Natural Change Rate,2024
South Central Connecticut Planning Region,1.766231108,Planning Region,09170,PEP,2024,International Migration Rate,2021
South Central Connecticut Planning Region,5.835829323,Planning Region,09170,PEP,2024,International Migration Rate,2022
South Central Connecticut Planning Region,7.751239297,Planning Region,09170,PEP,2024,International Migration Rate,2023
South Central Connecticut Planning Region,9.269012741,Planning Region,09170,PEP,2024,International Migration Rate,2024
South Central Connecticut Planning Region,6.233860644,Planning Region,09170,PEP,2024,Domestic Migration Rate,2021
South Central Connecticut Planning Region,-3.538728885,Planning Region,09170,PEP,2024,Domestic Migration Rate,2022
South Central Connecticut Planning Region,-2.490407207,Planning Region,09170,PEP,2024,Domestic Migration Rate,2023
South Central Connecticut Planning Region,-3.134902582,Planning Region,09170,PEP,2024,Domestic Migration Rate,2024
South Central Connecticut Planning Region,3477,Planning Region,09170,PEP,2024,Group Quarters Change,2021
South Central Connecticut Planning Region,621,Planning Region,09170,PEP,2024,Group Quarters Change,2022
South Central Connecticut Planning Region,1295,Planning Region,09170,PEP,2024,Group Quarters Change,2023
South Central Connecticut Planning Region,32,Planning Region,09170,PEP,2024,Group Quarters Change,2024
South Windsor,26918,Town,0911071390,PEP,2024,Estimate Base,2020
South Windsor,26868,Town,0911071390,PEP,2024,Population Estimate,2020
South Windsor,26857,Town,0911071390,PEP,2024,Population Estimate,2021
South Windsor,26838,Town,0911071390,PEP,2024,Population Estimate,2022
South Windsor,26917,Town,0911071390,PEP,2024,Population Estimate,2023
South Windsor,27062,Town,0911071390,PEP,2024,Population Estimate,2024
Southbury,19874,Town,0914069640,PEP,2024,Estimate Base,2020
Southbury,19863,Town,0914069640,PEP,2024,Population Estimate,2020
Southbury,19934,Town,0914069640,PEP,2024,Population Estimate,2021
Southbury,20015,Town,0914069640,PEP,2024,Population Estimate,2022
Southbury,20201,Town,0914069640,PEP,2024,Population Estimate,2023
Southbury,20342,Town,0914069640,PEP,2024,Population Estimate,2024
Southeastern Connecticut Planning Region,280432,Planning Region,09180,PEP,2024,Estimate Base,2020
Southeastern Connecticut Planning Region,278379,Planning Region,09180,PEP,2024,Population Estimate,2020
Southeastern Connecticut Planning Region,278855,Planning Region,09180,PEP,2024,Population Estimate,2021
Southeastern Connecticut Planning Region,279398,Planning Region,09180,PEP,2024,Population Estimate,2022
Southeastern Connecticut Planning Region,280622,Planning Region,09180,PEP,2024,Population Estimate,2023
Southeastern Connecticut Planning Region,282602,Planning Region,09180,PEP,2024,Population Estimate,2024
Southeastern Connecticut Planning Region,-2053,Planning Region,09180,PEP,2024,Population Change (#),2020
Southeastern Connecticut Planning Region,476,Planning Region,09180,PEP,2024,Population Change (#),2021
Southeastern Connecticut Planning Region,543,Planning Region,09180,PEP,2024,Population Change (#),2022
Southeastern Connecticut Planning Region,1224,Planning Region,09180,PEP,2024,Population Change (#),2023
Southeastern Connecticut Planning Region,1980,Planning Region,09180,PEP,2024,Population Change (#),2024
Southeastern Connecticut Planning Region,619,Planning Region,09180,PEP,2024,Births,2020
Southeastern Connecticut Planning Region,2483,Planning Region,09180,PEP,2024,Births,2021
Southeastern Connecticut Planning Region,2732,Planning Region,09180,PEP,2024,Births,2022
Southeastern Connecticut Planning Region,2648,Planning Region,09180,PEP,2024,Births,2023
Southeastern Connecticut Planning Region,2559,Planning Region,09180,PEP,2024,Births,2024
Southeastern Connecticut Planning Region,793,Planning Region,09180,PEP,2024,Deaths,2020
Southeastern Connecticut Planning Region,3087,Planning Region,09180,PEP,2024,Deaths,2021
Southeastern Connecticut Planning Region,3116,Planning Region,09180,PEP,2024,Deaths,2022
Southeastern Connecticut Planning Region,2952,Planning Region,09180,PEP,2024,Deaths,2023
Southeastern Connecticut Planning Region,2870,Planning Region,09180,PEP,2024,Deaths,2024
Southeastern Connecticut Planning Region,-174,Planning Region,09180,PEP,2024,Natural Change,2020
Southeastern Connecticut Planning Region,-604,Planning Region,09180,PEP,2024,Natural Change,2021
Southeastern Connecticut Planning Region,-384,Planning Region,09180,PEP,2024,Natural Change,2022
Southeastern Connecticut Planning Region,-304,Planning Region,09180,PEP,2024,Natural Change,2023
Southeastern Connecticut Planning Region,-311,Planning Region,09180,PEP,2024,Natural Change,2024
Southeastern Connecticut Planning Region,15,Planning Region,09180,PEP,2024,International Migration,2020
Southeastern Connecticut Planning Region,338,Planning Region,09180,PEP,2024,International Migration,2021
Southeastern Connecticut Planning Region,832,Planning Region,09180,PEP,2024,International Migration,2022
Southeastern Connecticut Planning Region,1172,Planning Region,09180,PEP,2024,International Migration,2023
Southeastern Connecticut Planning Region,1388,Planning Region,09180,PEP,2024,International Migration,2024
Southeastern Connecticut Planning Region,-1585,Planning Region,09180,PEP,2024,Domestic Migration,2020
Southeastern Connecticut Planning Region,519,Planning Region,09180,PEP,2024,Domestic Migration,2021
Southeastern Connecticut Planning Region,286,Planning Region,09180,PEP,2024,Domestic Migration,2022
Southeastern Connecticut Planning Region,410,Planning Region,09180,PEP,2024,Domestic Migration,2023
Southeastern Connecticut Planning Region,888,Planning Region,09180,PEP,2024,Domestic Migration,2024
Southeastern Connecticut Planning Region,-309,Planning Region,09180,PEP,2024,Residual,2020
Southeastern Connecticut Planning Region,223,Planning Region,09180,PEP,2024,Residual,2021
Southeastern Connecticut Planning Region,-191,Planning Region,09180,PEP,2024,Residual,2022
Southeastern Connecticut Planning Region,-54,Planning Region,09180,PEP,2024,Residual,2023
Southeastern Connecticut Planning Region,15,Planning Region,09180,PEP,2024,Residual,2024
Southeastern Connecticut Planning Region,12279,Planning Region,09180,PEP,2024,Group Quarters Estimates Base,2020
Southeastern Connecticut Planning Region,10634,Planning Region,09180,PEP,2024,Group Quarters Estimates,2020
Southeastern Connecticut Planning Region,10753,Planning Region,09180,PEP,2024,Group Quarters Estimates,2021
Southeastern Connecticut Planning Region,11133,Planning Region,09180,PEP,2024,Group Quarters Estimates,2022
Southeastern Connecticut Planning Region,11495,Planning Region,09180,PEP,2024,Group Quarters Estimates,2023
Southeastern Connecticut Planning Region,11592,Planning Region,09180,PEP,2024,Group Quarters Estimates,2024
Southeastern Connecticut Planning Region,8.911875442,Planning Region,09180,PEP,2024,Birth Rate,2021
Southeastern Connecticut Planning Region,9.787676914,Planning Region,09180,PEP,2024,Birth Rate,2022
Southeastern Connecticut Planning Region,9.456805114,Planning Region,09180,PEP,2024,Birth Rate,2023
Southeastern Connecticut Planning Region,9.086970726,Planning Region,09180,PEP,2024,Birth Rate,2024
Southeastern Connecticut Planning Region,11.07972593,Planning Region,09180,PEP,2024,Death Rate,2021
Southeastern Connecticut Planning Region,11.16339724,Planning Region,09180,PEP,2024,Death Rate,2022
Southeastern Connecticut Planning Region,10.54248063,Planning Region,09180,PEP,2024,Death Rate,2023
Southeastern Connecticut Planning Region,10.19132707,Planning Region,09180,PEP,2024,Death Rate,2024
Southeastern Connecticut Planning Region,-2.16785049,Planning Region,09180,PEP,2024,Natural Change Rate,2021
Southeastern Connecticut Planning Region,-1.375720328,Planning Region,09180,PEP,2024,Natural Change Rate,2022
Southeastern Connecticut Planning Region,-1.085675512,Planning Region,09180,PEP,2024,Natural Change Rate,2023
Southeastern Connecticut Planning Region,-1.104356348,Planning Region,09180,PEP,2024,Natural Change Rate,2024
Southeastern Connecticut Planning Region,1.213134877,Planning Region,09180,PEP,2024,International Migration Rate,2021
Southeastern Connecticut Planning Region,2.980727376,Planning Region,09180,PEP,2024,International Migration Rate,2022
Southeastern Connecticut Planning Region,4.185564801,Planning Region,09180,PEP,2024,International Migration Rate,2023
Southeastern Connecticut Planning Region,4.92876724,Planning Region,09180,PEP,2024,International Migration Rate,2024
Southeastern Connecticut Planning Region,1.862772193,Planning Region,09180,PEP,2024,Domestic Migration Rate,2021
Southeastern Connecticut Planning Region,1.024625036,Planning Region,09180,PEP,2024,Domestic Migration Rate,2022
Southeastern Connecticut Planning Region,1.46423342,Planning Region,09180,PEP,2024,Domestic Migration Rate,2023
Southeastern Connecticut Planning Region,3.153274718,Planning Region,09180,PEP,2024,Domestic Migration Rate,2024
Southeastern Connecticut Planning Region,119,Planning Region,09180,PEP,2024,Group Quarters Change,2021
Southeastern Connecticut Planning Region,380,Planning Region,09180,PEP,2024,Group Quarters Change,2022
Southeastern Connecticut Planning Region,362,Planning Region,09180,PEP,2024,Group Quarters Change,2023
Southeastern Connecticut Planning Region,97,Planning Region,09180,PEP,2024,Group Quarters Change,2024
Southington,43520,Town,0911070550,PEP,2024,Estimate Base,2020
Southington,43431,Town,0911070550,PEP,2024,Population Estimate,2020
Southington,43615,Town,0911070550,PEP,2024,Population Estimate,2021
Southington,43804,Town,0911070550,PEP,2024,Population Estimate,2022
Southington,43935,Town,0911070550,PEP,2024,Population Estimate,2023
Southington,44197,Town,0911070550,PEP,2024,Population Estimate,2024
Sprague,2966,Town,0918071670,PEP,2024,Estimate Base,2020
Sprague,2960,Town,0918071670,PEP,2024,Population Estimate,2020
Sprague,2953,Town,0918071670,PEP,2024,Population Estimate,2021
Sprague,2941,Town,0918071670,PEP,2024,Population Estimate,2022
Sprague,2938,Town,0918071670,PEP,2024,Population Estimate,2023
Sprague,2948,Town,0918071670,PEP,2024,Population Estimate,2024
Stafford,11471,Town,0911072090,PEP,2024,Estimate Base,2020
Stafford,11414,Town,0911072090,PEP,2024,Population Estimate,2020
Stafford,11438,Town,0911072090,PEP,2024,Population Estimate,2021
Stafford,11427,Town,0911072090,PEP,2024,Population Estimate,2022
Stafford,11641,Town,0911072090,PEP,2024,Population Estimate,2023
Stafford,11692,Town,0911072090,PEP,2024,Population Estimate,2024
Stamford,135453,Town,0919073070,PEP,2024,Estimate Base,2020
Stamford,135474,Town,0919073070,PEP,2024,Population Estimate,2020
Stamford,136837,Town,0919073070,PEP,2024,Population Estimate,2021
Stamford,136721,Town,0919073070,PEP,2024,Population Estimate,2022
Stamford,137578,Town,0919073070,PEP,2024,Population Estimate,2023
Stamford,139134,Town,0919073070,PEP,2024,Population Estimate,2024
Sterling,3576,Town,0915073420,PEP,2024,Estimate Base,2020
Sterling,3573,Town,0915073420,PEP,2024,Population Estimate,2020
Sterling,3590,Town,0915073420,PEP,2024,Population Estimate,2021
Sterling,3622,Town,0915073420,PEP,2024,Population Estimate,2022
Sterling,3648,Town,0915073420,PEP,2024,Population Estimate,2023
Sterling,3694,Town,0915073420,PEP,2024,Population Estimate,2024
Stonington,18347,Town,0918073770,PEP,2024,Estimate Base,2020
Stonington,18319,Town,0918073770,PEP,2024,Population Estimate,2020
Stonington,18431,Town,0918073770,PEP,2024,Population Estimate,2021
Stonington,18400,Town,0918073770,PEP,2024,Population Estimate,2022
Stonington,18459,Town,0918073770,PEP,2024,Population Estimate,2023
Stonington,18782,Town,0918073770,PEP,2024,Population Estimate,2024
Stratford,52365,Town,0912074190,PEP,2024,Estimate Base,2020
Stratford,52230,Town,0912074190,PEP,2024,Population Estimate,2020
Stratford,52442,Town,0912074190,PEP,2024,Population Estimate,2021
Stratford,52641,Town,0912074190,PEP,2024,Population Estimate,2022
Stratford,52948,Town,0912074190,PEP,2024,Population Estimate,2023
Stratford,53610,Town,0912074190,PEP,2024,Population Estimate,2024
Suffield,15759,Town,0911074540,PEP,2024,Estimate Base,2020
Suffield,15684,Town,0911074540,PEP,2024,Population Estimate,2020
Suffield,15401,Town,0911074540,PEP,2024,Population Estimate,2021
Suffield,15740,Town,0911074540,PEP,2024,Population Estimate,2022
Suffield,15730,Town,0911074540,PEP,2024,Population Estimate,2023
Suffield,15964,Town,0911074540,PEP,2024,Population Estimate,2024
Thomaston,7446,Town,0914075730,PEP,2024,Estimate Base,2020
Thomaston,7439,Town,0914075730,PEP,2024,Population Estimate,2020
Thomaston,7468,Town,0914075730,PEP,2024,Population Estimate,2021
Thomaston,7480,Town,0914075730,PEP,2024,Population Estimate,2022
Thomaston,7532,Town,0914075730,PEP,2024,Population Estimate,2023
Thomaston,7566,Town,0914075730,PEP,2024,Population Estimate,2024
Thompson,9190,Town,0915075870,PEP,2024,Estimate Base,2020
Thompson,9192,Town,0915075870,PEP,2024,Population Estimate,2020
Thompson,9266,Town,0915075870,PEP,2024,Population Estimate,2021
Thompson,9316,Town,0915075870,PEP,2024,Population Estimate,2022
Thompson,9398,Town,0915075870,PEP,2024,Population Estimate,2023
Thompson,9513,Town,0915075870,PEP,2024,Population Estimate,2024
Tolland,14574,Town,0911076290,PEP,2024,Estimate Base,2020
Tolland,14530,Town,0911076290,PEP,2024,Population Estimate,2020
Tolland,14559,Town,0911076290,PEP,2024,Population Estimate,2021
Tolland,14573,Town,0911076290,PEP,2024,Population Estimate,2022
Tolland,14655,Town,0911076290,PEP,2024,Population Estimate,2023
Tolland,14739,Town,0911076290,PEP,2024,Population Estimate,2024
Torrington,35503,Town,0916076570,PEP,2024,Estimate Base,2020
Torrington,35363,Town,0916076570,PEP,2024,Population Estimate,2020
Torrington,35530,Town,0916076570,PEP,2024,Population Estimate,2021
Torrington,35567,Town,0916076570,PEP,2024,Population Estimate,2022
Torrington,35566,Town,0916076570,PEP,2024,Population Estimate,2023
Torrington,35673,Town,0916076570,PEP,2024,Population Estimate,2024
Trumbull,36828,Town,0912077200,PEP,2024,Estimate Base,2020
Trumbull,36610,Town,0912077200,PEP,2024,Population Estimate,2020
Trumbull,36956,Town,0912077200,PEP,2024,Population Estimate,2021
Trumbull,37166,Town,0912077200,PEP,2024,Population Estimate,2022
Trumbull,37602,Town,0912077200,PEP,2024,Population Estimate,2023
Trumbull,38073,Town,0912077200,PEP,2024,Population Estimate,2024
Union,781,Town,0915077830,PEP,2024,Estimate Base,2020
Union,782,Town,0915077830,PEP,2024,Population Estimate,2020
Union,788,Town,0915077830,PEP,2024,Population Estimate,2021
Union,794,Town,0915077830,PEP,2024,Population Estimate,2022
Union,798,Town,0915077830,PEP,2024,Population Estimate,2023
Union,805,Town,0915077830,PEP,2024,Population Estimate,2024
Vernon,30217,Town,0911078250,PEP,2024,Estimate Base,2020
Vernon,30168,Town,0911078250,PEP,2024,Population Estimate,2020
Vernon,30405,Town,0911078250,PEP,2024,Population Estimate,2021
Vernon,30667,Town,0911078250,PEP,2024,Population Estimate,2022
Vernon,30756,Town,0911078250,PEP,2024,Population Estimate,2023
Vernon,30895,Town,0911078250,PEP,2024,Population Estimate,2024
Voluntown,2570,Town,0915078600,PEP,2024,Estimate Base,2020
Voluntown,2568,Town,0915078600,PEP,2024,Population Estimate,2020
Voluntown,2575,Town,0915078600,PEP,2024,Population Estimate,2021
Voluntown,2593,Town,0915078600,PEP,2024,Population Estimate,2022
Voluntown,2618,Town,0915078600,PEP,2024,Population Estimate,2023
Voluntown,2650,Town,0915078600,PEP,2024,Population Estimate,2024
Wallingford,44695,Town,0917078740,PEP,2024,Estimate Base,2020
Wallingford,44533,Town,0917078740,PEP,2024,Population Estimate,2020
Wallingford,44395,Town,0917078740,PEP,2024,Population Estimate,2021
Wallingford,44254,Town,0917078740,PEP,2024,Population Estimate,2022
Wallingford,44258,Town,0917078740,PEP,2024,Population Estimate,2023
Wallingford,44389,Town,0917078740,PEP,2024,Population Estimate,2024
Warren,1352,Town,0916079510,PEP,2024,Estimate Base,2020
Warren,1349,Town,0916079510,PEP,2024,Population Estimate,2020
Warren,1357,Town,0916079510,PEP,2024,Population Estimate,2021
Warren,1361,Town,0916079510,PEP,2024,Population Estimate,2022
Warren,1368,Town,0916079510,PEP,2024,Population Estimate,2023
Warren,1378,Town,0916079510,PEP,2024,Population Estimate,2024
Washington,3645,Town,0916079720,PEP,2024,Estimate Base,2020
Washington,3639,Town,0916079720,PEP,2024,Population Estimate,2020
Washington,3662,Town,0916079720,PEP,2024,Population Estimate,2021
Washington,3667,Town,0916079720,PEP,2024,Population Estimate,2022
Washington,3694,Town,0916079720,PEP,2024,Population Estimate,2023
Washington,3721,Town,0916079720,PEP,2024,Population Estimate,2024
Waterbury,114457,Town,0914080070,PEP,2024,Estimate Base,2020
Waterbury,113889,Town,0914080070,PEP,2024,Population Estimate,2020
Waterbury,114588,Town,0914080070,PEP,2024,Population Estimate,2021
Waterbury,114734,Town,0914080070,PEP,2024,Population Estimate,2022
Waterbury,115288,Town,0914080070,PEP,2024,Population Estimate,2023
Waterbury,115908,Town,0914080070,PEP,2024,Population Estimate,2024
Waterford,19570,Town,0918080280,PEP,2024,Estimate Base,2020
Waterford,19570,Town,0918080280,PEP,2024,Population Estimate,2020
Waterford,19570,Town,0918080280,PEP,2024,Population Estimate,2021
Waterford,19523,Town,0918080280,PEP,2024,Population Estimate,2022
Waterford,19834,Town,0918080280,PEP,2024,Population Estimate,2023
Waterford,19910,Town,0918080280,PEP,2024,Population Estimate,2024
Watertown,22112,Town,0914080490,PEP,2024,Estimate Base,2020
Watertown,22085,Town,0914080490,PEP,2024,Population Estimate,2020
Watertown,22149,Town,0914080490,PEP,2024,Population Estimate,2021
Watertown,22207,Town,0914080490,PEP,2024,Population Estimate,2022
Watertown,22352,Town,0914080490,PEP,2024,Population Estimate,2023
Watertown,22497,Town,0914080490,PEP,2024,Population Estimate,2024
West Hartford,63596,Town,0911082590,PEP,2024,Estimate Base,2020
West Hartford,63118,Town,0911082590,PEP,2024,Population Estimate,2020
West Hartford,63385,Town,0911082590,PEP,2024,Population Estimate,2021
West Hartford,63548,Town,0911082590,PEP,2024,Population Estimate,2022
West Hartford,63906,Town,0911082590,PEP,2024,Population Estimate,2023
West Hartford,64184,Town,0911082590,PEP,2024,Population Estimate,2024
West Haven,55580,Town,0917082870,PEP,2024,Estimate Base,2020
West Haven,55553,Town,0917082870,PEP,2024,Population Estimate,2020
West Haven,55303,Town,0917082870,PEP,2024,Population Estimate,2021
West Haven,55297,Town,0917082870,PEP,2024,Population Estimate,2022
West Haven,55245,Town,0917082870,PEP,2024,Population Estimate,2023
West Haven,55379,Town,0917082870,PEP,2024,Population Estimate,2024
Westbrook,6768,Town,0913081680,PEP,2024,Estimate Base,2020
Westbrook,6761,Town,0913081680,PEP,2024,Population Estimate,2020
Westbrook,6834,Town,0913081680,PEP,2024,Population Estimate,2021
Westbrook,6867,Town,0913081680,PEP,2024,Population Estimate,2022
Westbrook,6902,Town,0913081680,PEP,2024,Population Estimate,2023
Westbrook,6918,Town,0913081680,PEP,2024,Population Estimate,2024
Western Connecticut Planning Region,620884,Planning Region,09190,PEP,2024,Estimate Base,2020
Western Connecticut Planning Region,618762,Planning Region,09190,PEP,2024,Population Estimate,2020
Western Connecticut Planning Region,623927,Planning Region,09190,PEP,2024,Population Estimate,2021
Western Connecticut Planning Region,625454,Planning Region,09190,PEP,2024,Population Estimate,2022
Western Connecticut Planning Region,630201,Planning Region,09190,PEP,2024,Population Estimate,2023
Western Connecticut Planning Region,637013,Planning Region,09190,PEP,2024,Population Estimate,2024
Western Connecticut Planning Region,-2122,Planning Region,09190,PEP,2024,Population Change (#),2020
Western Connecticut Planning Region,5165,Planning Region,09190,PEP,2024,Population Change (#),2021
Western Connecticut Planning Region,1527,Planning Region,09190,PEP,2024,Population Change (#),2022
Western Connecticut Planning Region,4747,Planning Region,09190,PEP,2024,Population Change (#),2023
Western Connecticut Planning Region,6812,Planning Region,09190,PEP,2024,Population Change (#),2024
Western Connecticut Planning Region,1540,Planning Region,09190,PEP,2024,Births,2020
Western Connecticut Planning Region,6115,Planning Region,09190,PEP,2024,Births,2021
Western Connecticut Planning Region,6518,Planning Region,09190,PEP,2024,Births,2022
Western Connecticut Planning Region,6422,Planning Region,09190,PEP,2024,Births,2023
Western Connecticut Planning Region,6326,Planning Region,09190,PEP,2024,Births,2024
Western Connecticut Planning Region,1996,Planning Region,09190,PEP,2024,Deaths,2020
Western Connecticut Planning Region,5025,Planning Region,09190,PEP,2024,Deaths,2021
Western Connecticut Planning Region,5005,Planning Region,09190,PEP,2024,Deaths,2022
Western Connecticut Planning Region,4795,Planning Region,09190,PEP,2024,Deaths,2023
Western Connecticut Planning Region,4768,Planning Region,09190,PEP,2024,Deaths,2024
Western Connecticut Planning Region,-456,Planning Region,09190,PEP,2024,Natural Change,2020
Western Connecticut Planning Region,1090,Planning Region,09190,PEP,2024,Natural Change,2021
Western Connecticut Planning Region,1513,Planning Region,09190,PEP,2024,Natural Change,2022
Western Connecticut Planning Region,1627,Planning Region,09190,PEP,2024,Natural Change,2023
Western Connecticut Planning Region,1558,Planning Region,09190,PEP,2024,Natural Change,2024
Western Connecticut Planning Region,124,Planning Region,09190,PEP,2024,International Migration,2020
Western Connecticut Planning Region,1534,Planning Region,09190,PEP,2024,International Migration,2021
Western Connecticut Planning Region,5887,Planning Region,09190,PEP,2024,International Migration,2022
Western Connecticut Planning Region,7848,Planning Region,09190,PEP,2024,International Migration,2023
Western Connecticut Planning Region,9532,Planning Region,09190,PEP,2024,International Migration,2024
Western Connecticut Planning Region,-1676,Planning Region,09190,PEP,2024,Domestic Migration,2020
Western Connecticut Planning Region,2238,Planning Region,09190,PEP,2024,Domestic Migration,2021
Western Connecticut Planning Region,-5992,Planning Region,09190,PEP,2024,Domestic Migration,2022
Western Connecticut Planning Region,-4791,Planning Region,09190,PEP,2024,Domestic Migration,2023
Western Connecticut Planning Region,-4317,Planning Region,09190,PEP,2024,Domestic Migration,2024
Western Connecticut Planning Region,-114,Planning Region,09190,PEP,2024,Residual,2020
Western Connecticut Planning Region,303,Planning Region,09190,PEP,2024,Residual,2021
Western Connecticut Planning Region,119,Planning Region,09190,PEP,2024,Residual,2022
Western Connecticut Planning Region,63,Planning Region,09190,PEP,2024,Residual,2023
Western Connecticut Planning Region,39,Planning Region,09190,PEP,2024,Residual,2024
Western Connecticut Planning Region,8728,Planning Region,09190,PEP,2024,Group Quarters Estimates Base,2020
Western Connecticut Planning Region,7930,Planning Region,09190,PEP,2024,Group Quarters Estimates,2020
Western Connecticut Planning Region,8293,Planning Region,09190,PEP,2024,Group Quarters Estimates,2021
Western Connecticut Planning Region,8489,Planning Region,09190,PEP,2024,Group Quarters Estimates,2022
Western Connecticut Planning Region,8410,Planning Region,09190,PEP,2024,Group Quarters Estimates,2023
Western Connecticut Planning Region,8526,Planning Region,09190,PEP,2024,Group Quarters Estimates,2024
Western Connecticut Planning Region,9.841561324,Planning Region,09190,PEP,2024,Birth Rate,2021
Western Connecticut Planning Region,10.4339669,Planning Region,09190,PEP,2024,Birth Rate,2022
Western Connecticut Planning Region,10.22892435,Planning Region,09190,PEP,2024,Birth Rate,2023
Western Connecticut Planning Region,9.984106868,Planning Region,09190,PEP,2024,Birth Rate,2024
Western Connecticut Planning Region,8.087301006,Planning Region,09190,PEP,2024,Death Rate,2021
Western Connecticut Planning Region,8.011967526,Planning Region,09190,PEP,2024,Death Rate,2022
Western Connecticut Planning Region,7.637448184,Planning Region,09190,PEP,2024,Death Rate,2023
Western Connecticut Planning Region,7.525169387,Planning Region,09190,PEP,2024,Death Rate,2024
Western Connecticut Planning Region,1.754260318,Planning Region,09190,PEP,2024,Natural Change Rate,2021
Western Connecticut Planning Region,2.421999374,Planning Region,09190,PEP,2024,Natural Change Rate,2022
Western Connecticut Planning Region,2.591476162,Planning Region,09190,PEP,2024,Natural Change Rate,2023
Western Connecticut Planning Region,2.45893748,Planning Region,09190,PEP,2024,Natural Change Rate,2024
Western Connecticut Planning Region,2.46883975,Planning Region,09190,PEP,2024,International Migration Rate,2021
Western Connecticut Planning Region,9.423866699,Planning Region,09190,PEP,2024,International Migration Rate,2022
Western Connecticut Planning Region,12.50024887,Planning Region,09190,PEP,2024,International Migration Rate,2023
Western Connecticut Planning Region,15.04402571,Planning Region,09190,PEP,2024,International Migration Rate,2024
Western Connecticut Planning Region,3.601866597,Planning Region,09190,PEP,2024,Domestic Migration Rate,2021
Western Connecticut Planning Region,-9.591949934,Planning Region,09190,PEP,2024,Domestic Migration Rate,2022
Western Connecticut Planning Region,-7.631077008,Planning Region,09190,PEP,2024,Domestic Migration Rate,2023
Western Connecticut Planning Region,-6.813371696,Planning Region,09190,PEP,2024,Domestic Migration Rate,2024
Western Connecticut Planning Region,363,Planning Region,09190,PEP,2024,Group Quarters Change,2021
Western Connecticut Planning Region,196,Planning Region,09190,PEP,2024,Group Quarters Change,2022
Western Connecticut Planning Region,-79,Planning Region,09190,PEP,2024,Group Quarters Change,2023
Western Connecticut Planning Region,116,Planning Region,09190,PEP,2024,Group Quarters Change,2024
Weston,10354,Town,0919083430,PEP,2024,Estimate Base,2020
Weston,10320,Town,0919083430,PEP,2024,Population Estimate,2020
Weston,10371,Town,0919083430,PEP,2024,Population Estimate,2021
Weston,10386,Town,0919083430,PEP,2024,Population Estimate,2022
Weston,10427,Town,0919083430,PEP,2024,Population Estimate,2023
Weston,10490,Town,0919083430,PEP,2024,Population Estimate,2024
Westport,27142,Town,0919083500,PEP,2024,Estimate Base,2020
Westport,27069,Town,0919083500,PEP,2024,Population Estimate,2020
Westport,27360,Town,0919083500,PEP,2024,Population Estimate,2021
Westport,27464,Town,0919083500,PEP,2024,Population Estimate,2022
Westport,27683,Town,0919083500,PEP,2024,Population Estimate,2023
Westport,27996,Town,0919083500,PEP,2024,Population Estimate,2024
Wethersfield,27312,Town,0911084900,PEP,2024,Estimate Base,2020
Wethersfield,27242,Town,0911084900,PEP,2024,Population Estimate,2020
Wethersfield,27218,Town,0911084900,PEP,2024,Population Estimate,2021
Wethersfield,27187,Town,0911084900,PEP,2024,Population Estimate,2022
Wethersfield,27263,Town,0911084900,PEP,2024,Population Estimate,2023
Wethersfield,27372,Town,0911084900,PEP,2024,Population Estimate,2024
Willington,5564,Town,0911085950,PEP,2024,Estimate Base,2020
Willington,5552,Town,0911085950,PEP,2024,Population Estimate,2020
Willington,5548,Town,0911085950,PEP,2024,Population Estimate,2021
Willington,5552,Town,0911085950,PEP,2024,Population Estimate,2022
Willington,5580,Town,0911085950,PEP,2024,Population Estimate,2023
Willington,5609,Town,0911085950,PEP,2024,Population Estimate,2024
Wilton,18502,Town,0919086370,PEP,2024,Estimate Base,2020
Wilton,18403,Town,0919086370,PEP,2024,Population Estimate,2020
Wilton,18489,Town,0919086370,PEP,2024,Population Estimate,2021
Wilton,18601,Town,0919086370,PEP,2024,Population Estimate,2022
Wilton,19132,Town,0919086370,PEP,2024,Population Estimate,2023
Wilton,19255,Town,0919086370,PEP,2024,Population Estimate,2024
Winchester,10264,Town,0916086440,PEP,2024,Estimate Base,2020
Winchester,10242,Town,0916086440,PEP,2024,Population Estimate,2020
Winchester,10277,Town,0916086440,PEP,2024,Population Estimate,2021
Winchester,10284,Town,0916086440,PEP,2024,Population Estimate,2022
Winchester,10281,Town,0916086440,PEP,2024,Population Estimate,2023
Winchester,10309,Town,0916086440,PEP,2024,Population Estimate,2024
Windham,24426,Town,0918086790,PEP,2024,Estimate Base,2020
Windham,23859,Town,0918086790,PEP,2024,Population Estimate,2020
Windham,23914,Town,0918086790,PEP,2024,Population Estimate,2021
Windham,23863,Town,0918086790,PEP,2024,Population Estimate,2022
Windham,24073,Town,0918086790,PEP,2024,Population Estimate,2023
Windham,24105,Town,0918086790,PEP,2024,Population Estimate,2024
Windsor,29492,Town,0911087000,PEP,2024,Estimate Base,2020
Windsor,29341,Town,0911087000,PEP,2024,Population Estimate,2020
Windsor,29390,Town,0911087000,PEP,2024,Population Estimate,2021
Windsor,29450,Town,0911087000,PEP,2024,Population Estimate,2022
Windsor,29551,Town,0911087000,PEP,2024,Population Estimate,2023
Windsor,29658,Town,0911087000,PEP,2024,Population Estimate,2024
Windsor Locks,12608,Town,0911087070,PEP,2024,Estimate Base,2020
Windsor Locks,12577,Town,0911087070,PEP,2024,Population Estimate,2020
Windsor Locks,12572,Town,0911087070,PEP,2024,Population Estimate,2021
Windsor Locks,12568,Town,0911087070,PEP,2024,Population Estimate,2022
Windsor Locks,12597,Town,0911087070,PEP,2024,Population Estimate,2023
Windsor Locks,12643,Town,0911087070,PEP,2024,Population Estimate,2024
Wolcott,16131,Town,0914087560,PEP,2024,Estimate Base,2020
Wolcott,16131,Town,0914087560,PEP,2024,Population Estimate,2020
Wolcott,16172,Town,0914087560,PEP,2024,Population Estimate,2021
Wolcott,16241,Town,0914087560,PEP,2024,Population Estimate,2022
Wolcott,16397,Town,0914087560,PEP,2024,Population Estimate,2023
Wolcott,16511,Town,0914087560,PEP,2024,Population Estimate,2024
Woodbridge,9092,Town,0917087700,PEP,2024,Estimate Base,2020
Woodbridge,9057,Town,0917087700,PEP,2024,Population Estimate,2020
Woodbridge,9043,Town,0917087700,PEP,2024,Population Estimate,2021
Woodbridge,9064,Town,0917087700,PEP,2024,Population Estimate,2022
Woodbridge,9063,Town,0917087700,PEP,2024,Population Estimate,2023
Woodbridge,9130,Town,0917087700,PEP,2024,Population Estimate,2024
Woodbury,9724,Town,0914087910,PEP,2024,Estimate Base,2020
Woodbury,9712,Town,0914087910,PEP,2024,Population Estimate,2020
Woodbury,9778,Town,0914087910,PEP,2024,Population Estimate,2021
Woodbury,9813,Town,0914087910,PEP,2024,Population Estimate,2022
Woodbury,9893,Town,0914087910,PEP,2024,Population Estimate,2023
Woodbury,9960,Town,0914087910,PEP,2024,Population Estimate,2024
Woodstock,8228,Town,0915088190,PEP,2024,Estimate Base,2020
Woodstock,8224,Town,0915088190,PEP,2024,Population Estimate,2020
Woodstock,8258,Town,0915088190,PEP,2024,Population Estimate,2021
Woodstock,8308,Town,0915088190,PEP,2024,Population Estimate,2022
Woodstock,8356,Town,0915088190,PEP,2024,Population Estimate,2023
Woodstock,8434,Town,0915088190,PEP,2024,Population Estimate,2024
Connecticut,88415,State,09,PEP,2024,Group Quarters Estimates,2020
Connecticut,101116,State,09,PEP,2024,Group Quarters Estimates,2021
Connecticut,105410,State,09,PEP,2024,Group Quarters Estimates,2022
Connecticut,108590,State,09,PEP,2024,Group Quarters Estimates,2023
Connecticut,109215,State,09,PEP,2024,Group Quarters Estimates,2024
Connecticut,12701,State,09,PEP,2024,Group Quarters Change,2021
Connecticut,4294,State,09,PEP,2024,Group Quarters Change,2022
Connecticut,3180,State,09,PEP,2024,Group Quarters Change,2023
Connecticut,625,State,09,PEP,2024,Group Quarters Change,2024
Capitol Planning Region,-10276,Planning Region,09110,PEP,2024,Household Domestic Migration ,2020
Connecticut,-20684,State,09,PEP,2024,Household Domestic Migration ,2020
Greater Bridgeport Planning Region,-1117,Planning Region,09120,PEP,2024,Household Domestic Migration ,2020
Lower Connecticut River Valley Planning Region,-636,Planning Region,09130,PEP,2024,Household Domestic Migration ,2020
Naugatuck Valley Planning Region,-645,Planning Region,09140,PEP,2024,Household Domestic Migration ,2020
Northeastern Connecticut Planning Region,-62,Planning Region,09150,PEP,2024,Household Domestic Migration ,2020
Northwest Hills Planning Region,-87,Planning Region,09160,PEP,2024,Household Domestic Migration ,2020
South Central Connecticut Planning Region,-4600,Planning Region,09170,PEP,2024,Household Domestic Migration ,2020
Southeastern Connecticut Planning Region,-1585,Planning Region,09180,PEP,2024,Household Domestic Migration ,2020
Western Connecticut Planning Region,-1676,Planning Region,09190,PEP,2024,Household Domestic Migration ,2020
Capitol Planning Region,-633,Planning Region,09110,PEP,2024,Household Domestic Migration ,2021
Connecticut,6705,State,09,PEP,2024,Household Domestic Migration ,2021
Greater Bridgeport Planning Region,-429,Planning Region,09120,PEP,2024,Household Domestic Migration ,2021
Lower Connecticut River Valley Planning Region,1777,Planning Region,09130,PEP,2024,Household Domestic Migration ,2021
Naugatuck Valley Planning Region,2070,Planning Region,09140,PEP,2024,Household Domestic Migration ,2021
Northeastern Connecticut Planning Region,666,Planning Region,09150,PEP,2024,Household Domestic Migration ,2021
Northwest Hills Planning Region,923,Planning Region,09160,PEP,2024,Household Domestic Migration ,2021
South Central Connecticut Planning Region,56,Planning Region,09170,PEP,2024,Household Domestic Migration ,2021
Southeastern Connecticut Planning Region,400,Planning Region,09180,PEP,2024,Household Domestic Migration ,2021
Western Connecticut Planning Region,1875,Planning Region,09190,PEP,2024,Household Domestic Migration ,2021
Capitol Planning Region,-4442,Planning Region,09110,PEP,2024,Household Domestic Migration ,2022
Connecticut,-14700,State,09,PEP,2024,Household Domestic Migration ,2022
Greater Bridgeport Planning Region,-2981,Planning Region,09120,PEP,2024,Household Domestic Migration ,2022
Lower Connecticut River Valley Planning Region,643,Planning Region,09130,PEP,2024,Household Domestic Migration ,2022
Naugatuck Valley Planning Region,-24,Planning Region,09140,PEP,2024,Household Domestic Migration ,2022
Northeastern Connecticut Planning Region,554,Planning Region,09150,PEP,2024,Household Domestic Migration ,2022
Northwest Hills Planning Region,468,Planning Region,09160,PEP,2024,Household Domestic Migration ,2022
South Central Connecticut Planning Region,-2636,Planning Region,09170,PEP,2024,Household Domestic Migration ,2022
Southeastern Connecticut Planning Region,-94,Planning Region,09180,PEP,2024,Household Domestic Migration ,2022
Western Connecticut Planning Region,-6188,Planning Region,09190,PEP,2024,Household Domestic Migration ,2022
Capitol Planning Region,-1620,Planning Region,09110,PEP,2024,Household Domestic Migration ,2023
Connecticut,-9642,State,09,PEP,2024,Household Domestic Migration ,2023
Greater Bridgeport Planning Region,-2574,Planning Region,09120,PEP,2024,Household Domestic Migration ,2023
Lower Connecticut River Valley Planning Region,132,Planning Region,09130,PEP,2024,Household Domestic Migration ,2023
Naugatuck Valley Planning Region,1007,Planning Region,09140,PEP,2024,Household Domestic Migration ,2023
Northeastern Connecticut Planning Region,548,Planning Region,09150,PEP,2024,Household Domestic Migration ,2023
Northwest Hills Planning Region,247,Planning Region,09160,PEP,2024,Household Domestic Migration ,2023
South Central Connecticut Planning Region,-2718,Planning Region,09170,PEP,2024,Household Domestic Migration ,2023
Southeastern Connecticut Planning Region,48,Planning Region,09180,PEP,2024,Household Domestic Migration ,2023
Western Connecticut Planning Region,-4712,Planning Region,09190,PEP,2024,Household Domestic Migration ,2023
Capitol Planning Region,-2163,Planning Region,09110,PEP,2024,Household Domestic Migration ,2024
Connecticut,-6685,State,09,PEP,2024,Household Domestic Migration ,2024
Greater Bridgeport Planning Region,-1722,Planning Region,09120,PEP,2024,Household Domestic Migration ,2024
Lower Connecticut River Valley Planning Region,319,Planning Region,09130,PEP,2024,Household Domestic Migration ,2024
Naugatuck Valley Planning Region,1129,Planning Region,09140,PEP,2024,Household Domestic Migration ,2024
Northeastern Connecticut Planning Region,761,Planning Region,09150,PEP,2024,Household Domestic Migration ,2024
Northwest Hills Planning Region,467,Planning Region,09160,PEP,2024,Household Domestic Migration ,2024
South Central Connecticut Planning Region,-1834,Planning Region,09170,PEP,2024,Household Domestic Migration ,2024
Southeastern Connecticut Planning Region,791,Planning Region,09180,PEP,2024,Household Domestic Migration ,2024
Western Connecticut Planning Region,-4433,Planning Region,09190,PEP,2024,Household Domestic Migration ,2024
Capitol Planning Region,-10139,Planning Region,09110,PEP,2024,Net Migration ,2020
Connecticut,-20276,State,09,PEP,2024,Net Migration ,2020
Greater Bridgeport Planning Region,-1080,Planning Region,09120,PEP,2024,Net Migration ,2020
Lower Connecticut River Valley Planning Region,-633,Planning Region,09130,PEP,2024,Net Migration ,2020
Naugatuck Valley Planning Region,-623,Planning Region,09140,PEP,2024,Net Migration ,2020
Northeastern Connecticut Planning Region,-62,Planning Region,09150,PEP,2024,Net Migration ,2020
Northwest Hills Planning Region,-87,Planning Region,09160,PEP,2024,Net Migration ,2020
South Central Connecticut Planning Region,-4530,Planning Region,09170,PEP,2024,Net Migration ,2020
Southeastern Connecticut Planning Region,-1570,Planning Region,09180,PEP,2024,Net Migration ,2020
Western Connecticut Planning Region,-1552,Planning Region,09190,PEP,2024,Net Migration ,2020
Capitol Planning Region,1064,Planning Region,09110,PEP,2024,Net Migration ,2021
Connecticut,12920,State,09,PEP,2024,Net Migration ,2021
Greater Bridgeport Planning Region,473,Planning Region,09120,PEP,2024,Net Migration ,2021
Lower Connecticut River Valley Planning Region,1907,Planning Region,09130,PEP,2024,Net Migration ,2021
Naugatuck Valley Planning Region,2586,Planning Region,09140,PEP,2024,Net Migration ,2021
Northeastern Connecticut Planning Region,693,Planning Region,09150,PEP,2024,Net Migration ,2021
Northwest Hills Planning Region,993,Planning Region,09160,PEP,2024,Net Migration ,2021
South Central Connecticut Planning Region,1057,Planning Region,09170,PEP,2024,Net Migration ,2021
Southeastern Connecticut Planning Region,738,Planning Region,09180,PEP,2024,Net Migration ,2021
Western Connecticut Planning Region,3409,Planning Region,09190,PEP,2024,Net Migration ,2021
Capitol Planning Region,1853,Planning Region,09110,PEP,2024,Net Migration ,2022
Connecticut,7655,State,09,PEP,2024,Net Migration ,2022
Greater Bridgeport Planning Region,36,Planning Region,09120,PEP,2024,Net Migration ,2022
Lower Connecticut River Valley Planning Region,1170,Planning Region,09130,PEP,2024,Net Migration ,2022
Naugatuck Valley Planning Region,1975,Planning Region,09140,PEP,2024,Net Migration ,2022
Northeastern Connecticut Planning Region,711,Planning Region,09150,PEP,2024,Net Migration ,2022
Northwest Hills Planning Region,786,Planning Region,09160,PEP,2024,Net Migration ,2022
South Central Connecticut Planning Region,687,Planning Region,09170,PEP,2024,Net Migration ,2022
Southeastern Connecticut Planning Region,738,Planning Region,09180,PEP,2024,Net Migration ,2022
Western Connecticut Planning Region,-301,Planning Region,09190,PEP,2024,Net Migration ,2022
Capitol Planning Region,6609,Planning Region,09110,PEP,2024,Net Migration ,2023
Connecticut,20326,State,09,PEP,2024,Net Migration ,2023
Greater Bridgeport Planning Region,1706,Planning Region,09120,PEP,2024,Net Migration ,2023
Lower Connecticut River Valley Planning Region,823,Planning Region,09130,PEP,2024,Net Migration ,2023
Naugatuck Valley Planning Region,3829,Planning Region,09140,PEP,2024,Net Migration ,2023
Northeastern Connecticut Planning Region,769,Planning Region,09150,PEP,2024,Net Migration ,2023
Northwest Hills Planning Region,523,Planning Region,09160,PEP,2024,Net Migration ,2023
South Central Connecticut Planning Region,1711,Planning Region,09170,PEP,2024,Net Migration ,2023
Southeastern Connecticut Planning Region,1220,Planning Region,09180,PEP,2024,Net Migration ,2023
Western Connecticut Planning Region,3136,Planning Region,09190,PEP,2024,Net Migration ,2023
Capitol Planning Region,7787,Planning Region,09110,PEP,2024,Net Migration ,2024
Connecticut,29529,State,09,PEP,2024,Net Migration ,2024
Greater Bridgeport Planning Region,3445,Planning Region,09120,PEP,2024,Net Migration ,2024
Lower Connecticut River Valley Planning Region,1153,Planning Region,09130,PEP,2024,Net Migration ,2024
Naugatuck Valley Planning Region,4539,Planning Region,09140,PEP,2024,Net Migration ,2024
Northeastern Connecticut Planning Region,1037,Planning Region,09150,PEP,2024,Net Migration ,2024
Northwest Hills Planning Region,796,Planning Region,09160,PEP,2024,Net Migration ,2024
South Central Connecticut Planning Region,3494,Planning Region,09170,PEP,2024,Net Migration ,2024
Southeastern Connecticut Planning Region,2179,Planning Region,09180,PEP,2024,Net Migration ,2024
Western Connecticut Planning Region,5099,Planning Region,09190,PEP,2024,Net Migration ,2024
Andover,3150,Town,0911001080,PEP,2025,Estimate Base,2020
Andover,3147,Town,0911001080,PEP,2025,Population Estimate,2020
Andover,3150,Town,0911001080,PEP,2025,Population Estimate,2021
Andover,3150,Town,0911001080,PEP,2025,Population Estimate,2022
Andover,3155,Town,0911001080,PEP,2025,Population Estimate,2023
Andover,3168,Town,0911001080,PEP,2025,Population Estimate,2024
Andover,3173,Town,0911001080,PEP,2025,Population Estimate,2025
Ansonia,18921,Town,0914001220,PEP,2025,Estimate Base,2020
Ansonia,18894,Town,0914001220,PEP,2025,Population Estimate,2020
Ansonia,18937,Town,0914001220,PEP,2025,Population Estimate,2021
Ansonia,18955,Town,0914001220,PEP,2025,Population Estimate,2022
Ansonia,19063,Town,0914001220,PEP,2025,Population Estimate,2023
Ansonia,19158,Town,0914001220,PEP,2025,Population Estimate,2024
Ansonia,19216,Town,0914001220,PEP,2025,Population Estimate,2025
Ashford,4189,Town,0915001430,PEP,2025,Estimate Base,2020
Ashford,4188,Town,0915001430,PEP,2025,Population Estimate,2020
Ashford,4203,Town,0915001430,PEP,2025,Population Estimate,2021
Ashford,4218,Town,0915001430,PEP,2025,Population Estimate,2022
Ashford,4231,Town,0915001430,PEP,2025,Population Estimate,2023
Ashford,4255,Town,0915001430,PEP,2025,Population Estimate,2024
Ashford,4265,Town,0915001430,PEP,2025,Population Estimate,2025
Avon,18937,Town,0911002060,PEP,2025,Estimate Base,2020
Avon,18879,Town,0911002060,PEP,2025,Population Estimate,2020
Avon,18880,Town,0911002060,PEP,2025,Population Estimate,2021
Avon,18897,Town,0911002060,PEP,2025,Population Estimate,2022
Avon,18980,Town,0911002060,PEP,2025,Population Estimate,2023
Avon,19050,Town,0911002060,PEP,2025,Population Estimate,2024
Avon,19096,Town,0911002060,PEP,2025,Population Estimate,2025
Barkhamsted,3630,Town,0916002760,PEP,2025,Estimate Base,2020
Barkhamsted,3625,Town,0916002760,PEP,2025,Population Estimate,2020
Barkhamsted,3638,Town,0916002760,PEP,2025,Population Estimate,2021
Barkhamsted,3648,Town,0916002760,PEP,2025,Population Estimate,2022
Barkhamsted,3660,Town,0916002760,PEP,2025,Population Estimate,2023
Barkhamsted,3702,Town,0916002760,PEP,2025,Population Estimate,2024
Barkhamsted,3726,Town,0916002760,PEP,2025,Population Estimate,2025
Beacon Falls,6004,Town,0914003250,PEP,2025,Estimate Base,2020
Beacon Falls,6007,Town,0914003250,PEP,2025,Population Estimate,2020
Beacon Falls,6075,Town,0914003250,PEP,2025,Population Estimate,2021
Beacon Falls,6138,Town,0914003250,PEP,2025,Population Estimate,2022
Beacon Falls,6225,Town,0914003250,PEP,2025,Population Estimate,2023
Beacon Falls,6273,Town,0914003250,PEP,2025,Population Estimate,2024
Beacon Falls,6307,Town,0914003250,PEP,2025,Population Estimate,2025
Berlin,20183,Town,0911004300,PEP,2025,Estimate Base,2020
Berlin,20144,Town,0911004300,PEP,2025,Population Estimate,2020
Berlin,20189,Town,0911004300,PEP,2025,Population Estimate,2021
Berlin,20242,Town,0911004300,PEP,2025,Population Estimate,2022
Berlin,20525,Town,0911004300,PEP,2025,Population Estimate,2023
Berlin,20588,Town,0911004300,PEP,2025,Population Estimate,2024
Berlin,20698,Town,0911004300,PEP,2025,Population Estimate,2025
Bethany,5316,Town,0917004580,PEP,2025,Estimate Base,2020
Bethany,5301,Town,0917004580,PEP,2025,Population Estimate,2020
Bethany,5302,Town,0917004580,PEP,2025,Population Estimate,2021
Bethany,5305,Town,0917004580,PEP,2025,Population Estimate,2022
Bethany,5314,Town,0917004580,PEP,2025,Population Estimate,2023
Bethany,5345,Town,0917004580,PEP,2025,Population Estimate,2024
Bethany,5339,Town,0917004580,PEP,2025,Population Estimate,2025
Bethel,20381,Town,0919004720,PEP,2025,Estimate Base,2020
Bethel,20338,Town,0919004720,PEP,2025,Population Estimate,2020
Bethel,20597,Town,0919004720,PEP,2025,Population Estimate,2021
Bethel,20792,Town,0919004720,PEP,2025,Population Estimate,2022
Bethel,20859,Town,0919004720,PEP,2025,Population Estimate,2023
Bethel,21517,Town,0919004720,PEP,2025,Population Estimate,2024
Bethel,21682,Town,0919004720,PEP,2025,Population Estimate,2025
Bethlehem,3386,Town,0914004930,PEP,2025,Estimate Base,2020
Bethlehem,3384,Town,0914004930,PEP,2025,Population Estimate,2020
Bethlehem,3400,Town,0914004930,PEP,2025,Population Estimate,2021
Bethlehem,3411,Town,0914004930,PEP,2025,Population Estimate,2022
Bethlehem,3430,Town,0914004930,PEP,2025,Population Estimate,2023
Bethlehem,3442,Town,0914004930,PEP,2025,Population Estimate,2024
Bethlehem,3455,Town,0914004930,PEP,2025,Population Estimate,2025
Bloomfield,21529,Town,0911005910,PEP,2025,Estimate Base,2020
Bloomfield,21444,Town,0911005910,PEP,2025,Population Estimate,2020
Bloomfield,21480,Town,0911005910,PEP,2025,Population Estimate,2021
Bloomfield,21563,Town,0911005910,PEP,2025,Population Estimate,2022
Bloomfield,21992,Town,0911005910,PEP,2025,Population Estimate,2023
Bloomfield,22118,Town,0911005910,PEP,2025,Population Estimate,2024
Bloomfield,22267,Town,0911005910,PEP,2025,Population Estimate,2025
Bolton,4855,Town,0911006260,PEP,2025,Estimate Base,2020
Bolton,4843,Town,0911006260,PEP,2025,Population Estimate,2020
Bolton,4835,Town,0911006260,PEP,2025,Population Estimate,2021
Bolton,4836,Town,0911006260,PEP,2025,Population Estimate,2022
Bolton,4846,Town,0911006260,PEP,2025,Population Estimate,2023
Bolton,4867,Town,0911006260,PEP,2025,Population Estimate,2024
Bolton,4875,Town,0911006260,PEP,2025,Population Estimate,2025
Bozrah,2413,Town,0918006820,PEP,2025,Estimate Base,2020
Bozrah,2407,Town,0918006820,PEP,2025,Population Estimate,2020
Bozrah,2407,Town,0918006820,PEP,2025,Population Estimate,2021
Bozrah,2396,Town,0918006820,PEP,2025,Population Estimate,2022
Bozrah,2401,Town,0918006820,PEP,2025,Population Estimate,2023
Bozrah,2413,Town,0918006820,PEP,2025,Population Estimate,2024
Bozrah,2417,Town,0918006820,PEP,2025,Population Estimate,2025
Branford,28274,Town,0917007310,PEP,2025,Estimate Base,2020
Branford,28133,Town,0917007310,PEP,2025,Population Estimate,2020
Branford,28122,Town,0917007310,PEP,2025,Population Estimate,2021
Branford,28146,Town,0917007310,PEP,2025,Population Estimate,2022
Branford,28216,Town,0917007310,PEP,2025,Population Estimate,2023
Branford,28463,Town,0917007310,PEP,2025,Population Estimate,2024
Branford,28724,Town,0917007310,PEP,2025,Population Estimate,2025
Bridgeport,148628,Town,0912008070,PEP,2025,Estimate Base,2020
Bridgeport,147672,Town,0912008070,PEP,2025,Population Estimate,2020
Bridgeport,148162,Town,0912008070,PEP,2025,Population Estimate,2021
Bridgeport,148906,Town,0912008070,PEP,2025,Population Estimate,2022
Bridgeport,150117,Town,0912008070,PEP,2025,Population Estimate,2023
Bridgeport,151415,Town,0912008070,PEP,2025,Population Estimate,2024
Bridgeport,152273,Town,0912008070,PEP,2025,Population Estimate,2025
Bridgewater,1656,Town,0919008210,PEP,2025,Estimate Base,2020
Bridgewater,1652,Town,0919008210,PEP,2025,Population Estimate,2020
Bridgewater,1658,Town,0919008210,PEP,2025,Population Estimate,2021
Bridgewater,1658,Town,0919008210,PEP,2025,Population Estimate,2022
Bridgewater,1661,Town,0919008210,PEP,2025,Population Estimate,2023
Bridgewater,1674,Town,0919008210,PEP,2025,Population Estimate,2024
Bridgewater,1677,Town,0919008210,PEP,2025,Population Estimate,2025
Bristol,60867,Town,0914008490,PEP,2025,Estimate Base,2020
Bristol,60744,Town,0914008490,PEP,2025,Population Estimate,2020
Bristol,61129,Town,0914008490,PEP,2025,Population Estimate,2021
Bristol,61415,Town,0914008490,PEP,2025,Population Estimate,2022
Bristol,61790,Town,0914008490,PEP,2025,Population Estimate,2023
Bristol,62125,Town,0914008490,PEP,2025,Population Estimate,2024
Bristol,62341,Town,0914008490,PEP,2025,Population Estimate,2025
Brookfield,17520,Town,0919008980,PEP,2025,Estimate Base,2020
Brookfield,17460,Town,0919008980,PEP,2025,Population Estimate,2020
Brookfield,17536,Town,0919008980,PEP,2025,Population Estimate,2021
Brookfield,17601,Town,0919008980,PEP,2025,Population Estimate,2022
Brookfield,17813,Town,0919008980,PEP,2025,Population Estimate,2023
Brookfield,18187,Town,0919008980,PEP,2025,Population Estimate,2024
Brookfield,18566,Town,0919008980,PEP,2025,Population Estimate,2025
Brooklyn,8449,Town,0915009190,PEP,2025,Estimate Base,2020
Brooklyn,8391,Town,0915009190,PEP,2025,Population Estimate,2020
Brooklyn,8427,Town,0915009190,PEP,2025,Population Estimate,2021
Brooklyn,8507,Town,0915009190,PEP,2025,Population Estimate,2022
Brooklyn,8627,Town,0915009190,PEP,2025,Population Estimate,2023
Brooklyn,8705,Town,0915009190,PEP,2025,Population Estimate,2024
Brooklyn,8748,Town,0915009190,PEP,2025,Population Estimate,2025
Burlington,9481,Town,0916010100,PEP,2025,Estimate Base,2020
Burlington,9484,Town,0916010100,PEP,2025,Population Estimate,2020
Burlington,9637,Town,0916010100,PEP,2025,Population Estimate,2021
Burlington,9702,Town,0916010100,PEP,2025,Population Estimate,2022
Burlington,9738,Town,0916010100,PEP,2025,Population Estimate,2023
Burlington,9822,Town,0916010100,PEP,2025,Population Estimate,2024
Burlington,9874,Town,0916010100,PEP,2025,Population Estimate,2025
Canaan,1078,Town,0916010940,PEP,2025,Estimate Base,2020
Canaan,1076,Town,0916010940,PEP,2025,Population Estimate,2020
Canaan,1081,Town,0916010940,PEP,2025,Population Estimate,2021
Canaan,1082,Town,0916010940,PEP,2025,Population Estimate,2022
Canaan,1082,Town,0916010940,PEP,2025,Population Estimate,2023
Canaan,1089,Town,0916010940,PEP,2025,Population Estimate,2024
Canaan,1091,Town,0916010940,PEP,2025,Population Estimate,2025
Canterbury,5033,Town,0915012130,PEP,2025,Estimate Base,2020
Canterbury,5039,Town,0915012130,PEP,2025,Population Estimate,2020
Canterbury,5076,Town,0915012130,PEP,2025,Population Estimate,2021
Canterbury,5092,Town,0915012130,PEP,2025,Population Estimate,2022
Canterbury,5142,Town,0915012130,PEP,2025,Population Estimate,2023
Canterbury,5213,Town,0915012130,PEP,2025,Population Estimate,2024
Canterbury,5251,Town,0915012130,PEP,2025,Population Estimate,2025
Canton,10126,Town,0911012270,PEP,2025,Estimate Base,2020
Canton,10086,Town,0911012270,PEP,2025,Population Estimate,2020
Canton,10097,Town,0911012270,PEP,2025,Population Estimate,2021
Canton,10094,Town,0911012270,PEP,2025,Population Estimate,2022
Canton,10186,Town,0911012270,PEP,2025,Population Estimate,2023
Canton,10242,Town,0911012270,PEP,2025,Population Estimate,2024
Canton,10304,Town,0911012270,PEP,2025,Population Estimate,2025
Capitol Planning Region,977686,Planning Region,09110,PEP,2025,Estimate Base,2020
Capitol Planning Region,964034,Planning Region,09110,PEP,2025,Population Estimate,2020
Capitol Planning Region,971972,Planning Region,09110,PEP,2025,Population Estimate,2021
Capitol Planning Region,975074,Planning Region,09110,PEP,2025,Population Estimate,2022
Capitol Planning Region,981775,Planning Region,09110,PEP,2025,Population Estimate,2023
Capitol Planning Region,989194,Planning Region,09110,PEP,2025,Population Estimate,2024
Capitol Planning Region,994115,Planning Region,09110,PEP,2025,Population Estimate,2025
Capitol Planning Region,-13652,Planning Region,09110,PEP,2025,Population Change (#),2020
Capitol Planning Region,7938,Planning Region,09110,PEP,2025,Population Change (#),2021
Capitol Planning Region,3102,Planning Region,09110,PEP,2025,Population Change (#),2022
Capitol Planning Region,6701,Planning Region,09110,PEP,2025,Population Change (#),2023
Capitol Planning Region,7419,Planning Region,09110,PEP,2025,Population Change (#),2024
Capitol Planning Region,4921,Planning Region,09110,PEP,2025,Population Change (#),2025
Capitol Planning Region,2304,Planning Region,09110,PEP,2025,Births,2020
Capitol Planning Region,9174,Planning Region,09110,PEP,2025,Births,2021
Capitol Planning Region,9447,Planning Region,09110,PEP,2025,Births,2022
Capitol Planning Region,9373,Planning Region,09110,PEP,2025,Births,2023
Capitol Planning Region,9105,Planning Region,09110,PEP,2025,Births,2024
Capitol Planning Region,9196,Planning Region,09110,PEP,2025,Births,2025
Capitol Planning Region,3376,Planning Region,09110,PEP,2025,Deaths,2020
Capitol Planning Region,9506,Planning Region,09110,PEP,2025,Deaths,2021
Capitol Planning Region,9668,Planning Region,09110,PEP,2025,Deaths,2022
Capitol Planning Region,9216,Planning Region,09110,PEP,2025,Deaths,2023
Capitol Planning Region,9116,Planning Region,09110,PEP,2025,Deaths,2024
Capitol Planning Region,8966,Planning Region,09110,PEP,2025,Deaths,2025
Capitol Planning Region,-1072,Planning Region,09110,PEP,2025,Natural Change,2020
Capitol Planning Region,-332,Planning Region,09110,PEP,2025,Natural Change,2021
Capitol Planning Region,-221,Planning Region,09110,PEP,2025,Natural Change,2022
Capitol Planning Region,157,Planning Region,09110,PEP,2025,Natural Change,2023
Capitol Planning Region,-11,Planning Region,09110,PEP,2025,Natural Change,2024
Capitol Planning Region,230,Planning Region,09110,PEP,2025,Natural Change,2025
Capitol Planning Region,137,Planning Region,09110,PEP,2025,International Migration,2020
Capitol Planning Region,1697,Planning Region,09110,PEP,2025,International Migration,2021
Capitol Planning Region,5872,Planning Region,09110,PEP,2025,International Migration,2022
Capitol Planning Region,7252,Planning Region,09110,PEP,2025,International Migration,2023
Capitol Planning Region,8117,Planning Region,09110,PEP,2025,International Migration,2024
Capitol Planning Region,4741,Planning Region,09110,PEP,2025,International Migration,2025
Capitol Planning Region,-10473,Planning Region,09110,PEP,2025,Domestic Migration,2020
Capitol Planning Region,6119,Planning Region,09110,PEP,2025,Domestic Migration,2021
Capitol Planning Region,-1949,Planning Region,09110,PEP,2025,Domestic Migration,2022
Capitol Planning Region,-481,Planning Region,09110,PEP,2025,Domestic Migration,2023
Capitol Planning Region,-578,Planning Region,09110,PEP,2025,Domestic Migration,2024
Capitol Planning Region,-105,Planning Region,09110,PEP,2025,Domestic Migration,2025
Capitol Planning Region,-2244,Planning Region,09110,PEP,2025,Residual,2020
Capitol Planning Region,454,Planning Region,09110,PEP,2025,Residual,2021
Capitol Planning Region,-600,Planning Region,09110,PEP,2025,Residual,2022
Capitol Planning Region,-227,Planning Region,09110,PEP,2025,Residual,2023
Capitol Planning Region,-109,Planning Region,09110,PEP,2025,Residual,2024
Capitol Planning Region,55,Planning Region,09110,PEP,2025,Residual,2025
Capitol Planning Region,37801,Planning Region,09110,PEP,2025,Group Quarters Estimates Base,2020
Capitol Planning Region,26077,Planning Region,09110,PEP,2025,Group Quarters Estimates,2020
Capitol Planning Region,32747,Planning Region,09110,PEP,2025,Group Quarters Estimates,2021
Capitol Planning Region,35239,Planning Region,09110,PEP,2025,Group Quarters Estimates,2022
Capitol Planning Region,36381,Planning Region,09110,PEP,2025,Group Quarters Estimates,2023
Capitol Planning Region,37964,Planning Region,09110,PEP,2025,Group Quarters Estimates,2024
Capitol Planning Region,38234,Planning Region,09110,PEP,2025,Group Quarters Estimates,2025
Capitol Planning Region,9.477243356,Planning Region,09110,PEP,2025,Birth Rate,2021
Capitol Planning Region,9.703930981,Planning Region,09110,PEP,2025,Birth Rate,2022
Capitol Planning Region,9.579686527,Planning Region,09110,PEP,2025,Birth Rate,2023
Capitol Planning Region,9.239110306,Planning Region,09110,PEP,2025,Birth Rate,2024
Capitol Planning Region,9.273391085,Planning Region,09110,PEP,2025,Birth Rate,2025
Capitol Planning Region,9.820217499,Planning Region,09110,PEP,2025,Death Rate,2021
Capitol Planning Region,9.930941539,Planning Region,09110,PEP,2025,Death Rate,2022
Capitol Planning Region,9.419224478,Planning Region,09110,PEP,2025,Death Rate,2023
Capitol Planning Region,9.250272328,Planning Region,09110,PEP,2025,Death Rate,2024
Capitol Planning Region,9.041455467,Planning Region,09110,PEP,2025,Death Rate,2025
Capitol Planning Region,-0.342974144,Planning Region,09110,PEP,2025,Natural Change Rate,2021
Capitol Planning Region,-0.227010559,Planning Region,09110,PEP,2025,Natural Change Rate,2022
Capitol Planning Region,0.160462049,Planning Region,09110,PEP,2025,Natural Change Rate,2023
Capitol Planning Region,-0.011162022,Planning Region,09110,PEP,2025,Natural Change Rate,2024
Capitol Planning Region,0.231935619,Planning Region,09110,PEP,2025,Natural Change Rate,2025
Capitol Planning Region,1.75309374,Planning Region,09110,PEP,2025,International Migration Rate,2021
Capitol Planning Region,6.031701357,Planning Region,09110,PEP,2025,International Migration Rate,2022
Capitol Planning Region,7.411915789,Planning Region,09110,PEP,2025,International Migration Rate,2023
Capitol Planning Region,8.236557754,Planning Region,09110,PEP,2025,International Migration Rate,2024
Capitol Planning Region,4.780898993,Planning Region,09110,PEP,2025,International Migration Rate,2025
Capitol Planning Region,6.321261401,Planning Region,09110,PEP,2025,Domestic Migration Rate,2021
Capitol Planning Region,-2.002007143,Planning Region,09110,PEP,2025,Domestic Migration Rate,2022
Capitol Planning Region,-0.491606659,Planning Region,09110,PEP,2025,Domestic Migration Rate,2023
Capitol Planning Region,-0.586513537,Planning Region,09110,PEP,2025,Domestic Migration Rate,2024
Capitol Planning Region,-0.105883652,Planning Region,09110,PEP,2025,Domestic Migration Rate,2025
Capitol Planning Region,6670,Planning Region,09110,PEP,2025,Group Quarters Change,2021
Capitol Planning Region,2492,Planning Region,09110,PEP,2025,Group Quarters Change,2022
Capitol Planning Region,1142,Planning Region,09110,PEP,2025,Group Quarters Change,2023
Capitol Planning Region,1583,Planning Region,09110,PEP,2025,Group Quarters Change,2024
Capitol Planning Region,270,Planning Region,09110,PEP,2025,Group Quarters Change,2025
Chaplin,2149,Town,0915013810,PEP,2025,Estimate Base,2020
Chaplin,2148,Town,0915013810,PEP,2025,Population Estimate,2020
Chaplin,2152,Town,0915013810,PEP,2025,Population Estimate,2021
Chaplin,2154,Town,0915013810,PEP,2025,Population Estimate,2022
Chaplin,2162,Town,0915013810,PEP,2025,Population Estimate,2023
Chaplin,2178,Town,0915013810,PEP,2025,Population Estimate,2024
Chaplin,2187,Town,0915013810,PEP,2025,Population Estimate,2025
Cheshire,28402,Town,0914014160,PEP,2025,Estimate Base,2020
Cheshire,28292,Town,0914014160,PEP,2025,Population Estimate,2020
Cheshire,28429,Town,0914014160,PEP,2025,Population Estimate,2021
Cheshire,28728,Town,0914014160,PEP,2025,Population Estimate,2022
Cheshire,29230,Town,0914014160,PEP,2025,Population Estimate,2023
Cheshire,30573,Town,0914014160,PEP,2025,Population Estimate,2024
Cheshire,30983,Town,0914014160,PEP,2025,Population Estimate,2025
Chester,3747,Town,0913014300,PEP,2025,Estimate Base,2020
Chester,3739,Town,0913014300,PEP,2025,Population Estimate,2020
Chester,3763,Town,0913014300,PEP,2025,Population Estimate,2021
Chester,3769,Town,0913014300,PEP,2025,Population Estimate,2022
Chester,3740,Town,0913014300,PEP,2025,Population Estimate,2023
Chester,3731,Town,0913014300,PEP,2025,Population Estimate,2024
Chester,3726,Town,0913014300,PEP,2025,Population Estimate,2025
Clinton,13183,Town,0913015350,PEP,2025,Estimate Base,2020
Clinton,13168,Town,0913015350,PEP,2025,Population Estimate,2020
Clinton,13377,Town,0913015350,PEP,2025,Population Estimate,2021
Clinton,13416,Town,0913015350,PEP,2025,Population Estimate,2022
Clinton,13429,Town,0913015350,PEP,2025,Population Estimate,2023
Clinton,13438,Town,0913015350,PEP,2025,Population Estimate,2024
Clinton,13439,Town,0913015350,PEP,2025,Population Estimate,2025
Colchester,15577,Town,0918015910,PEP,2025,Estimate Base,2020
Colchester,15520,Town,0918015910,PEP,2025,Population Estimate,2020
Colchester,15677,Town,0918015910,PEP,2025,Population Estimate,2021
Colchester,15708,Town,0918015910,PEP,2025,Population Estimate,2022
Colchester,15737,Town,0918015910,PEP,2025,Population Estimate,2023
Colchester,15812,Town,0918015910,PEP,2025,Population Estimate,2024
Colchester,15825,Town,0918015910,PEP,2025,Population Estimate,2025
Colebrook,1368,Town,0916016050,PEP,2025,Estimate Base,2020
Colebrook,1365,Town,0916016050,PEP,2025,Population Estimate,2020
Colebrook,1373,Town,0916016050,PEP,2025,Population Estimate,2021
Colebrook,1376,Town,0916016050,PEP,2025,Population Estimate,2022
Colebrook,1378,Town,0916016050,PEP,2025,Population Estimate,2023
Colebrook,1385,Town,0916016050,PEP,2025,Population Estimate,2024
Colebrook,1388,Town,0916016050,PEP,2025,Population Estimate,2025
Columbia,5280,Town,0911016400,PEP,2025,Estimate Base,2020
Columbia,5267,Town,0911016400,PEP,2025,Population Estimate,2020
Columbia,5293,Town,0911016400,PEP,2025,Population Estimate,2021
Columbia,5309,Town,0911016400,PEP,2025,Population Estimate,2022
Columbia,5326,Town,0911016400,PEP,2025,Population Estimate,2023
Columbia,5339,Town,0911016400,PEP,2025,Population Estimate,2024
Columbia,5352,Town,0911016400,PEP,2025,Population Estimate,2025
Connecticut,3607750,State,09,PEP,2025,Estimate Base,2020
Connecticut,3579643,State,09,PEP,2025,Population Estimate,2020
Connecticut,3607765,State,09,PEP,2025,Population Estimate,2021
Connecticut,3618707,State,09,PEP,2025,Population Estimate,2022
Connecticut,3641369,State,09,PEP,2025,Population Estimate,2023
Connecticut,3674449,State,09,PEP,2025,Population Estimate,2024
Connecticut,3688496,State,09,PEP,2025,Population Estimate,2025
Connecticut,-28107,State,09,PEP,2025,Population Change (#),2020
Connecticut,28122,State,09,PEP,2025,Population Change (#),2021
Connecticut,10942,State,09,PEP,2025,Population Change (#),2022
Connecticut,22662,State,09,PEP,2025,Population Change (#),2023
Connecticut,33080,State,09,PEP,2025,Population Change (#),2024
Connecticut,14047,State,09,PEP,2025,Population Change (#),2025
Connecticut,8460,State,09,PEP,2025,Births,2020
Connecticut,33924,State,09,PEP,2025,Births,2021
Connecticut,35611,State,09,PEP,2025,Births,2022
Connecticut,35082,State,09,PEP,2025,Births,2023
Connecticut,34584,State,09,PEP,2025,Births,2024
Connecticut,34700,State,09,PEP,2025,Births,2025
Connecticut,11936,State,09,PEP,2025,Deaths,2020
Connecticut,34598,State,09,PEP,2025,Deaths,2021
Connecticut,34903,State,09,PEP,2025,Deaths,2022
Connecticut,33014,State,09,PEP,2025,Deaths,2023
Connecticut,32883,State,09,PEP,2025,Deaths,2024
Connecticut,32417,State,09,PEP,2025,Deaths,2025
Connecticut,-3476,State,09,PEP,2025,Natural Change,2020
Connecticut,-674,State,09,PEP,2025,Natural Change,2021
Connecticut,708,State,09,PEP,2025,Natural Change,2022
Connecticut,2068,State,09,PEP,2025,Natural Change,2023
Connecticut,1701,State,09,PEP,2025,Natural Change,2024
Connecticut,2283,State,09,PEP,2025,Natural Change,2025
Connecticut,409,State,09,PEP,2025,International Migration,2020
Connecticut,6216,State,09,PEP,2025,International Migration,2021
Connecticut,22859,State,09,PEP,2025,International Migration,2022
Connecticut,27669,State,09,PEP,2025,International Migration,2023
Connecticut,35456,State,09,PEP,2025,International Migration,2024
Connecticut,17534,State,09,PEP,2025,International Migration,2025
Connecticut,-21208,State,09,PEP,2025,Domestic Migration,2020
Connecticut,20664,State,09,PEP,2025,Domestic Migration,2021
Connecticut,-11105,State,09,PEP,2025,Domestic Migration,2022
Connecticut,-6498,State,09,PEP,2025,Domestic Migration,2023
Connecticut,-3827,State,09,PEP,2025,Domestic Migration,2024
Connecticut,-5945,State,09,PEP,2025,Domestic Migration,2025
Connecticut,-3832,State,09,PEP,2025,Residual,2020
Connecticut,1916,State,09,PEP,2025,Residual,2021
Connecticut,-1520,State,09,PEP,2025,Residual,2022
Connecticut,-577,State,09,PEP,2025,Residual,2023
Connecticut,-250,State,09,PEP,2025,Residual,2024
Connecticut,175,State,09,PEP,2025,Residual,2025
Connecticut,109801,State,09,PEP,2025,Group Quarters Estimates Base,2020
Connecticut,88243,State,09,PEP,2025,Group Quarters Estimates,2020
Connecticut,101847,State,09,PEP,2025,Group Quarters Estimates,2021
Connecticut,105585,State,09,PEP,2025,Group Quarters Estimates,2022
Connecticut,108738,State,09,PEP,2025,Group Quarters Estimates,2023
Connecticut,111828,State,09,PEP,2025,Group Quarters Estimates,2024
Connecticut,112481,State,09,PEP,2025,Group Quarters Estimates,2025
Connecticut,9.439842569,State,09,PEP,2025,Birth Rate,2021
Connecticut,9.85570829,State,09,PEP,2025,Birth Rate,2022
Connecticut,9.66436164,State,09,PEP,2025,Birth Rate,2023
Connecticut,9.454581839,State,09,PEP,2025,Birth Rate,2024
Connecticut,9.425576315,State,09,PEP,2025,Birth Rate,2025
Connecticut,9.627392796,State,09,PEP,2025,Death Rate,2021
Connecticut,9.659762053,State,09,PEP,2025,Death Rate,2022
Connecticut,9.094670634,State,09,PEP,2025,Death Rate,2023
Connecticut,8.98956207,State,09,PEP,2025,Death Rate,2024
Connecticut,8.805444017,State,09,PEP,2025,Death Rate,2025
Connecticut,-0.187550227,State,09,PEP,2025,Natural Change Rate,2021
Connecticut,0.195946238,State,09,PEP,2025,Natural Change Rate,2022
Connecticut,0.569691006,State,09,PEP,2025,Natural Change Rate,2023
Connecticut,0.46501977,State,09,PEP,2025,Natural Change Rate,2024
Connecticut,0.620132298,State,09,PEP,2025,Natural Change Rate,2025
Connecticut,1.729691705,State,09,PEP,2025,International Migration Rate,2021
Connecticut,6.326461931,State,09,PEP,2025,International Migration Rate,2022
Connecticut,7.622234258,State,09,PEP,2025,International Migration Rate,2023
Connecticut,9.692969399,State,09,PEP,2025,International Migration Rate,2024
Connecticut,4.762768159,State,09,PEP,2025,International Migration Rate,2025
Connecticut,5.750056209,State,09,PEP,2025,Domestic Migration Rate,2021
Connecticut,-3.073422273,State,09,PEP,2025,Domestic Migration Rate,2022
Connecticut,-1.790063906,State,09,PEP,2025,Domestic Migration Rate,2023
Connecticut,-1.046226136,State,09,PEP,2025,Domestic Migration Rate,2024
Connecticut,-1.614842974,State,09,PEP,2025,Domestic Migration Rate,2025
Cornwall,1569,Town,0916017240,PEP,2025,Estimate Base,2020
Cornwall,1567,Town,0916017240,PEP,2025,Population Estimate,2020
Cornwall,1571,Town,0916017240,PEP,2025,Population Estimate,2021
Cornwall,1573,Town,0916017240,PEP,2025,Population Estimate,2022
Cornwall,1577,Town,0916017240,PEP,2025,Population Estimate,2023
Cornwall,1588,Town,0916017240,PEP,2025,Population Estimate,2024
Cornwall,1589,Town,0916017240,PEP,2025,Population Estimate,2025
Coventry,12242,Town,0911017800,PEP,2025,Estimate Base,2020
Coventry,12222,Town,0911017800,PEP,2025,Population Estimate,2020
Coventry,12261,Town,0911017800,PEP,2025,Population Estimate,2021
Coventry,12304,Town,0911017800,PEP,2025,Population Estimate,2022
Coventry,12348,Town,0911017800,PEP,2025,Population Estimate,2023
Coventry,12394,Town,0911017800,PEP,2025,Population Estimate,2024
Coventry,12446,Town,0911017800,PEP,2025,Population Estimate,2025
Cromwell,14225,Town,0913018080,PEP,2025,Estimate Base,2020
Cromwell,14218,Town,0913018080,PEP,2025,Population Estimate,2020
Cromwell,14317,Town,0913018080,PEP,2025,Population Estimate,2021
Cromwell,14363,Town,0913018080,PEP,2025,Population Estimate,2022
Cromwell,14354,Town,0913018080,PEP,2025,Population Estimate,2023
Cromwell,14353,Town,0913018080,PEP,2025,Population Estimate,2024
Cromwell,14350,Town,0913018080,PEP,2025,Population Estimate,2025
Danbury,86859,Town,0919018500,PEP,2025,Estimate Base,2020
Danbury,86078,Town,0919018500,PEP,2025,Population Estimate,2020
Danbury,87087,Town,0919018500,PEP,2025,Population Estimate,2021
Danbury,87284,Town,0919018500,PEP,2025,Population Estimate,2022
Danbury,87294,Town,0919018500,PEP,2025,Population Estimate,2023
Danbury,88924,Town,0919018500,PEP,2025,Population Estimate,2024
Danbury,89033,Town,0919018500,PEP,2025,Population Estimate,2025
Darien,21513,Town,0919018850,PEP,2025,Estimate Base,2020
Darien,21457,Town,0919018850,PEP,2025,Population Estimate,2020
Darien,21586,Town,0919018850,PEP,2025,Population Estimate,2021
Darien,22011,Town,0919018850,PEP,2025,Population Estimate,2022
Darien,22194,Town,0919018850,PEP,2025,Population Estimate,2023
Darien,22539,Town,0919018850,PEP,2025,Population Estimate,2024
Darien,22583,Town,0919018850,PEP,2025,Population Estimate,2025
Deep River,4415,Town,0913019130,PEP,2025,Estimate Base,2020
Deep River,4407,Town,0913019130,PEP,2025,Population Estimate,2020
Deep River,4444,Town,0913019130,PEP,2025,Population Estimate,2021
Deep River,4451,Town,0913019130,PEP,2025,Population Estimate,2022
Deep River,4462,Town,0913019130,PEP,2025,Population Estimate,2023
Deep River,4471,Town,0913019130,PEP,2025,Population Estimate,2024
Deep River,4468,Town,0913019130,PEP,2025,Population Estimate,2025
Derby,12327,Town,0914019550,PEP,2025,Estimate Base,2020
Derby,12311,Town,0914019550,PEP,2025,Population Estimate,2020
Derby,12351,Town,0914019550,PEP,2025,Population Estimate,2021
Derby,12379,Town,0914019550,PEP,2025,Population Estimate,2022
Derby,12440,Town,0914019550,PEP,2025,Population Estimate,2023
Derby,12895,Town,0914019550,PEP,2025,Population Estimate,2024
Derby,12925,Town,0914019550,PEP,2025,Population Estimate,2025
Durham,7154,Town,0913020810,PEP,2025,Estimate Base,2020
Durham,7143,Town,0913020810,PEP,2025,Population Estimate,2020
Durham,7199,Town,0913020810,PEP,2025,Population Estimate,2021
Durham,7211,Town,0913020810,PEP,2025,Population Estimate,2022
Durham,7215,Town,0913020810,PEP,2025,Population Estimate,2023
Durham,7217,Town,0913020810,PEP,2025,Population Estimate,2024
Durham,7209,Town,0913020810,PEP,2025,Population Estimate,2025
East Granby,5221,Town,0911022070,PEP,2025,Estimate Base,2020
East Granby,5208,Town,0911022070,PEP,2025,Population Estimate,2020
East Granby,5205,Town,0911022070,PEP,2025,Population Estimate,2021
East Granby,5231,Town,0911022070,PEP,2025,Population Estimate,2022
East Granby,5237,Town,0911022070,PEP,2025,Population Estimate,2023
East Granby,5259,Town,0911022070,PEP,2025,Population Estimate,2024
East Granby,5432,Town,0911022070,PEP,2025,Population Estimate,2025
East Haddam,8877,Town,0913022280,PEP,2025,Estimate Base,2020
East Haddam,8861,Town,0913022280,PEP,2025,Population Estimate,2020
East Haddam,8942,Town,0913022280,PEP,2025,Population Estimate,2021
East Haddam,8962,Town,0913022280,PEP,2025,Population Estimate,2022
East Haddam,9002,Town,0913022280,PEP,2025,Population Estimate,2023
East Haddam,9032,Town,0913022280,PEP,2025,Population Estimate,2024
East Haddam,9043,Town,0913022280,PEP,2025,Population Estimate,2025
East Hampton,12708,Town,0913022490,PEP,2025,Estimate Base,2020
East Hampton,12689,Town,0913022490,PEP,2025,Population Estimate,2020
East Hampton,12806,Town,0913022490,PEP,2025,Population Estimate,2021
East Hampton,12964,Town,0913022490,PEP,2025,Population Estimate,2022
East Hampton,12998,Town,0913022490,PEP,2025,Population Estimate,2023
East Hampton,13076,Town,0913022490,PEP,2025,Population Estimate,2024
East Hampton,13134,Town,0913022490,PEP,2025,Population Estimate,2025
East Hartford,51052,Town,0911022630,PEP,2025,Estimate Base,2020
East Hartford,50875,Town,0911022630,PEP,2025,Population Estimate,2020
East Hartford,50842,Town,0911022630,PEP,2025,Population Estimate,2021
East Hartford,50785,Town,0911022630,PEP,2025,Population Estimate,2022
East Hartford,50843,Town,0911022630,PEP,2025,Population Estimate,2023
East Hartford,50914,Town,0911022630,PEP,2025,Population Estimate,2024
East Hartford,50968,Town,0911022630,PEP,2025,Population Estimate,2025
East Haven,27939,Town,0917022910,PEP,2025,Estimate Base,2020
East Haven,27835,Town,0917022910,PEP,2025,Population Estimate,2020
East Haven,27800,Town,0917022910,PEP,2025,Population Estimate,2021
East Haven,27723,Town,0917022910,PEP,2025,Population Estimate,2022
East Haven,27710,Town,0917022910,PEP,2025,Population Estimate,2023
East Haven,27964,Town,0917022910,PEP,2025,Population Estimate,2024
East Haven,27925,Town,0917022910,PEP,2025,Population Estimate,2025
East Lyme,18691,Town,0918023400,PEP,2025,Estimate Base,2020
East Lyme,18431,Town,0918023400,PEP,2025,Population Estimate,2020
East Lyme,18550,Town,0918023400,PEP,2025,Population Estimate,2021
East Lyme,18700,Town,0918023400,PEP,2025,Population Estimate,2022
East Lyme,18948,Town,0918023400,PEP,2025,Population Estimate,2023
East Lyme,19016,Town,0918023400,PEP,2025,Population Estimate,2024
East Lyme,19223,Town,0918023400,PEP,2025,Population Estimate,2025
East Windsor,11197,Town,0911024800,PEP,2025,Estimate Base,2020
East Windsor,11151,Town,0911024800,PEP,2025,Population Estimate,2020
East Windsor,11161,Town,0911024800,PEP,2025,Population Estimate,2021
East Windsor,11183,Town,0911024800,PEP,2025,Population Estimate,2022
East Windsor,11234,Town,0911024800,PEP,2025,Population Estimate,2023
East Windsor,11293,Town,0911024800,PEP,2025,Population Estimate,2024
East Windsor,11342,Town,0911024800,PEP,2025,Population Estimate,2025
Eastford,1645,Town,0915021860,PEP,2025,Estimate Base,2020
Eastford,1648,Town,0915021860,PEP,2025,Population Estimate,2020
Eastford,1666,Town,0915021860,PEP,2025,Population Estimate,2021
Eastford,1673,Town,0915021860,PEP,2025,Population Estimate,2022
Eastford,1690,Town,0915021860,PEP,2025,Population Estimate,2023
Eastford,1703,Town,0915021860,PEP,2025,Population Estimate,2024
Eastford,1715,Town,0915021860,PEP,2025,Population Estimate,2025
Easton,7610,Town,0912023890,PEP,2025,Estimate Base,2020
Easton,7587,Town,0912023890,PEP,2025,Population Estimate,2020
Easton,7624,Town,0912023890,PEP,2025,Population Estimate,2021
Easton,7680,Town,0912023890,PEP,2025,Population Estimate,2022
Easton,7730,Town,0912023890,PEP,2025,Population Estimate,2023
Easton,7839,Town,0912023890,PEP,2025,Population Estimate,2024
Easton,7838,Town,0912023890,PEP,2025,Population Estimate,2025
Ellington,16427,Town,0911025360,PEP,2025,Estimate Base,2020
Ellington,16397,Town,0911025360,PEP,2025,Population Estimate,2020
Ellington,16417,Town,0911025360,PEP,2025,Population Estimate,2021
Ellington,16427,Town,0911025360,PEP,2025,Population Estimate,2022
Ellington,16485,Town,0911025360,PEP,2025,Population Estimate,2023
Ellington,16542,Town,0911025360,PEP,2025,Population Estimate,2024
Ellington,16594,Town,0911025360,PEP,2025,Population Estimate,2025
Enfield,42124,Town,0911025990,PEP,2025,Estimate Base,2020
Enfield,41180,Town,0911025990,PEP,2025,Population Estimate,2020
Enfield,40773,Town,0911025990,PEP,2025,Population Estimate,2021
Enfield,41305,Town,0911025990,PEP,2025,Population Estimate,2022
Enfield,40932,Town,0911025990,PEP,2025,Population Estimate,2023
Enfield,40982,Town,0911025990,PEP,2025,Population Estimate,2024
Enfield,41142,Town,0911025990,PEP,2025,Population Estimate,2025
Essex,6737,Town,0913026270,PEP,2025,Estimate Base,2020
Essex,6726,Town,0913026270,PEP,2025,Population Estimate,2020
Essex,6781,Town,0913026270,PEP,2025,Population Estimate,2021
Essex,6803,Town,0913026270,PEP,2025,Population Estimate,2022
Essex,6820,Town,0913026270,PEP,2025,Population Estimate,2023
Essex,6820,Town,0913026270,PEP,2025,Population Estimate,2024
Essex,6819,Town,0913026270,PEP,2025,Population Estimate,2025
Fairfield,61511,Town,0912026620,PEP,2025,Estimate Base,2020
Fairfield,61466,Town,0912026620,PEP,2025,Population Estimate,2020
Fairfield,62789,Town,0912026620,PEP,2025,Population Estimate,2021
Fairfield,63424,Town,0912026620,PEP,2025,Population Estimate,2022
Fairfield,64379,Town,0912026620,PEP,2025,Population Estimate,2023
Fairfield,65902,Town,0912026620,PEP,2025,Population Estimate,2024
Fairfield,66262,Town,0912026620,PEP,2025,Population Estimate,2025
Farmington,26708,Town,0911027600,PEP,2025,Estimate Base,2020
Farmington,26634,Town,0911027600,PEP,2025,Population Estimate,2020
Farmington,26679,Town,0911027600,PEP,2025,Population Estimate,2021
Farmington,26742,Town,0911027600,PEP,2025,Population Estimate,2022
Farmington,27355,Town,0911027600,PEP,2025,Population Estimate,2023
Farmington,28057,Town,0911027600,PEP,2025,Population Estimate,2024
Farmington,28632,Town,0911027600,PEP,2025,Population Estimate,2025
Franklin,1863,Town,0918029910,PEP,2025,Estimate Base,2020
Franklin,1858,Town,0918029910,PEP,2025,Population Estimate,2020
Franklin,1867,Town,0918029910,PEP,2025,Population Estimate,2021
Franklin,1872,Town,0918029910,PEP,2025,Population Estimate,2022
Franklin,1892,Town,0918029910,PEP,2025,Population Estimate,2023
Franklin,1898,Town,0918029910,PEP,2025,Population Estimate,2024
Franklin,1915,Town,0918029910,PEP,2025,Population Estimate,2025
Glastonbury,35166,Town,0911031240,PEP,2025,Estimate Base,2020
Glastonbury,35071,Town,0911031240,PEP,2025,Population Estimate,2020
Glastonbury,35181,Town,0911031240,PEP,2025,Population Estimate,2021
Glastonbury,35218,Town,0911031240,PEP,2025,Population Estimate,2022
Glastonbury,35326,Town,0911031240,PEP,2025,Population Estimate,2023
Glastonbury,35413,Town,0911031240,PEP,2025,Population Estimate,2024
Glastonbury,35503,Town,0911031240,PEP,2025,Population Estimate,2025
Goshen,3155,Town,0916032290,PEP,2025,Estimate Base,2020
Goshen,3150,Town,0916032290,PEP,2025,Population Estimate,2020
Goshen,3171,Town,0916032290,PEP,2025,Population Estimate,2021
Goshen,3207,Town,0916032290,PEP,2025,Population Estimate,2022
Goshen,3235,Town,0916032290,PEP,2025,Population Estimate,2023
Goshen,3272,Town,0916032290,PEP,2025,Population Estimate,2024
Goshen,3298,Town,0916032290,PEP,2025,Population Estimate,2025
Granby,10892,Town,0911032640,PEP,2025,Estimate Base,2020
Granby,10889,Town,0911032640,PEP,2025,Population Estimate,2020
Granby,10971,Town,0911032640,PEP,2025,Population Estimate,2021
Granby,11050,Town,0911032640,PEP,2025,Population Estimate,2022
Granby,11275,Town,0911032640,PEP,2025,Population Estimate,2023
Granby,11714,Town,0911032640,PEP,2025,Population Estimate,2024
Granby,11963,Town,0911032640,PEP,2025,Population Estimate,2025
Greater Bridgeport Planning Region,325800,Planning Region,09120,PEP,2025,Estimate Base,2020
Greater Bridgeport Planning Region,324360,Planning Region,09120,PEP,2025,Population Estimate,2020
Greater Bridgeport Planning Region,326850,Planning Region,09120,PEP,2025,Population Estimate,2021
Greater Bridgeport Planning Region,328996,Planning Region,09120,PEP,2025,Population Estimate,2022
Greater Bridgeport Planning Region,332081,Planning Region,09120,PEP,2025,Population Estimate,2023
Greater Bridgeport Planning Region,336391,Planning Region,09120,PEP,2025,Population Estimate,2024
Greater Bridgeport Planning Region,337697,Planning Region,09120,PEP,2025,Population Estimate,2025
Greater Bridgeport Planning Region,-1440,Planning Region,09120,PEP,2025,Population Change (#),2020
Greater Bridgeport Planning Region,2490,Planning Region,09120,PEP,2025,Population Change (#),2021
Greater Bridgeport Planning Region,2146,Planning Region,09120,PEP,2025,Population Change (#),2022
Greater Bridgeport Planning Region,3085,Planning Region,09120,PEP,2025,Population Change (#),2023
Greater Bridgeport Planning Region,4310,Planning Region,09120,PEP,2025,Population Change (#),2024
Greater Bridgeport Planning Region,1306,Planning Region,09120,PEP,2025,Population Change (#),2025
Greater Bridgeport Planning Region,823,Planning Region,09120,PEP,2025,Births,2020
Greater Bridgeport Planning Region,3277,Planning Region,09120,PEP,2025,Births,2021
Greater Bridgeport Planning Region,3515,Planning Region,09120,PEP,2025,Births,2022
Greater Bridgeport Planning Region,3448,Planning Region,09120,PEP,2025,Births,2023
Greater Bridgeport Planning Region,3459,Planning Region,09120,PEP,2025,Births,2024
Greater Bridgeport Planning Region,3427,Planning Region,09120,PEP,2025,Births,2025
Greater Bridgeport Planning Region,1015,Planning Region,09120,PEP,2025,Deaths,2020
Greater Bridgeport Planning Region,2557,Planning Region,09120,PEP,2025,Deaths,2021
Greater Bridgeport Planning Region,2535,Planning Region,09120,PEP,2025,Deaths,2022
Greater Bridgeport Planning Region,2518,Planning Region,09120,PEP,2025,Deaths,2023
Greater Bridgeport Planning Region,2484,Planning Region,09120,PEP,2025,Deaths,2024
Greater Bridgeport Planning Region,2453,Planning Region,09120,PEP,2025,Deaths,2025
Greater Bridgeport Planning Region,-192,Planning Region,09120,PEP,2025,Natural Change,2020
Greater Bridgeport Planning Region,720,Planning Region,09120,PEP,2025,Natural Change,2021
Greater Bridgeport Planning Region,980,Planning Region,09120,PEP,2025,Natural Change,2022
Greater Bridgeport Planning Region,930,Planning Region,09120,PEP,2025,Natural Change,2023
Greater Bridgeport Planning Region,975,Planning Region,09120,PEP,2025,Natural Change,2024
Greater Bridgeport Planning Region,974,Planning Region,09120,PEP,2025,Natural Change,2025
Greater Bridgeport Planning Region,37,Planning Region,09120,PEP,2025,International Migration,2020
Greater Bridgeport Planning Region,902,Planning Region,09120,PEP,2025,International Migration,2021
Greater Bridgeport Planning Region,3769,Planning Region,09120,PEP,2025,International Migration,2022
Greater Bridgeport Planning Region,4261,Planning Region,09120,PEP,2025,International Migration,2023
Greater Bridgeport Planning Region,5064,Planning Region,09120,PEP,2025,International Migration,2024
Greater Bridgeport Planning Region,2361,Planning Region,09120,PEP,2025,International Migration,2025
Greater Bridgeport Planning Region,-1163,Planning Region,09120,PEP,2025,Domestic Migration,2020
Greater Bridgeport Planning Region,590,Planning Region,09120,PEP,2025,Domestic Migration,2021
Greater Bridgeport Planning Region,-2580,Planning Region,09120,PEP,2025,Domestic Migration,2022
Greater Bridgeport Planning Region,-2127,Planning Region,09120,PEP,2025,Domestic Migration,2023
Greater Bridgeport Planning Region,-1741,Planning Region,09120,PEP,2025,Domestic Migration,2024
Greater Bridgeport Planning Region,-2044,Planning Region,09120,PEP,2025,Domestic Migration,2025
Greater Bridgeport Planning Region,-122,Planning Region,09120,PEP,2025,Residual,2020
Greater Bridgeport Planning Region,278,Planning Region,09120,PEP,2025,Residual,2021
Greater Bridgeport Planning Region,-23,Planning Region,09120,PEP,2025,Residual,2022
Greater Bridgeport Planning Region,21,Planning Region,09120,PEP,2025,Residual,2023
Greater Bridgeport Planning Region,12,Planning Region,09120,PEP,2025,Residual,2024
Greater Bridgeport Planning Region,15,Planning Region,09120,PEP,2025,Residual,2025
Greater Bridgeport Planning Region,9809,Planning Region,09120,PEP,2025,Group Quarters Estimates Base,2020
Greater Bridgeport Planning Region,9150,Planning Region,09120,PEP,2025,Group Quarters Estimates,2020
Greater Bridgeport Planning Region,10158,Planning Region,09120,PEP,2025,Group Quarters Estimates,2021
Greater Bridgeport Planning Region,10570,Planning Region,09120,PEP,2025,Group Quarters Estimates,2022
Greater Bridgeport Planning Region,11027,Planning Region,09120,PEP,2025,Group Quarters Estimates,2023
Greater Bridgeport Planning Region,11057,Planning Region,09120,PEP,2025,Group Quarters Estimates,2024
Greater Bridgeport Planning Region,11070,Planning Region,09120,PEP,2025,Group Quarters Estimates,2025
Greater Bridgeport Planning Region,10.06434176,Planning Region,09120,PEP,2025,Birth Rate,2021
Greater Bridgeport Planning Region,10.71897976,Planning Region,09120,PEP,2025,Birth Rate,2022
Greater Bridgeport Planning Region,10.4314626,Planning Region,09120,PEP,2025,Birth Rate,2023
Greater Bridgeport Planning Region,10.34897498,Planning Region,09120,PEP,2025,Birth Rate,2024
Greater Bridgeport Planning Region,10.16781192,Planning Region,09120,PEP,2025,Birth Rate,2025
Greater Bridgeport Planning Region,7.853073509,Planning Region,09120,PEP,2025,Death Rate,2021
Greater Bridgeport Planning Region,7.730473312,Planning Region,09120,PEP,2025,Death Rate,2022
Greater Bridgeport Planning Region,7.617872048,Planning Region,09120,PEP,2025,Death Rate,2023
Greater Bridgeport Planning Region,7.431874484,Planning Region,09120,PEP,2025,Death Rate,2024
Greater Bridgeport Planning Region,7.27798151,Planning Region,09120,PEP,2025,Death Rate,2025
Greater Bridgeport Planning Region,2.211268255,Planning Region,09120,PEP,2025,Natural Change Rate,2021
Greater Bridgeport Planning Region,2.988506448,Planning Region,09120,PEP,2025,Natural Change Rate,2022
Greater Bridgeport Planning Region,2.81359055,Planning Region,09120,PEP,2025,Natural Change Rate,2023
Greater Bridgeport Planning Region,2.917100492,Planning Region,09120,PEP,2025,Natural Change Rate,2024
Greater Bridgeport Planning Region,2.889830408,Planning Region,09120,PEP,2025,Natural Change Rate,2025
Greater Bridgeport Planning Region,2.77022773,Planning Region,09120,PEP,2025,International Migration Rate,2021
Greater Bridgeport Planning Region,11.49355184,Planning Region,09120,PEP,2025,International Migration Rate,2022
Greater Bridgeport Planning Region,12.89108531,Planning Region,09120,PEP,2025,International Migration Rate,2023
Greater Bridgeport Planning Region,15.15097117,Planning Region,09120,PEP,2025,International Migration Rate,2024
Greater Bridgeport Planning Region,7.005020116,Planning Region,09120,PEP,2025,International Migration Rate,2025
Greater Bridgeport Planning Region,1.812011486,Planning Region,09120,PEP,2025,Domestic Migration Rate,2021
Greater Bridgeport Planning Region,-7.867700649,Planning Region,09120,PEP,2025,Domestic Migration Rate,2022
Greater Bridgeport Planning Region,-6.434953871,Planning Region,09120,PEP,2025,Domestic Migration Rate,2023
Greater Bridgeport Planning Region,-5.208894314,Planning Region,09120,PEP,2025,Domestic Migration Rate,2024
Greater Bridgeport Planning Region,-6.064490096,Planning Region,09120,PEP,2025,Domestic Migration Rate,2025
Greater Bridgeport Planning Region,1008,Planning Region,09120,PEP,2025,Group Quarters Change,2021
Greater Bridgeport Planning Region,412,Planning Region,09120,PEP,2025,Group Quarters Change,2022
Greater Bridgeport Planning Region,457,Planning Region,09120,PEP,2025,Group Quarters Change,2023
Greater Bridgeport Planning Region,30,Planning Region,09120,PEP,2025,Group Quarters Change,2024
Greater Bridgeport Planning Region,13,Planning Region,09120,PEP,2025,Group Quarters Change,2025
Greenwich,63542,Town,0919033620,PEP,2025,Estimate Base,2020
Greenwich,63336,Town,0919033620,PEP,2025,Population Estimate,2020
Greenwich,63587,Town,0919033620,PEP,2025,Population Estimate,2021
Greenwich,63809,Town,0919033620,PEP,2025,Population Estimate,2022
Greenwich,63995,Town,0919033620,PEP,2025,Population Estimate,2023
Greenwich,64642,Town,0919033620,PEP,2025,Population Estimate,2024
Greenwich,64801,Town,0919033620,PEP,2025,Population Estimate,2025
Griswold,11405,Town,0918033900,PEP,2025,Estimate Base,2020
Griswold,11421,Town,0918033900,PEP,2025,Population Estimate,2020
Griswold,11437,Town,0918033900,PEP,2025,Population Estimate,2021
Griswold,11466,Town,0918033900,PEP,2025,Population Estimate,2022
Griswold,11639,Town,0918033900,PEP,2025,Population Estimate,2023
Griswold,11690,Town,0918033900,PEP,2025,Population Estimate,2024
Griswold,11690,Town,0918033900,PEP,2025,Population Estimate,2025
Groton,38397,Town,0918034250,PEP,2025,Estimate Base,2020
Groton,38339,Town,0918034250,PEP,2025,Population Estimate,2020
Groton,38369,Town,0918034250,PEP,2025,Population Estimate,2021
Groton,37988,Town,0918034250,PEP,2025,Population Estimate,2022
Groton,38076,Town,0918034250,PEP,2025,Population Estimate,2023
Groton,39130,Town,0918034250,PEP,2025,Population Estimate,2024
Groton,39138,Town,0918034250,PEP,2025,Population Estimate,2025
Guilford,22076,Town,0917034950,PEP,2025,Estimate Base,2020
Guilford,22017,Town,0917034950,PEP,2025,Population Estimate,2020
Guilford,22037,Town,0917034950,PEP,2025,Population Estimate,2021
Guilford,22052,Town,0917034950,PEP,2025,Population Estimate,2022
Guilford,22135,Town,0917034950,PEP,2025,Population Estimate,2023
Guilford,22262,Town,0917034950,PEP,2025,Population Estimate,2024
Guilford,22322,Town,0917034950,PEP,2025,Population Estimate,2025
Haddam,8455,Town,0913035230,PEP,2025,Estimate Base,2020
Haddam,8440,Town,0913035230,PEP,2025,Population Estimate,2020
Haddam,8511,Town,0913035230,PEP,2025,Population Estimate,2021
Haddam,8679,Town,0913035230,PEP,2025,Population Estimate,2022
Haddam,8786,Town,0913035230,PEP,2025,Population Estimate,2023
Haddam,8788,Town,0913035230,PEP,2025,Population Estimate,2024
Haddam,8947,Town,0913035230,PEP,2025,Population Estimate,2025
Hamden,61277,Town,0917035650,PEP,2025,Estimate Base,2020
Hamden,60761,Town,0917035650,PEP,2025,Population Estimate,2020
Hamden,60780,Town,0917035650,PEP,2025,Population Estimate,2021
Hamden,60813,Town,0917035650,PEP,2025,Population Estimate,2022
Hamden,61407,Town,0917035650,PEP,2025,Population Estimate,2023
Hamden,61919,Town,0917035650,PEP,2025,Population Estimate,2024
Hamden,61824,Town,0917035650,PEP,2025,Population Estimate,2025
Hampton,1731,Town,0915036000,PEP,2025,Estimate Base,2020
Hampton,1732,Town,0915036000,PEP,2025,Population Estimate,2020
Hampton,1735,Town,0915036000,PEP,2025,Population Estimate,2021
Hampton,1737,Town,0915036000,PEP,2025,Population Estimate,2022
Hampton,1744,Town,0915036000,PEP,2025,Population Estimate,2023
Hampton,1758,Town,0915036000,PEP,2025,Population Estimate,2024
Hampton,1768,Town,0915036000,PEP,2025,Population Estimate,2025
Hartford,121657,Town,0911037070,PEP,2025,Estimate Base,2020
Hartford,120479,Town,0911037070,PEP,2025,Population Estimate,2020
Hartford,120803,Town,0911037070,PEP,2025,Population Estimate,2021
Hartford,120823,Town,0911037070,PEP,2025,Population Estimate,2022
Hartford,121137,Town,0911037070,PEP,2025,Population Estimate,2023
Hartford,121841,Town,0911037070,PEP,2025,Population Estimate,2024
Hartford,121981,Town,0911037070,PEP,2025,Population Estimate,2025
Hartland,1902,Town,0916037140,PEP,2025,Estimate Base,2020
Hartland,1898,Town,0916037140,PEP,2025,Population Estimate,2020
Hartland,1907,Town,0916037140,PEP,2025,Population Estimate,2021
Hartland,1910,Town,0916037140,PEP,2025,Population Estimate,2022
Hartland,1915,Town,0916037140,PEP,2025,Population Estimate,2023
Hartland,1924,Town,0916037140,PEP,2025,Population Estimate,2024
Hartland,1928,Town,0916037140,PEP,2025,Population Estimate,2025
Harwinton,5483,Town,0916037280,PEP,2025,Estimate Base,2020
Harwinton,5474,Town,0916037280,PEP,2025,Population Estimate,2020
Harwinton,5522,Town,0916037280,PEP,2025,Population Estimate,2021
Harwinton,5564,Town,0916037280,PEP,2025,Population Estimate,2022
Harwinton,5612,Town,0916037280,PEP,2025,Population Estimate,2023
Harwinton,5695,Town,0916037280,PEP,2025,Population Estimate,2024
Harwinton,5751,Town,0916037280,PEP,2025,Population Estimate,2025
Hebron,9075,Town,0911037910,PEP,2025,Estimate Base,2020
Hebron,9059,Town,0911037910,PEP,2025,Population Estimate,2020
Hebron,9087,Town,0911037910,PEP,2025,Population Estimate,2021
Hebron,9120,Town,0911037910,PEP,2025,Population Estimate,2022
Hebron,9167,Town,0911037910,PEP,2025,Population Estimate,2023
Hebron,9212,Town,0911037910,PEP,2025,Population Estimate,2024
Hebron,9256,Town,0911037910,PEP,2025,Population Estimate,2025
Kent,3021,Town,0916040290,PEP,2025,Estimate Base,2020
Kent,3016,Town,0916040290,PEP,2025,Population Estimate,2020
Kent,3044,Town,0916040290,PEP,2025,Population Estimate,2021
Kent,3054,Town,0916040290,PEP,2025,Population Estimate,2022
Kent,3064,Town,0916040290,PEP,2025,Population Estimate,2023
Kent,3084,Town,0916040290,PEP,2025,Population Estimate,2024
Kent,3101,Town,0916040290,PEP,2025,Population Estimate,2025
Killingly,17715,Town,0915040500,PEP,2025,Estimate Base,2020
Killingly,17684,Town,0915040500,PEP,2025,Population Estimate,2020
Killingly,17722,Town,0915040500,PEP,2025,Population Estimate,2021
Killingly,17795,Town,0915040500,PEP,2025,Population Estimate,2022
Killingly,17930,Town,0915040500,PEP,2025,Population Estimate,2023
Killingly,18073,Town,0915040500,PEP,2025,Population Estimate,2024
Killingly,18177,Town,0915040500,PEP,2025,Population Estimate,2025
Killingworth,6169,Town,0913040710,PEP,2025,Estimate Base,2020
Killingworth,6160,Town,0913040710,PEP,2025,Population Estimate,2020
Killingworth,6231,Town,0913040710,PEP,2025,Population Estimate,2021
Killingworth,6250,Town,0913040710,PEP,2025,Population Estimate,2022
Killingworth,6271,Town,0913040710,PEP,2025,Population Estimate,2023
Killingworth,6285,Town,0913040710,PEP,2025,Population Estimate,2024
Killingworth,6288,Town,0913040710,PEP,2025,Population Estimate,2025
Lebanon,7139,Town,0918042390,PEP,2025,Estimate Base,2020
Lebanon,7123,Town,0918042390,PEP,2025,Population Estimate,2020
Lebanon,7120,Town,0918042390,PEP,2025,Population Estimate,2021
Lebanon,7102,Town,0918042390,PEP,2025,Population Estimate,2022
Lebanon,7110,Town,0918042390,PEP,2025,Population Estimate,2023
Lebanon,7140,Town,0918042390,PEP,2025,Population Estimate,2024
Lebanon,7142,Town,0918042390,PEP,2025,Population Estimate,2025
Ledyard,15425,Town,0918042600,PEP,2025,Estimate Base,2020
Ledyard,15390,Town,0918042600,PEP,2025,Population Estimate,2020
Ledyard,15384,Town,0918042600,PEP,2025,Population Estimate,2021
Ledyard,15400,Town,0918042600,PEP,2025,Population Estimate,2022
Ledyard,15473,Town,0918042600,PEP,2025,Population Estimate,2023
Ledyard,15589,Town,0918042600,PEP,2025,Population Estimate,2024
Ledyard,15601,Town,0918042600,PEP,2025,Population Estimate,2025
Lisbon,4191,Town,0918043230,PEP,2025,Estimate Base,2020
Lisbon,4187,Town,0918043230,PEP,2025,Population Estimate,2020
Lisbon,4209,Town,0918043230,PEP,2025,Population Estimate,2021
Lisbon,4225,Town,0918043230,PEP,2025,Population Estimate,2022
Lisbon,4230,Town,0918043230,PEP,2025,Population Estimate,2023
Lisbon,4252,Town,0918043230,PEP,2025,Population Estimate,2024
Lisbon,4260,Town,0918043230,PEP,2025,Population Estimate,2025
Litchfield,8197,Town,0916043370,PEP,2025,Estimate Base,2020
Litchfield,8185,Town,0916043370,PEP,2025,Population Estimate,2020
Litchfield,8267,Town,0916043370,PEP,2025,Population Estimate,2021
Litchfield,8283,Town,0916043370,PEP,2025,Population Estimate,2022
Litchfield,8300,Town,0916043370,PEP,2025,Population Estimate,2023
Litchfield,8350,Town,0916043370,PEP,2025,Population Estimate,2024
Litchfield,8381,Town,0916043370,PEP,2025,Population Estimate,2025
Lower Connecticut River Valley Planning Region,174226,Planning Region,09130,PEP,2025,Estimate Base,2020
Lower Connecticut River Valley Planning Region,173266,Planning Region,09130,PEP,2025,Population Estimate,2020
Lower Connecticut River Valley Planning Region,175512,Planning Region,09130,PEP,2025,Population Estimate,2021
Lower Connecticut River Valley Planning Region,176095,Planning Region,09130,PEP,2025,Population Estimate,2022
Lower Connecticut River Valley Planning Region,176419,Planning Region,09130,PEP,2025,Population Estimate,2023
Lower Connecticut River Valley Planning Region,177047,Planning Region,09130,PEP,2025,Population Estimate,2024
Lower Connecticut River Valley Planning Region,177311,Planning Region,09130,PEP,2025,Population Estimate,2025
Lower Connecticut River Valley Planning Region,-960,Planning Region,09130,PEP,2025,Population Change (#),2020
Lower Connecticut River Valley Planning Region,2246,Planning Region,09130,PEP,2025,Population Change (#),2021
Lower Connecticut River Valley Planning Region,583,Planning Region,09130,PEP,2025,Population Change (#),2022
Lower Connecticut River Valley Planning Region,324,Planning Region,09130,PEP,2025,Population Change (#),2023
Lower Connecticut River Valley Planning Region,628,Planning Region,09130,PEP,2025,Population Change (#),2024
Lower Connecticut River Valley Planning Region,264,Planning Region,09130,PEP,2025,Population Change (#),2025
Lower Connecticut River Valley Planning Region,353,Planning Region,09130,PEP,2025,Births,2020
Lower Connecticut River Valley Planning Region,1350,Planning Region,09130,PEP,2025,Births,2021
Lower Connecticut River Valley Planning Region,1482,Planning Region,09130,PEP,2025,Births,2022
Lower Connecticut River Valley Planning Region,1333,Planning Region,09130,PEP,2025,Births,2023
Lower Connecticut River Valley Planning Region,1401,Planning Region,09130,PEP,2025,Births,2024
Lower Connecticut River Valley Planning Region,1431,Planning Region,09130,PEP,2025,Births,2025
Lower Connecticut River Valley Planning Region,550,Planning Region,09130,PEP,2025,Deaths,2020
Lower Connecticut River Valley Planning Region,1769,Planning Region,09130,PEP,2025,Deaths,2021
Lower Connecticut River Valley Planning Region,1835,Planning Region,09130,PEP,2025,Deaths,2022
Lower Connecticut River Valley Planning Region,1726,Planning Region,09130,PEP,2025,Deaths,2023
Lower Connecticut River Valley Planning Region,1766,Planning Region,09130,PEP,2025,Deaths,2024
Lower Connecticut River Valley Planning Region,1755,Planning Region,09130,PEP,2025,Deaths,2025
Lower Connecticut River Valley Planning Region,-197,Planning Region,09130,PEP,2025,Natural Change,2020
Lower Connecticut River Valley Planning Region,-419,Planning Region,09130,PEP,2025,Natural Change,2021
Lower Connecticut River Valley Planning Region,-353,Planning Region,09130,PEP,2025,Natural Change,2022
Lower Connecticut River Valley Planning Region,-393,Planning Region,09130,PEP,2025,Natural Change,2023
Lower Connecticut River Valley Planning Region,-365,Planning Region,09130,PEP,2025,Natural Change,2024
Lower Connecticut River Valley Planning Region,-324,Planning Region,09130,PEP,2025,Natural Change,2025
Lower Connecticut River Valley Planning Region,3,Planning Region,09130,PEP,2025,International Migration,2020
Lower Connecticut River Valley Planning Region,130,Planning Region,09130,PEP,2025,International Migration,2021
Lower Connecticut River Valley Planning Region,465,Planning Region,09130,PEP,2025,International Migration,2022
Lower Connecticut River Valley Planning Region,578,Planning Region,09130,PEP,2025,International Migration,2023
Lower Connecticut River Valley Planning Region,777,Planning Region,09130,PEP,2025,International Migration,2024
Lower Connecticut River Valley Planning Region,379,Planning Region,09130,PEP,2025,International Migration,2025
Lower Connecticut River Valley Planning Region,-662,Planning Region,09130,PEP,2025,Domestic Migration,2020
Lower Connecticut River Valley Planning Region,2555,Planning Region,09130,PEP,2025,Domestic Migration,2021
Lower Connecticut River Valley Planning Region,586,Planning Region,09130,PEP,2025,Domestic Migration,2022
Lower Connecticut River Valley Planning Region,175,Planning Region,09130,PEP,2025,Domestic Migration,2023
Lower Connecticut River Valley Planning Region,244,Planning Region,09130,PEP,2025,Domestic Migration,2024
Lower Connecticut River Valley Planning Region,197,Planning Region,09130,PEP,2025,Domestic Migration,2025
Lower Connecticut River Valley Planning Region,-104,Planning Region,09130,PEP,2025,Residual,2020
Lower Connecticut River Valley Planning Region,-20,Planning Region,09130,PEP,2025,Residual,2021
Lower Connecticut River Valley Planning Region,-115,Planning Region,09130,PEP,2025,Residual,2022
Lower Connecticut River Valley Planning Region,-36,Planning Region,09130,PEP,2025,Residual,2023
Lower Connecticut River Valley Planning Region,-28,Planning Region,09130,PEP,2025,Residual,2024
Lower Connecticut River Valley Planning Region,12,Planning Region,09130,PEP,2025,Residual,2025
Lower Connecticut River Valley Planning Region,6490,Planning Region,09130,PEP,2025,Group Quarters Estimates Base,2020
Lower Connecticut River Valley Planning Region,5809,Planning Region,09130,PEP,2025,Group Quarters Estimates,2020
Lower Connecticut River Valley Planning Region,6570,Planning Region,09130,PEP,2025,Group Quarters Estimates,2021
Lower Connecticut River Valley Planning Region,6519,Planning Region,09130,PEP,2025,Group Quarters Estimates,2022
Lower Connecticut River Valley Planning Region,6562,Planning Region,09130,PEP,2025,Group Quarters Estimates,2023
Lower Connecticut River Valley Planning Region,6488,Planning Region,09130,PEP,2025,Group Quarters Estimates,2024
Lower Connecticut River Valley Planning Region,6522,Planning Region,09130,PEP,2025,Group Quarters Estimates,2025
Lower Connecticut River Valley Planning Region,7.741313959,Planning Region,09130,PEP,2025,Birth Rate,2021
Lower Connecticut River Valley Planning Region,8.4298663,Planning Region,09130,PEP,2025,Birth Rate,2022
Lower Connecticut River Valley Planning Region,7.5628202,Planning Region,09130,PEP,2025,Birth Rate,2023
Lower Connecticut River Valley Planning Region,7.927212235,Planning Region,09130,PEP,2025,Birth Rate,2024
Lower Connecticut River Valley Planning Region,8.076577924,Planning Region,09130,PEP,2025,Birth Rate,2025
Lower Connecticut River Valley Planning Region,10.14398844,Planning Region,09130,PEP,2025,Death Rate,2021
Lower Connecticut River Valley Planning Region,10.43778992,Planning Region,09130,PEP,2025,Death Rate,2022
Lower Connecticut River Valley Planning Region,9.792518879,Planning Region,09130,PEP,2025,Death Rate,2023
Lower Connecticut River Valley Planning Region,9.992474524,Planning Region,09130,PEP,2025,Death Rate,2024
Lower Connecticut River Valley Planning Region,9.905237077,Planning Region,09130,PEP,2025,Death Rate,2025
Lower Connecticut River Valley Planning Region,-2.402674481,Planning Region,09130,PEP,2025,Natural Change Rate,2021
Lower Connecticut River Valley Planning Region,-2.007923619,Planning Region,09130,PEP,2025,Natural Change Rate,2022
Lower Connecticut River Valley Planning Region,-2.229698679,Planning Region,09130,PEP,2025,Natural Change Rate,2023
Lower Connecticut River Valley Planning Region,-2.065262288,Planning Region,09130,PEP,2025,Natural Change Rate,2024
Lower Connecticut River Valley Planning Region,-1.828659153,Planning Region,09130,PEP,2025,Natural Change Rate,2025
Lower Connecticut River Valley Planning Region,0.745459863,Planning Region,09130,PEP,2025,International Migration Rate,2021
Lower Connecticut River Valley Planning Region,2.644998535,Planning Region,09130,PEP,2025,International Migration Rate,2022
Lower Connecticut River Valley Planning Region,3.279302382,Planning Region,09130,PEP,2025,International Migration Rate,2023
Lower Connecticut River Valley Planning Region,4.39646246,Planning Region,09130,PEP,2025,International Migration Rate,2024
Lower Connecticut River Valley Planning Region,2.139079688,Planning Region,09130,PEP,2025,International Migration Rate,2025
Lower Connecticut River Valley Planning Region,14.65115346,Planning Region,09130,PEP,2025,Domestic Migration Rate,2021
Lower Connecticut River Valley Planning Region,3.333266971,Planning Region,09130,PEP,2025,Domestic Migration Rate,2022
Lower Connecticut River Valley Planning Region,0.992868368,Planning Region,09130,PEP,2025,Domestic Migration Rate,2023
Lower Connecticut River Valley Planning Region,1.380613694,Planning Region,09130,PEP,2025,Domestic Migration Rate,2024
Lower Connecticut River Valley Planning Region,1.111869917,Planning Region,09130,PEP,2025,Domestic Migration Rate,2025
Lower Connecticut River Valley Planning Region,761,Planning Region,09130,PEP,2025,Group Quarters Change,2021
Lower Connecticut River Valley Planning Region,-51,Planning Region,09130,PEP,2025,Group Quarters Change,2022
Lower Connecticut River Valley Planning Region,43,Planning Region,09130,PEP,2025,Group Quarters Change,2023
Lower Connecticut River Valley Planning Region,-74,Planning Region,09130,PEP,2025,Group Quarters Change,2024
Lower Connecticut River Valley Planning Region,34,Planning Region,09130,PEP,2025,Group Quarters Change,2025
Lyme,2366,Town,0913044210,PEP,2025,Estimate Base,2020
Lyme,2361,Town,0913044210,PEP,2025,Population Estimate,2020
Lyme,2385,Town,0913044210,PEP,2025,Population Estimate,2021
Lyme,2412,Town,0913044210,PEP,2025,Population Estimate,2022
Lyme,2424,Town,0913044210,PEP,2025,Population Estimate,2023
Lyme,2428,Town,0913044210,PEP,2025,Population Estimate,2024
Lyme,2424,Town,0913044210,PEP,2025,Population Estimate,2025
Madison,17682,Town,0917044560,PEP,2025,Estimate Base,2020
Madison,17613,Town,0917044560,PEP,2025,Population Estimate,2020
Madison,17587,Town,0917044560,PEP,2025,Population Estimate,2021
Madison,17575,Town,0917044560,PEP,2025,Population Estimate,2022
Madison,17569,Town,0917044560,PEP,2025,Population Estimate,2023
Madison,17702,Town,0917044560,PEP,2025,Population Estimate,2024
Madison,17734,Town,0917044560,PEP,2025,Population Estimate,2025
Manchester,59710,Town,0911044700,PEP,2025,Estimate Base,2020
Manchester,59495,Town,0911044700,PEP,2025,Population Estimate,2020
Manchester,59518,Town,0911044700,PEP,2025,Population Estimate,2021
Manchester,59496,Town,0911044700,PEP,2025,Population Estimate,2022
Manchester,59591,Town,0911044700,PEP,2025,Population Estimate,2023
Manchester,59658,Town,0911044700,PEP,2025,Population Estimate,2024
Manchester,59773,Town,0911044700,PEP,2025,Population Estimate,2025
Mansfield,27197,Town,0911044910,PEP,2025,Estimate Base,2020
Mansfield,19443,Town,0911044910,PEP,2025,Population Estimate,2020
Mansfield,25553,Town,0911044910,PEP,2025,Population Estimate,2021
Mansfield,26740,Town,0911044910,PEP,2025,Population Estimate,2022
Mansfield,27034,Town,0911044910,PEP,2025,Population Estimate,2023
Mansfield,29023,Town,0911044910,PEP,2025,Population Estimate,2024
Mansfield,29062,Town,0911044910,PEP,2025,Population Estimate,2025
Marlborough,6138,Town,0911045820,PEP,2025,Estimate Base,2020
Marlborough,6106,Town,0911045820,PEP,2025,Population Estimate,2020
Marlborough,6120,Town,0911045820,PEP,2025,Population Estimate,2021
Marlborough,6127,Town,0911045820,PEP,2025,Population Estimate,2022
Marlborough,6152,Town,0911045820,PEP,2025,Population Estimate,2023
Marlborough,6194,Town,0911045820,PEP,2025,Population Estimate,2024
Marlborough,6213,Town,0911045820,PEP,2025,Population Estimate,2025
Meriden,60830,Town,0917046520,PEP,2025,Estimate Base,2020
Meriden,60616,Town,0917046520,PEP,2025,Population Estimate,2020
Meriden,60451,Town,0917046520,PEP,2025,Population Estimate,2021
Meriden,60344,Town,0917046520,PEP,2025,Population Estimate,2022
Meriden,60364,Town,0917046520,PEP,2025,Population Estimate,2023
Meriden,60862,Town,0917046520,PEP,2025,Population Estimate,2024
Meriden,60810,Town,0917046520,PEP,2025,Population Estimate,2025
Middlebury,7569,Town,0914046940,PEP,2025,Estimate Base,2020
Middlebury,7579,Town,0914046940,PEP,2025,Population Estimate,2020
Middlebury,7720,Town,0914046940,PEP,2025,Population Estimate,2021
Middlebury,7824,Town,0914046940,PEP,2025,Population Estimate,2022
Middlebury,7958,Town,0914046940,PEP,2025,Population Estimate,2023
Middlebury,8021,Town,0914046940,PEP,2025,Population Estimate,2024
Middlebury,8093,Town,0914046940,PEP,2025,Population Estimate,2025
Middlefield,4220,Town,0913047080,PEP,2025,Estimate Base,2020
Middlefield,4212,Town,0913047080,PEP,2025,Population Estimate,2020
Middlefield,4251,Town,0913047080,PEP,2025,Population Estimate,2021
Middlefield,4258,Town,0913047080,PEP,2025,Population Estimate,2022
Middlefield,4263,Town,0913047080,PEP,2025,Population Estimate,2023
Middlefield,4266,Town,0913047080,PEP,2025,Population Estimate,2024
Middlefield,4276,Town,0913047080,PEP,2025,Population Estimate,2025
Middletown,47724,Town,0913047360,PEP,2025,Estimate Base,2020
Middletown,46955,Town,0913047360,PEP,2025,Population Estimate,2020
Middletown,48062,Town,0913047360,PEP,2025,Population Estimate,2021
Middletown,48006,Town,0913047360,PEP,2025,Population Estimate,2022
Middletown,48038,Town,0913047360,PEP,2025,Population Estimate,2023
Middletown,48447,Town,0913047360,PEP,2025,Population Estimate,2024
Middletown,48439,Town,0913047360,PEP,2025,Population Estimate,2025
Milford,52018,Town,0917047535,PEP,2025,Estimate Base,2020
Milford,51965,Town,0917047535,PEP,2025,Population Estimate,2020
Milford,52287,Town,0917047535,PEP,2025,Population Estimate,2021
Milford,52693,Town,0917047535,PEP,2025,Population Estimate,2022
Milford,52997,Town,0917047535,PEP,2025,Population Estimate,2023
Milford,53421,Town,0917047535,PEP,2025,Population Estimate,2024
Milford,53606,Town,0917047535,PEP,2025,Population Estimate,2025
Monroe,18844,Town,0912048620,PEP,2025,Estimate Base,2020
Monroe,18790,Town,0912048620,PEP,2025,Population Estimate,2020
Monroe,18846,Town,0912048620,PEP,2025,Population Estimate,2021
Monroe,18936,Town,0912048620,PEP,2025,Population Estimate,2022
Monroe,19092,Town,0912048620,PEP,2025,Population Estimate,2023
Monroe,19339,Town,0912048620,PEP,2025,Population Estimate,2024
Monroe,19341,Town,0912048620,PEP,2025,Population Estimate,2025
Montville,18392,Town,0918048900,PEP,2025,Estimate Base,2020
Montville,18044,Town,0918048900,PEP,2025,Population Estimate,2020
Montville,18101,Town,0918048900,PEP,2025,Population Estimate,2021
Montville,17812,Town,0918048900,PEP,2025,Population Estimate,2022
Montville,17802,Town,0918048900,PEP,2025,Population Estimate,2023
Montville,17944,Town,0918048900,PEP,2025,Population Estimate,2024
Montville,18001,Town,0918048900,PEP,2025,Population Estimate,2025
Morris,2246,Town,0916049460,PEP,2025,Estimate Base,2020
Morris,2243,Town,0916049460,PEP,2025,Population Estimate,2020
Morris,2257,Town,0916049460,PEP,2025,Population Estimate,2021
Morris,2264,Town,0916049460,PEP,2025,Population Estimate,2022
Morris,2266,Town,0916049460,PEP,2025,Population Estimate,2023
Morris,2289,Town,0916049460,PEP,2025,Population Estimate,2024
Morris,2300,Town,0916049460,PEP,2025,Population Estimate,2025
Naugatuck,31585,Town,0914049950,PEP,2025,Estimate Base,2020
Naugatuck,31496,Town,0914049950,PEP,2025,Population Estimate,2020
Naugatuck,31635,Town,0914049950,PEP,2025,Population Estimate,2021
Naugatuck,31738,Town,0914049950,PEP,2025,Population Estimate,2022
Naugatuck,31944,Town,0914049950,PEP,2025,Population Estimate,2023
Naugatuck,32097,Town,0914049950,PEP,2025,Population Estimate,2024
Naugatuck,32230,Town,0914049950,PEP,2025,Population Estimate,2025
Naugatuck Valley Planning Region,450148,Planning Region,09140,PEP,2025,Estimate Base,2020
Naugatuck Valley Planning Region,448993,Planning Region,09140,PEP,2025,Population Estimate,2020
Naugatuck Valley Planning Region,452117,Planning Region,09140,PEP,2025,Population Estimate,2021
Naugatuck Valley Planning Region,453927,Planning Region,09140,PEP,2025,Population Estimate,2022
Naugatuck Valley Planning Region,457384,Planning Region,09140,PEP,2025,Population Estimate,2023
Naugatuck Valley Planning Region,461480,Planning Region,09140,PEP,2025,Population Estimate,2024
Naugatuck Valley Planning Region,463349,Planning Region,09140,PEP,2025,Population Estimate,2025
Naugatuck Valley Planning Region,-1155,Planning Region,09140,PEP,2025,Population Change (#),2020
Naugatuck Valley Planning Region,3124,Planning Region,09140,PEP,2025,Population Change (#),2021
Naugatuck Valley Planning Region,1810,Planning Region,09140,PEP,2025,Population Change (#),2022
Naugatuck Valley Planning Region,3457,Planning Region,09140,PEP,2025,Population Change (#),2023
Naugatuck Valley Planning Region,4096,Planning Region,09140,PEP,2025,Population Change (#),2024
Naugatuck Valley Planning Region,1869,Planning Region,09140,PEP,2025,Population Change (#),2025
Naugatuck Valley Planning Region,1046,Planning Region,09140,PEP,2025,Births,2020
Naugatuck Valley Planning Region,4279,Planning Region,09140,PEP,2025,Births,2021
Naugatuck Valley Planning Region,4394,Planning Region,09140,PEP,2025,Births,2022
Naugatuck Valley Planning Region,4393,Planning Region,09140,PEP,2025,Births,2023
Naugatuck Valley Planning Region,4285,Planning Region,09140,PEP,2025,Births,2024
Naugatuck Valley Planning Region,4315,Planning Region,09140,PEP,2025,Births,2025
Naugatuck Valley Planning Region,1526,Planning Region,09140,PEP,2025,Deaths,2020
Naugatuck Valley Planning Region,4492,Planning Region,09140,PEP,2025,Deaths,2021
Naugatuck Valley Planning Region,4521,Planning Region,09140,PEP,2025,Deaths,2022
Naugatuck Valley Planning Region,4242,Planning Region,09140,PEP,2025,Deaths,2023
Naugatuck Valley Planning Region,4259,Planning Region,09140,PEP,2025,Deaths,2024
Naugatuck Valley Planning Region,4175,Planning Region,09140,PEP,2025,Deaths,2025
Naugatuck Valley Planning Region,-480,Planning Region,09140,PEP,2025,Natural Change,2020
Naugatuck Valley Planning Region,-213,Planning Region,09140,PEP,2025,Natural Change,2021
Naugatuck Valley Planning Region,-127,Planning Region,09140,PEP,2025,Natural Change,2022
Naugatuck Valley Planning Region,151,Planning Region,09140,PEP,2025,Natural Change,2023
Naugatuck Valley Planning Region,26,Planning Region,09140,PEP,2025,Natural Change,2024
Naugatuck Valley Planning Region,140,Planning Region,09140,PEP,2025,Natural Change,2025
Naugatuck Valley Planning Region,22,Planning Region,09140,PEP,2025,International Migration,2020
Naugatuck Valley Planning Region,516,Planning Region,09140,PEP,2025,International Migration,2021
Naugatuck Valley Planning Region,2061,Planning Region,09140,PEP,2025,International Migration,2022
Naugatuck Valley Planning Region,2529,Planning Region,09140,PEP,2025,International Migration,2023
Naugatuck Valley Planning Region,3236,Planning Region,09140,PEP,2025,International Migration,2024
Naugatuck Valley Planning Region,1532,Planning Region,09140,PEP,2025,International Migration,2025
Naugatuck Valley Planning Region,-674,Planning Region,09140,PEP,2025,Domestic Migration,2020
Naugatuck Valley Planning Region,2481,Planning Region,09140,PEP,2025,Domestic Migration,2021
Naugatuck Valley Planning Region,182,Planning Region,09140,PEP,2025,Domestic Migration,2022
Naugatuck Valley Planning Region,925,Planning Region,09140,PEP,2025,Domestic Migration,2023
Naugatuck Valley Planning Region,887,Planning Region,09140,PEP,2025,Domestic Migration,2024
Naugatuck Valley Planning Region,175,Planning Region,09140,PEP,2025,Domestic Migration,2025
Naugatuck Valley Planning Region,-23,Planning Region,09140,PEP,2025,Residual,2020
Naugatuck Valley Planning Region,340,Planning Region,09140,PEP,2025,Residual,2021
Naugatuck Valley Planning Region,-306,Planning Region,09140,PEP,2025,Residual,2022
Naugatuck Valley Planning Region,-148,Planning Region,09140,PEP,2025,Residual,2023
Naugatuck Valley Planning Region,-53,Planning Region,09140,PEP,2025,Residual,2024
Naugatuck Valley Planning Region,22,Planning Region,09140,PEP,2025,Residual,2025
Naugatuck Valley Planning Region,6667,Planning Region,09140,PEP,2025,Group Quarters Estimates Base,2020
Naugatuck Valley Planning Region,5941,Planning Region,09140,PEP,2025,Group Quarters Estimates,2020
Naugatuck Valley Planning Region,6344,Planning Region,09140,PEP,2025,Group Quarters Estimates,2021
Naugatuck Valley Planning Region,6558,Planning Region,09140,PEP,2025,Group Quarters Estimates,2022
Naugatuck Valley Planning Region,6483,Planning Region,09140,PEP,2025,Group Quarters Estimates,2023
Naugatuck Valley Planning Region,6281,Planning Region,09140,PEP,2025,Group Quarters Estimates,2024
Naugatuck Valley Planning Region,6360,Planning Region,09140,PEP,2025,Group Quarters Estimates,2025
Naugatuck Valley Planning Region,9.497175706,Planning Region,09140,PEP,2025,Birth Rate,2021
Naugatuck Valley Planning Region,9.699308201,Planning Region,09140,PEP,2025,Birth Rate,2022
Naugatuck Valley Planning Region,9.641055578,Planning Region,09140,PEP,2025,Birth Rate,2023
Naugatuck Valley Planning Region,9.32673388,Planning Region,09140,PEP,2025,Birth Rate,2024
Naugatuck Valley Planning Region,9.331454788,Planning Region,09140,PEP,2025,Birth Rate,2025
Naugatuck Valley Planning Region,9.96992598,Planning Region,09140,PEP,2025,Death Rate,2021
Naugatuck Valley Planning Region,9.979647788,Planning Region,09140,PEP,2025,Death Rate,2022
Naugatuck Valley Planning Region,9.309664867,Planning Region,09140,PEP,2025,Death Rate,2023
Naugatuck Valley Planning Region,9.270142263,Planning Region,09140,PEP,2025,Death Rate,2024
Naugatuck Valley Planning Region,9.028696116,Planning Region,09140,PEP,2025,Death Rate,2025
Naugatuck Valley Planning Region,-0.472750275,Planning Region,09140,PEP,2025,Natural Change Rate,2021
Naugatuck Valley Planning Region,-0.280339586,Planning Region,09140,PEP,2025,Natural Change Rate,2022
Naugatuck Valley Planning Region,0.331390711,Planning Region,09140,PEP,2025,Natural Change Rate,2023
Naugatuck Valley Planning Region,0.056591618,Planning Region,09140,PEP,2025,Natural Change Rate,2024
Naugatuck Valley Planning Region,0.302758672,Planning Region,09140,PEP,2025,Natural Change Rate,2025
Naugatuck Valley Planning Region,1.145254187,Planning Region,09140,PEP,2025,International Migration Rate,2021
Naugatuck Valley Planning Region,4.54944793,Planning Region,09140,PEP,2025,International Migration Rate,2022
Naugatuck Valley Planning Region,5.550245745,Planning Region,09140,PEP,2025,International Migration Rate,2023
Naugatuck Valley Planning Region,7.043479775,Planning Region,09140,PEP,2025,International Migration Rate,2024
Naugatuck Valley Planning Region,3.313044898,Planning Region,09140,PEP,2025,International Migration Rate,2025
Naugatuck Valley Planning Region,5.506541932,Planning Region,09140,PEP,2025,Domestic Migration Rate,2021
Naugatuck Valley Planning Region,0.401746494,Planning Region,09140,PEP,2025,Domestic Migration Rate,2022
Naugatuck Valley Planning Region,2.030042433,Planning Region,09140,PEP,2025,Domestic Migration Rate,2023
Naugatuck Valley Planning Region,1.930644796,Planning Region,09140,PEP,2025,Domestic Migration Rate,2024
Naugatuck Valley Planning Region,0.37844834,Planning Region,09140,PEP,2025,Domestic Migration Rate,2025
Naugatuck Valley Planning Region,403,Planning Region,09140,PEP,2025,Group Quarters Change,2021
Naugatuck Valley Planning Region,214,Planning Region,09140,PEP,2025,Group Quarters Change,2022
Naugatuck Valley Planning Region,-75,Planning Region,09140,PEP,2025,Group Quarters Change,2023
Naugatuck Valley Planning Region,-202,Planning Region,09140,PEP,2025,Group Quarters Change,2024
Naugatuck Valley Planning Region,79,Planning Region,09140,PEP,2025,Group Quarters Change,2025
New Britain,74151,Town,0911050440,PEP,2025,Estimate Base,2020
New Britain,72941,Town,0911050440,PEP,2025,Population Estimate,2020
New Britain,73567,Town,0911050440,PEP,2025,Population Estimate,2021
New Britain,73716,Town,0911050440,PEP,2025,Population Estimate,2022
New Britain,74767,Town,0911050440,PEP,2025,Population Estimate,2023
New Britain,75673,Town,0911050440,PEP,2025,Population Estimate,2024
New Britain,76286,Town,0911050440,PEP,2025,Population Estimate,2025
New Canaan,20589,Town,0919050580,PEP,2025,Estimate Base,2020
New Canaan,20515,Town,0919050580,PEP,2025,Population Estimate,2020
New Canaan,20787,Town,0919050580,PEP,2025,Population Estimate,2021
New Canaan,20846,Town,0919050580,PEP,2025,Population Estimate,2022
New Canaan,21002,Town,0919050580,PEP,2025,Population Estimate,2023
New Canaan,21154,Town,0919050580,PEP,2025,Population Estimate,2024
New Canaan,21208,Town,0919050580,PEP,2025,Population Estimate,2025
New Fairfield,13588,Town,0919050860,PEP,2025,Estimate Base,2020
New Fairfield,13538,Town,0919050860,PEP,2025,Population Estimate,2020
New Fairfield,13600,Town,0919050860,PEP,2025,Population Estimate,2021
New Fairfield,13596,Town,0919050860,PEP,2025,Population Estimate,2022
New Fairfield,13600,Town,0919050860,PEP,2025,Population Estimate,2023
New Fairfield,13665,Town,0919050860,PEP,2025,Population Estimate,2024
New Fairfield,13674,Town,0919050860,PEP,2025,Population Estimate,2025
New Hartford,6622,Town,0916051350,PEP,2025,Estimate Base,2020
New Hartford,6612,Town,0916051350,PEP,2025,Population Estimate,2020
New Hartford,6654,Town,0916051350,PEP,2025,Population Estimate,2021
New Hartford,6665,Town,0916051350,PEP,2025,Population Estimate,2022
New Hartford,6679,Town,0916051350,PEP,2025,Population Estimate,2023
New Hartford,6721,Town,0916051350,PEP,2025,Population Estimate,2024
New Hartford,6748,Town,0916051350,PEP,2025,Population Estimate,2025
New Haven,134014,Town,0917052070,PEP,2025,Estimate Base,2020
New Haven,129319,Town,0917052070,PEP,2025,Population Estimate,2020
New Haven,134118,Town,0917052070,PEP,2025,Population Estimate,2021
New Haven,134622,Town,0917052070,PEP,2025,Population Estimate,2022
New Haven,135993,Town,0917052070,PEP,2025,Population Estimate,2023
New Haven,137888,Town,0917052070,PEP,2025,Population Estimate,2024
New Haven,138774,Town,0917052070,PEP,2025,Population Estimate,2025
New London,27375,Town,0918052350,PEP,2025,Estimate Base,2020
New London,26793,Town,0918052350,PEP,2025,Population Estimate,2020
New London,27337,Town,0918052350,PEP,2025,Population Estimate,2021
New London,27934,Town,0918052350,PEP,2025,Population Estimate,2022
New London,28035,Town,0918052350,PEP,2025,Population Estimate,2023
New London,28021,Town,0918052350,PEP,2025,Population Estimate,2024
New London,28003,Town,0918052350,PEP,2025,Population Estimate,2025
New Milford,28120,Town,0919052630,PEP,2025,Estimate Base,2020
New Milford,27983,Town,0919052630,PEP,2025,Population Estimate,2020
New Milford,28215,Town,0919052630,PEP,2025,Population Estimate,2021
New Milford,28359,Town,0919052630,PEP,2025,Population Estimate,2022
New Milford,28501,Town,0919052630,PEP,2025,Population Estimate,2023
New Milford,28784,Town,0919052630,PEP,2025,Population Estimate,2024
New Milford,28941,Town,0919052630,PEP,2025,Population Estimate,2025
Newington,30538,Town,0911052140,PEP,2025,Estimate Base,2020
Newington,30417,Town,0911052140,PEP,2025,Population Estimate,2020
Newington,30399,Town,0911052140,PEP,2025,Population Estimate,2021
Newington,30353,Town,0911052140,PEP,2025,Population Estimate,2022
Newington,31491,Town,0911052140,PEP,2025,Population Estimate,2023
Newington,31605,Town,0911052140,PEP,2025,Population Estimate,2024
Newington,31647,Town,0911052140,PEP,2025,Population Estimate,2025
Newtown,27179,Town,0919052980,PEP,2025,Estimate Base,2020
Newtown,27050,Town,0919052980,PEP,2025,Population Estimate,2020
Newtown,27504,Town,0919052980,PEP,2025,Population Estimate,2021
Newtown,27667,Town,0919052980,PEP,2025,Population Estimate,2022
Newtown,27879,Town,0919052980,PEP,2025,Population Estimate,2023
Newtown,28078,Town,0919052980,PEP,2025,Population Estimate,2024
Newtown,28183,Town,0919052980,PEP,2025,Population Estimate,2025
Norfolk,1586,Town,0916053470,PEP,2025,Estimate Base,2020
Norfolk,1583,Town,0916053470,PEP,2025,Population Estimate,2020
Norfolk,1588,Town,0916053470,PEP,2025,Population Estimate,2021
Norfolk,1594,Town,0916053470,PEP,2025,Population Estimate,2022
Norfolk,1594,Town,0916053470,PEP,2025,Population Estimate,2023
Norfolk,1604,Town,0916053470,PEP,2025,Population Estimate,2024
Norfolk,1605,Town,0916053470,PEP,2025,Population Estimate,2025
North Branford,13541,Town,0917053890,PEP,2025,Estimate Base,2020
North Branford,13501,Town,0917053890,PEP,2025,Population Estimate,2020
North Branford,13472,Town,0917053890,PEP,2025,Population Estimate,2021
North Branford,13477,Town,0917053890,PEP,2025,Population Estimate,2022
North Branford,13492,Town,0917053890,PEP,2025,Population Estimate,2023
North Branford,13557,Town,0917053890,PEP,2025,Population Estimate,2024
North Branford,13551,Town,0917053890,PEP,2025,Population Estimate,2025
North Canaan,3208,Town,0916054030,PEP,2025,Estimate Base,2020
North Canaan,3199,Town,0916054030,PEP,2025,Population Estimate,2020
North Canaan,3216,Town,0916054030,PEP,2025,Population Estimate,2021
North Canaan,3209,Town,0916054030,PEP,2025,Population Estimate,2022
North Canaan,3211,Town,0916054030,PEP,2025,Population Estimate,2023
North Canaan,3222,Town,0916054030,PEP,2025,Population Estimate,2024
North Canaan,3231,Town,0916054030,PEP,2025,Population Estimate,2025
North Haven,24190,Town,0917054870,PEP,2025,Estimate Base,2020
North Haven,24089,Town,0917054870,PEP,2025,Population Estimate,2020
North Haven,24118,Town,0917054870,PEP,2025,Population Estimate,2021
North Haven,24066,Town,0917054870,PEP,2025,Population Estimate,2022
North Haven,24351,Town,0917054870,PEP,2025,Population Estimate,2023
North Haven,24806,Town,0917054870,PEP,2025,Population Estimate,2024
North Haven,24799,Town,0917054870,PEP,2025,Population Estimate,2025
North Stonington,5158,Town,0918055500,PEP,2025,Estimate Base,2020
North Stonington,5149,Town,0918055500,PEP,2025,Population Estimate,2020
North Stonington,5161,Town,0918055500,PEP,2025,Population Estimate,2021
North Stonington,5162,Town,0918055500,PEP,2025,Population Estimate,2022
North Stonington,5184,Town,0918055500,PEP,2025,Population Estimate,2023
North Stonington,5214,Town,0918055500,PEP,2025,Population Estimate,2024
North Stonington,5242,Town,0918055500,PEP,2025,Population Estimate,2025
Northeastern Connecticut Planning Region,95314,Planning Region,09150,PEP,2025,Estimate Base,2020
Northeastern Connecticut Planning Region,95212,Planning Region,09150,PEP,2025,Population Estimate,2020
Northeastern Connecticut Planning Region,95622,Planning Region,09150,PEP,2025,Population Estimate,2021
Northeastern Connecticut Planning Region,96121,Planning Region,09150,PEP,2025,Population Estimate,2022
Northeastern Connecticut Planning Region,96790,Planning Region,09150,PEP,2025,Population Estimate,2023
Northeastern Connecticut Planning Region,97627,Planning Region,09150,PEP,2025,Population Estimate,2024
Northeastern Connecticut Planning Region,98096,Planning Region,09150,PEP,2025,Population Estimate,2025
Northeastern Connecticut Planning Region,-102,Planning Region,09150,PEP,2025,Population Change (#),2020
Northeastern Connecticut Planning Region,410,Planning Region,09150,PEP,2025,Population Change (#),2021
Northeastern Connecticut Planning Region,499,Planning Region,09150,PEP,2025,Population Change (#),2022
Northeastern Connecticut Planning Region,669,Planning Region,09150,PEP,2025,Population Change (#),2023
Northeastern Connecticut Planning Region,837,Planning Region,09150,PEP,2025,Population Change (#),2024
Northeastern Connecticut Planning Region,469,Planning Region,09150,PEP,2025,Population Change (#),2025
Northeastern Connecticut Planning Region,212,Planning Region,09150,PEP,2025,Births,2020
Northeastern Connecticut Planning Region,783,Planning Region,09150,PEP,2025,Births,2021
Northeastern Connecticut Planning Region,894,Planning Region,09150,PEP,2025,Births,2022
Northeastern Connecticut Planning Region,868,Planning Region,09150,PEP,2025,Births,2023
Northeastern Connecticut Planning Region,856,Planning Region,09150,PEP,2025,Births,2024
Northeastern Connecticut Planning Region,850,Planning Region,09150,PEP,2025,Births,2025
Northeastern Connecticut Planning Region,264,Planning Region,09150,PEP,2025,Deaths,2020
Northeastern Connecticut Planning Region,1062,Planning Region,09150,PEP,2025,Deaths,2021
Northeastern Connecticut Planning Region,1105,Planning Region,09150,PEP,2025,Deaths,2022
Northeastern Connecticut Planning Region,960,Planning Region,09150,PEP,2025,Deaths,2023
Northeastern Connecticut Planning Region,946,Planning Region,09150,PEP,2025,Deaths,2024
Northeastern Connecticut Planning Region,931,Planning Region,09150,PEP,2025,Deaths,2025
Northeastern Connecticut Planning Region,-52,Planning Region,09150,PEP,2025,Natural Change,2020
Northeastern Connecticut Planning Region,-279,Planning Region,09150,PEP,2025,Natural Change,2021
Northeastern Connecticut Planning Region,-211,Planning Region,09150,PEP,2025,Natural Change,2022
Northeastern Connecticut Planning Region,-92,Planning Region,09150,PEP,2025,Natural Change,2023
Northeastern Connecticut Planning Region,-90,Planning Region,09150,PEP,2025,Natural Change,2024
Northeastern Connecticut Planning Region,-81,Planning Region,09150,PEP,2025,Natural Change,2025
Northeastern Connecticut Planning Region,0,Planning Region,09150,PEP,2025,International Migration,2020
Northeastern Connecticut Planning Region,27,Planning Region,09150,PEP,2025,International Migration,2021
Northeastern Connecticut Planning Region,113,Planning Region,09150,PEP,2025,International Migration,2022
Northeastern Connecticut Planning Region,155,Planning Region,09150,PEP,2025,International Migration,2023
Northeastern Connecticut Planning Region,154,Planning Region,09150,PEP,2025,International Migration,2024
Northeastern Connecticut Planning Region,101,Planning Region,09150,PEP,2025,International Migration,2025
Northeastern Connecticut Planning Region,-58,Planning Region,09150,PEP,2025,Domestic Migration,2020
Northeastern Connecticut Planning Region,606,Planning Region,09150,PEP,2025,Domestic Migration,2021
Northeastern Connecticut Planning Region,633,Planning Region,09150,PEP,2025,Domestic Migration,2022
Northeastern Connecticut Planning Region,609,Planning Region,09150,PEP,2025,Domestic Migration,2023
Northeastern Connecticut Planning Region,781,Planning Region,09150,PEP,2025,Domestic Migration,2024
Northeastern Connecticut Planning Region,446,Planning Region,09150,PEP,2025,Domestic Migration,2025
Northeastern Connecticut Planning Region,8,Planning Region,09150,PEP,2025,Residual,2020
Northeastern Connecticut Planning Region,56,Planning Region,09150,PEP,2025,Residual,2021
Northeastern Connecticut Planning Region,-36,Planning Region,09150,PEP,2025,Residual,2022
Northeastern Connecticut Planning Region,-3,Planning Region,09150,PEP,2025,Residual,2023
Northeastern Connecticut Planning Region,-8,Planning Region,09150,PEP,2025,Residual,2024
Northeastern Connecticut Planning Region,3,Planning Region,09150,PEP,2025,Residual,2025
Northeastern Connecticut Planning Region,1765,Planning Region,09150,PEP,2025,Group Quarters Estimates Base,2020
Northeastern Connecticut Planning Region,1662,Planning Region,09150,PEP,2025,Group Quarters Estimates,2020
Northeastern Connecticut Planning Region,1596,Planning Region,09150,PEP,2025,Group Quarters Estimates,2021
Northeastern Connecticut Planning Region,1672,Planning Region,09150,PEP,2025,Group Quarters Estimates,2022
Northeastern Connecticut Planning Region,1733,Planning Region,09150,PEP,2025,Group Quarters Estimates,2023
Northeastern Connecticut Planning Region,1759,Planning Region,09150,PEP,2025,Group Quarters Estimates,2024
Northeastern Connecticut Planning Region,1753,Planning Region,09150,PEP,2025,Group Quarters Estimates,2025
Northeastern Connecticut Planning Region,8.20608487,Planning Region,09150,PEP,2025,Birth Rate,2021
Northeastern Connecticut Planning Region,9.324981877,Planning Region,09150,PEP,2025,Birth Rate,2022
Northeastern Connecticut Planning Region,8.998968436,Planning Region,09150,PEP,2025,Birth Rate,2023
Northeastern Connecticut Planning Region,8.805814306,Planning Region,09150,PEP,2025,Birth Rate,2024
Northeastern Connecticut Planning Region,8.685744649,Planning Region,09150,PEP,2025,Birth Rate,2025
Northeastern Connecticut Planning Region,11.13009212,Planning Region,09150,PEP,2025,Death Rate,2021
Northeastern Connecticut Planning Region,11.52584449,Planning Region,09150,PEP,2025,Death Rate,2022
Northeastern Connecticut Planning Region,9.952776151,Planning Region,09150,PEP,2025,Death Rate,2023
Northeastern Connecticut Planning Region,9.731659269,Planning Region,09150,PEP,2025,Death Rate,2024
Northeastern Connecticut Planning Region,9.513445022,Planning Region,09150,PEP,2025,Death Rate,2025
Northeastern Connecticut Planning Region,-2.924007252,Planning Region,09150,PEP,2025,Natural Change Rate,2021
Northeastern Connecticut Planning Region,-2.200862613,Planning Region,09150,PEP,2025,Natural Change Rate,2022
Northeastern Connecticut Planning Region,-0.953807714,Planning Region,09150,PEP,2025,Natural Change Rate,2023
Northeastern Connecticut Planning Region,-0.925844962,Planning Region,09150,PEP,2025,Natural Change Rate,2024
Northeastern Connecticut Planning Region,-0.827700372,Planning Region,09150,PEP,2025,Natural Change Rate,2025
Northeastern Connecticut Planning Region,0.282968444,Planning Region,09150,PEP,2025,International Migration Rate,2021
Northeastern Connecticut Planning Region,1.17866102,Planning Region,09150,PEP,2025,International Migration Rate,2022
Northeastern Connecticut Planning Region,1.606958649,Planning Region,09150,PEP,2025,International Migration Rate,2023
Northeastern Connecticut Planning Region,1.584223602,Planning Region,09150,PEP,2025,International Migration Rate,2024
Northeastern Connecticut Planning Region,1.032070835,Planning Region,09150,PEP,2025,International Migration Rate,2025
Northeastern Connecticut Planning Region,6.351069516,Planning Region,09150,PEP,2025,Domestic Migration Rate,2021
Northeastern Connecticut Planning Region,6.602587839,Planning Region,09150,PEP,2025,Domestic Migration Rate,2022
Northeastern Connecticut Planning Region,6.313792371,Planning Region,09150,PEP,2025,Domestic Migration Rate,2023
Northeastern Connecticut Planning Region,8.034276838,Planning Region,09150,PEP,2025,Domestic Migration Rate,2024
Northeastern Connecticut Planning Region,4.55746131,Planning Region,09150,PEP,2025,Domestic Migration Rate,2025
Northeastern Connecticut Planning Region,-66,Planning Region,09150,PEP,2025,Group Quarters Change,2021
Northeastern Connecticut Planning Region,76,Planning Region,09150,PEP,2025,Group Quarters Change,2022
Northeastern Connecticut Planning Region,61,Planning Region,09150,PEP,2025,Group Quarters Change,2023
Northeastern Connecticut Planning Region,26,Planning Region,09150,PEP,2025,Group Quarters Change,2024
Northeastern Connecticut Planning Region,-6,Planning Region,09150,PEP,2025,Group Quarters Change,2025
Northwest Hills Planning Region,112463,Planning Region,09160,PEP,2025,Estimate Base,2020
Northwest Hills Planning Region,112206,Planning Region,09160,PEP,2025,Population Estimate,2020
Northwest Hills Planning Region,112974,Planning Region,09160,PEP,2025,Population Estimate,2021
Northwest Hills Planning Region,113247,Planning Region,09160,PEP,2025,Population Estimate,2022
Northwest Hills Planning Region,113508,Planning Region,09160,PEP,2025,Population Estimate,2023
Northwest Hills Planning Region,114280,Planning Region,09160,PEP,2025,Population Estimate,2024
Northwest Hills Planning Region,114690,Planning Region,09160,PEP,2025,Population Estimate,2025
Northwest Hills Planning Region,-257,Planning Region,09160,PEP,2025,Population Change (#),2020
Northwest Hills Planning Region,768,Planning Region,09160,PEP,2025,Population Change (#),2021
Northwest Hills Planning Region,273,Planning Region,09160,PEP,2025,Population Change (#),2022
Northwest Hills Planning Region,261,Planning Region,09160,PEP,2025,Population Change (#),2023
Northwest Hills Planning Region,772,Planning Region,09160,PEP,2025,Population Change (#),2024
Northwest Hills Planning Region,410,Planning Region,09160,PEP,2025,Population Change (#),2025
Northwest Hills Planning Region,218,Planning Region,09160,PEP,2025,Births,2020
Northwest Hills Planning Region,868,Planning Region,09160,PEP,2025,Births,2021
Northwest Hills Planning Region,909,Planning Region,09160,PEP,2025,Births,2022
Northwest Hills Planning Region,934,Planning Region,09160,PEP,2025,Births,2023
Northwest Hills Planning Region,900,Planning Region,09160,PEP,2025,Births,2024
Northwest Hills Planning Region,914,Planning Region,09160,PEP,2025,Births,2025
Northwest Hills Planning Region,399,Planning Region,09160,PEP,2025,Deaths,2020
Northwest Hills Planning Region,1221,Planning Region,09160,PEP,2025,Deaths,2021
Northwest Hills Planning Region,1288,Planning Region,09160,PEP,2025,Deaths,2022
Northwest Hills Planning Region,1158,Planning Region,09160,PEP,2025,Deaths,2023
Northwest Hills Planning Region,1168,Planning Region,09160,PEP,2025,Deaths,2024
Northwest Hills Planning Region,1155,Planning Region,09160,PEP,2025,Deaths,2025
Northwest Hills Planning Region,-181,Planning Region,09160,PEP,2025,Natural Change,2020
Northwest Hills Planning Region,-353,Planning Region,09160,PEP,2025,Natural Change,2021
Northwest Hills Planning Region,-379,Planning Region,09160,PEP,2025,Natural Change,2022
Northwest Hills Planning Region,-224,Planning Region,09160,PEP,2025,Natural Change,2023
Northwest Hills Planning Region,-268,Planning Region,09160,PEP,2025,Natural Change,2024
Northwest Hills Planning Region,-241,Planning Region,09160,PEP,2025,Natural Change,2025
Northwest Hills Planning Region,0,Planning Region,09160,PEP,2025,International Migration,2020
Northwest Hills Planning Region,70,Planning Region,09160,PEP,2025,International Migration,2021
Northwest Hills Planning Region,301,Planning Region,09160,PEP,2025,International Migration,2022
Northwest Hills Planning Region,277,Planning Region,09160,PEP,2025,International Migration,2023
Northwest Hills Planning Region,610,Planning Region,09160,PEP,2025,International Migration,2024
Northwest Hills Planning Region,289,Planning Region,09160,PEP,2025,International Migration,2025
Northwest Hills Planning Region,-85,Planning Region,09160,PEP,2025,Domestic Migration,2020
Northwest Hills Planning Region,994,Planning Region,09160,PEP,2025,Domestic Migration,2021
Northwest Hills Planning Region,446,Planning Region,09160,PEP,2025,Domestic Migration,2022
Northwest Hills Planning Region,245,Planning Region,09160,PEP,2025,Domestic Migration,2023
Northwest Hills Planning Region,457,Planning Region,09160,PEP,2025,Domestic Migration,2024
Northwest Hills Planning Region,367,Planning Region,09160,PEP,2025,Domestic Migration,2025
Northwest Hills Planning Region,9,Planning Region,09160,PEP,2025,Residual,2020
Northwest Hills Planning Region,57,Planning Region,09160,PEP,2025,Residual,2021
Northwest Hills Planning Region,-95,Planning Region,09160,PEP,2025,Residual,2022
Northwest Hills Planning Region,-37,Planning Region,09160,PEP,2025,Residual,2023
Northwest Hills Planning Region,-27,Planning Region,09160,PEP,2025,Residual,2024
Northwest Hills Planning Region,-5,Planning Region,09160,PEP,2025,Residual,2025
Northwest Hills Planning Region,2351,Planning Region,09160,PEP,2025,Group Quarters Estimates Base,2020
Northwest Hills Planning Region,2284,Planning Region,09160,PEP,2025,Group Quarters Estimates,2020
Northwest Hills Planning Region,2370,Planning Region,09160,PEP,2025,Group Quarters Estimates,2021
Northwest Hills Planning Region,2356,Planning Region,09160,PEP,2025,Group Quarters Estimates,2022
Northwest Hills Planning Region,2358,Planning Region,09160,PEP,2025,Group Quarters Estimates,2023
Northwest Hills Planning Region,2360,Planning Region,09160,PEP,2025,Group Quarters Estimates,2024
Northwest Hills Planning Region,2345,Planning Region,09160,PEP,2025,Group Quarters Estimates,2025
Northwest Hills Planning Region,7.709388045,Planning Region,09160,PEP,2025,Birth Rate,2021
Northwest Hills Planning Region,8.036389195,Planning Region,09160,PEP,2025,Birth Rate,2022
Northwest Hills Planning Region,8.237966087,Planning Region,09160,PEP,2025,Birth Rate,2023
Northwest Hills Planning Region,7.902084394,Planning Region,09160,PEP,2025,Birth Rate,2024
Northwest Hills Planning Region,7.983578635,Planning Region,09160,PEP,2025,Birth Rate,2025
Northwest Hills Planning Region,10.84465761,Planning Region,09160,PEP,2025,Death Rate,2021
Northwest Hills Planning Region,11.38709492,Planning Region,09160,PEP,2025,Death Rate,2022
Northwest Hills Planning Region,10.21366673,Planning Region,09160,PEP,2025,Death Rate,2023
Northwest Hills Planning Region,10.25514953,Planning Region,09160,PEP,2025,Death Rate,2024
Northwest Hills Planning Region,10.0886579,Planning Region,09160,PEP,2025,Death Rate,2025
Northwest Hills Planning Region,-3.135269562,Planning Region,09160,PEP,2025,Natural Change Rate,2021
Northwest Hills Planning Region,-3.350705726,Planning Region,09160,PEP,2025,Natural Change Rate,2022
Northwest Hills Planning Region,-1.975700646,Planning Region,09160,PEP,2025,Natural Change Rate,2023
Northwest Hills Planning Region,-2.353065131,Planning Region,09160,PEP,2025,Natural Change Rate,2024
Northwest Hills Planning Region,-2.105079268,Planning Region,09160,PEP,2025,Natural Change Rate,2025
Northwest Hills Planning Region,0.621724842,Planning Region,09160,PEP,2025,International Migration Rate,2021
Northwest Hills Planning Region,2.661114574,Planning Region,09160,PEP,2025,International Migration Rate,2022
Northwest Hills Planning Region,2.443165531,Planning Region,09160,PEP,2025,International Migration Rate,2023
Northwest Hills Planning Region,5.355857201,Planning Region,09160,PEP,2025,International Migration Rate,2024
Northwest Hills Planning Region,2.524348168,Planning Region,09160,PEP,2025,International Migration Rate,2025
Northwest Hills Planning Region,8.828492761,Planning Region,09160,PEP,2025,Domestic Migration Rate,2021
Northwest Hills Planning Region,3.943046844,Planning Region,09160,PEP,2025,Domestic Migration Rate,2022
Northwest Hills Planning Region,2.160922582,Planning Region,09160,PEP,2025,Domestic Migration Rate,2023
Northwest Hills Planning Region,4.012502854,Planning Region,09160,PEP,2025,Domestic Migration Rate,2024
Northwest Hills Planning Region,3.20566013,Planning Region,09160,PEP,2025,Domestic Migration Rate,2025
Northwest Hills Planning Region,86,Planning Region,09160,PEP,2025,Group Quarters Change,2021
Northwest Hills Planning Region,-14,Planning Region,09160,PEP,2025,Group Quarters Change,2022
Northwest Hills Planning Region,2,Planning Region,09160,PEP,2025,Group Quarters Change,2023
Northwest Hills Planning Region,2,Planning Region,09160,PEP,2025,Group Quarters Change,2024
Northwest Hills Planning Region,-15,Planning Region,09160,PEP,2025,Group Quarters Change,2025
Norwalk,91219,Town,0919056060,PEP,2025,Estimate Base,2020
Norwalk,90926,Town,0919056060,PEP,2025,Population Estimate,2020
Norwalk,91499,Town,0919056060,PEP,2025,Population Estimate,2021
Norwalk,91778,Town,0919056060,PEP,2025,Population Estimate,2022
Norwalk,93204,Town,0919056060,PEP,2025,Population Estimate,2023
Norwalk,93716,Town,0919056060,PEP,2025,Population Estimate,2024
Norwalk,94508,Town,0919056060,PEP,2025,Population Estimate,2025
Norwich,40143,Town,0918056270,PEP,2025,Estimate Base,2020
Norwich,40035,Town,0918056270,PEP,2025,Population Estimate,2020
Norwich,40065,Town,0918056270,PEP,2025,Population Estimate,2021
Norwich,39878,Town,0918056270,PEP,2025,Population Estimate,2022
Norwich,39934,Town,0918056270,PEP,2025,Population Estimate,2023
Norwich,40033,Town,0918056270,PEP,2025,Population Estimate,2024
Norwich,40001,Town,0918056270,PEP,2025,Population Estimate,2025
Old Lyme,7607,Town,0913057040,PEP,2025,Estimate Base,2020
Old Lyme,7592,Town,0913057040,PEP,2025,Population Estimate,2020
Old Lyme,7653,Town,0913057040,PEP,2025,Population Estimate,2021
Old Lyme,7671,Town,0913057040,PEP,2025,Population Estimate,2022
Old Lyme,7679,Town,0913057040,PEP,2025,Population Estimate,2023
Old Lyme,7683,Town,0913057040,PEP,2025,Population Estimate,2024
Old Lyme,7702,Town,0913057040,PEP,2025,Population Estimate,2025
Old Saybrook,10482,Town,0913057320,PEP,2025,Estimate Base,2020
Old Saybrook,10464,Town,0913057320,PEP,2025,Population Estimate,2020
Old Saybrook,10513,Town,0913057320,PEP,2025,Population Estimate,2021
Old Saybrook,10566,Town,0913057320,PEP,2025,Population Estimate,2022
Old Saybrook,10595,Town,0913057320,PEP,2025,Population Estimate,2023
Old Saybrook,10644,Town,0913057320,PEP,2025,Population Estimate,2024
Old Saybrook,10680,Town,0913057320,PEP,2025,Population Estimate,2025
Orange,14272,Town,0917057600,PEP,2025,Estimate Base,2020
Orange,14235,Town,0917057600,PEP,2025,Population Estimate,2020
Orange,14243,Town,0917057600,PEP,2025,Population Estimate,2021
Orange,14269,Town,0917057600,PEP,2025,Population Estimate,2022
Orange,14389,Town,0917057600,PEP,2025,Population Estimate,2023
Orange,14440,Town,0917057600,PEP,2025,Population Estimate,2024
Orange,14416,Town,0917057600,PEP,2025,Population Estimate,2025
Oxford,12706,Town,0914058300,PEP,2025,Estimate Base,2020
Oxford,12709,Town,0914058300,PEP,2025,Population Estimate,2020
Oxford,12853,Town,0914058300,PEP,2025,Population Estimate,2021
Oxford,12964,Town,0914058300,PEP,2025,Population Estimate,2022
Oxford,13165,Town,0914058300,PEP,2025,Population Estimate,2023
Oxford,13248,Town,0914058300,PEP,2025,Population Estimate,2024
Oxford,13311,Town,0914058300,PEP,2025,Population Estimate,2025
Plainfield,14998,Town,0915059980,PEP,2025,Estimate Base,2020
Plainfield,14994,Town,0915059980,PEP,2025,Population Estimate,2020
Plainfield,15057,Town,0915059980,PEP,2025,Population Estimate,2021
Plainfield,15157,Town,0915059980,PEP,2025,Population Estimate,2022
Plainfield,15234,Town,0915059980,PEP,2025,Population Estimate,2023
Plainfield,15330,Town,0915059980,PEP,2025,Population Estimate,2024
Plainfield,15381,Town,0915059980,PEP,2025,Population Estimate,2025
Plainville,17531,Town,0911060120,PEP,2025,Estimate Base,2020
Plainville,17457,Town,0911060120,PEP,2025,Population Estimate,2020
Plainville,17475,Town,0911060120,PEP,2025,Population Estimate,2021
Plainville,17478,Town,0911060120,PEP,2025,Population Estimate,2022
Plainville,17574,Town,0911060120,PEP,2025,Population Estimate,2023
Plainville,17688,Town,0911060120,PEP,2025,Population Estimate,2024
Plainville,17746,Town,0911060120,PEP,2025,Population Estimate,2025
Plymouth,11665,Town,0914060750,PEP,2025,Estimate Base,2020
Plymouth,11652,Town,0914060750,PEP,2025,Population Estimate,2020
Plymouth,11702,Town,0914060750,PEP,2025,Population Estimate,2021
Plymouth,11732,Town,0914060750,PEP,2025,Population Estimate,2022
Plymouth,11805,Town,0914060750,PEP,2025,Population Estimate,2023
Plymouth,11863,Town,0914060750,PEP,2025,Population Estimate,2024
Plymouth,11902,Town,0914060750,PEP,2025,Population Estimate,2025
Pomfret,4267,Town,0915061030,PEP,2025,Estimate Base,2020
Pomfret,4269,Town,0915061030,PEP,2025,Population Estimate,2020
Pomfret,4288,Town,0915061030,PEP,2025,Population Estimate,2021
Pomfret,4306,Town,0915061030,PEP,2025,Population Estimate,2022
Pomfret,4323,Town,0915061030,PEP,2025,Population Estimate,2023
Pomfret,4356,Town,0915061030,PEP,2025,Population Estimate,2024
Pomfret,4378,Town,0915061030,PEP,2025,Population Estimate,2025
Portland,9383,Town,0913061800,PEP,2025,Estimate Base,2020
Portland,9365,Town,0913061800,PEP,2025,Population Estimate,2020
Portland,9432,Town,0913061800,PEP,2025,Population Estimate,2021
Portland,9438,Town,0913061800,PEP,2025,Population Estimate,2022
Portland,9438,Town,0913061800,PEP,2025,Population Estimate,2023
Portland,9453,Town,0913061800,PEP,2025,Population Estimate,2024
Portland,9449,Town,0913061800,PEP,2025,Population Estimate,2025
Preston,4799,Town,0918062150,PEP,2025,Estimate Base,2020
Preston,4791,Town,0918062150,PEP,2025,Population Estimate,2020
Preston,4823,Town,0918062150,PEP,2025,Population Estimate,2021
Preston,4823,Town,0918062150,PEP,2025,Population Estimate,2022
Preston,4836,Town,0918062150,PEP,2025,Population Estimate,2023
Preston,4864,Town,0918062150,PEP,2025,Population Estimate,2024
Preston,4873,Town,0918062150,PEP,2025,Population Estimate,2025
Prospect,9367,Town,0914062290,PEP,2025,Estimate Base,2020
Prospect,9385,Town,0914062290,PEP,2025,Population Estimate,2020
Prospect,9434,Town,0914062290,PEP,2025,Population Estimate,2021
Prospect,9476,Town,0914062290,PEP,2025,Population Estimate,2022
Prospect,9546,Town,0914062290,PEP,2025,Population Estimate,2023
Prospect,9601,Town,0914062290,PEP,2025,Population Estimate,2024
Prospect,9638,Town,0914062290,PEP,2025,Population Estimate,2025
Putnam,9227,Town,0915062710,PEP,2025,Estimate Base,2020
Putnam,9216,Town,0915062710,PEP,2025,Population Estimate,2020
Putnam,9239,Town,0915062710,PEP,2025,Population Estimate,2021
Putnam,9284,Town,0915062710,PEP,2025,Population Estimate,2022
Putnam,9314,Town,0915062710,PEP,2025,Population Estimate,2023
Putnam,9380,Town,0915062710,PEP,2025,Population Estimate,2024
Putnam,9402,Town,0915062710,PEP,2025,Population Estimate,2025
Redding,8754,Town,0919063480,PEP,2025,Estimate Base,2020
Redding,8720,Town,0919063480,PEP,2025,Population Estimate,2020
Redding,8760,Town,0919063480,PEP,2025,Population Estimate,2021
Redding,8758,Town,0919063480,PEP,2025,Population Estimate,2022
Redding,8777,Town,0919063480,PEP,2025,Population Estimate,2023
Redding,8835,Town,0919063480,PEP,2025,Population Estimate,2024
Redding,8847,Town,0919063480,PEP,2025,Population Estimate,2025
Ridgefield,25029,Town,0919063970,PEP,2025,Estimate Base,2020
Ridgefield,24945,Town,0919063970,PEP,2025,Population Estimate,2020
Ridgefield,25071,Town,0919063970,PEP,2025,Population Estimate,2021
Ridgefield,25088,Town,0919063970,PEP,2025,Population Estimate,2022
Ridgefield,25126,Town,0919063970,PEP,2025,Population Estimate,2023
Ridgefield,25298,Town,0919063970,PEP,2025,Population Estimate,2024
Ridgefield,25373,Town,0919063970,PEP,2025,Population Estimate,2025
Rocky Hill,20846,Town,0911065370,PEP,2025,Estimate Base,2020
Rocky Hill,20763,Town,0911065370,PEP,2025,Population Estimate,2020
Rocky Hill,20728,Town,0911065370,PEP,2025,Population Estimate,2021
Rocky Hill,20751,Town,0911065370,PEP,2025,Population Estimate,2022
Rocky Hill,20815,Town,0911065370,PEP,2025,Population Estimate,2023
Rocky Hill,21335,Town,0911065370,PEP,2025,Population Estimate,2024
Rocky Hill,21575,Town,0911065370,PEP,2025,Population Estimate,2025
Roxbury,2255,Town,0916065930,PEP,2025,Estimate Base,2020
Roxbury,2252,Town,0916065930,PEP,2025,Population Estimate,2020
Roxbury,2270,Town,0916065930,PEP,2025,Population Estimate,2021
Roxbury,2278,Town,0916065930,PEP,2025,Population Estimate,2022
Roxbury,2296,Town,0916065930,PEP,2025,Population Estimate,2023
Roxbury,2312,Town,0916065930,PEP,2025,Population Estimate,2024
Roxbury,2328,Town,0916065930,PEP,2025,Population Estimate,2025
Salem,4181,Town,0918066210,PEP,2025,Estimate Base,2020
Salem,4177,Town,0918066210,PEP,2025,Population Estimate,2020
Salem,4187,Town,0918066210,PEP,2025,Population Estimate,2021
Salem,4286,Town,0918066210,PEP,2025,Population Estimate,2022
Salem,4303,Town,0918066210,PEP,2025,Population Estimate,2023
Salem,4315,Town,0918066210,PEP,2025,Population Estimate,2024
Salem,4324,Town,0918066210,PEP,2025,Population Estimate,2025
Salisbury,4199,Town,0916066420,PEP,2025,Estimate Base,2020
Salisbury,4190,Town,0916066420,PEP,2025,Population Estimate,2020
Salisbury,4224,Town,0916066420,PEP,2025,Population Estimate,2021
Salisbury,4229,Town,0916066420,PEP,2025,Population Estimate,2022
Salisbury,4245,Town,0916066420,PEP,2025,Population Estimate,2023
Salisbury,4280,Town,0916066420,PEP,2025,Population Estimate,2024
Salisbury,4290,Town,0916066420,PEP,2025,Population Estimate,2025
Scotland,1565,Town,0915067400,PEP,2025,Estimate Base,2020
Scotland,1564,Town,0915067400,PEP,2025,Population Estimate,2020
Scotland,1567,Town,0915067400,PEP,2025,Population Estimate,2021
Scotland,1566,Town,0915067400,PEP,2025,Population Estimate,2022
Scotland,1572,Town,0915067400,PEP,2025,Population Estimate,2023
Scotland,1586,Town,0915067400,PEP,2025,Population Estimate,2024
Scotland,1591,Town,0915067400,PEP,2025,Population Estimate,2025
Seymour,16756,Town,0914067610,PEP,2025,Estimate Base,2020
Seymour,16713,Town,0914067610,PEP,2025,Population Estimate,2020
Seymour,16780,Town,0914067610,PEP,2025,Population Estimate,2021
Seymour,16824,Town,0914067610,PEP,2025,Population Estimate,2022
Seymour,17012,Town,0914067610,PEP,2025,Population Estimate,2023
Seymour,17110,Town,0914067610,PEP,2025,Population Estimate,2024
Seymour,17153,Town,0914067610,PEP,2025,Population Estimate,2025
Sharon,2684,Town,0916067960,PEP,2025,Estimate Base,2020
Sharon,2681,Town,0916067960,PEP,2025,Population Estimate,2020
Sharon,2717,Town,0916067960,PEP,2025,Population Estimate,2021
Sharon,2736,Town,0916067960,PEP,2025,Population Estimate,2022
Sharon,2749,Town,0916067960,PEP,2025,Population Estimate,2023
Sharon,2762,Town,0916067960,PEP,2025,Population Estimate,2024
Sharon,2783,Town,0916067960,PEP,2025,Population Estimate,2025
Shelton,40851,Town,0914068170,PEP,2025,Estimate Base,2020
Shelton,40730,Town,0914068170,PEP,2025,Population Estimate,2020
Shelton,41587,Town,0914068170,PEP,2025,Population Estimate,2021
Shelton,41851,Town,0914068170,PEP,2025,Population Estimate,2022
Shelton,42242,Town,0914068170,PEP,2025,Population Estimate,2023
Shelton,42764,Town,0914068170,PEP,2025,Population Estimate,2024
Shelton,42880,Town,0914068170,PEP,2025,Population Estimate,2025
Sherman,3519,Town,0919068310,PEP,2025,Estimate Base,2020
Sherman,3505,Town,0919068310,PEP,2025,Population Estimate,2020
Sherman,3528,Town,0919068310,PEP,2025,Population Estimate,2021
Sherman,3545,Town,0919068310,PEP,2025,Population Estimate,2022
Sherman,3553,Town,0919068310,PEP,2025,Population Estimate,2023
Sherman,3593,Town,0919068310,PEP,2025,Population Estimate,2024
Sherman,3618,Town,0919068310,PEP,2025,Population Estimate,2025
Simsbury,24515,Town,0911068940,PEP,2025,Estimate Base,2020
Simsbury,24491,Town,0911068940,PEP,2025,Population Estimate,2020
Simsbury,25014,Town,0911068940,PEP,2025,Population Estimate,2021
Simsbury,25131,Town,0911068940,PEP,2025,Population Estimate,2022
Simsbury,25205,Town,0911068940,PEP,2025,Population Estimate,2023
Simsbury,25253,Town,0911068940,PEP,2025,Population Estimate,2024
Simsbury,25582,Town,0911068940,PEP,2025,Population Estimate,2025
Somers,10263,Town,0911069220,PEP,2025,Estimate Base,2020
Somers,10082,Town,0911069220,PEP,2025,Population Estimate,2020
Somers,9955,Town,0911069220,PEP,2025,Population Estimate,2021
Somers,9855,Town,0911069220,PEP,2025,Population Estimate,2022
Somers,10760,Town,0911069220,PEP,2025,Population Estimate,2023
Somers,10883,Town,0911069220,PEP,2025,Population Estimate,2024
Somers,10938,Town,0911069220,PEP,2025,Population Estimate,2025
South Central Connecticut Planning Region,570746,Planning Region,09170,PEP,2025,Estimate Base,2020
South Central Connecticut Planning Region,564449,Planning Region,09170,PEP,2025,Population Estimate,2020
South Central Connecticut Planning Region,569020,Planning Region,09170,PEP,2025,Population Estimate,2021
South Central Connecticut Planning Region,569606,Planning Region,09170,PEP,2025,Population Estimate,2022
South Central Connecticut Planning Region,572366,Planning Region,09170,PEP,2025,Population Estimate,2023
South Central Connecticut Planning Region,577538,Planning Region,09170,PEP,2025,Population Estimate,2024
South Central Connecticut Planning Region,578741,Planning Region,09170,PEP,2025,Population Estimate,2025
South Central Connecticut Planning Region,-6297,Planning Region,09170,PEP,2025,Population Change (#),2020
South Central Connecticut Planning Region,4571,Planning Region,09170,PEP,2025,Population Change (#),2021
South Central Connecticut Planning Region,586,Planning Region,09170,PEP,2025,Population Change (#),2022
South Central Connecticut Planning Region,2760,Planning Region,09170,PEP,2025,Population Change (#),2023
South Central Connecticut Planning Region,5172,Planning Region,09170,PEP,2025,Population Change (#),2024
South Central Connecticut Planning Region,1203,Planning Region,09170,PEP,2025,Population Change (#),2025
South Central Connecticut Planning Region,1340,Planning Region,09170,PEP,2025,Births,2020
South Central Connecticut Planning Region,5559,Planning Region,09170,PEP,2025,Births,2021
South Central Connecticut Planning Region,5654,Planning Region,09170,PEP,2025,Births,2022
South Central Connecticut Planning Region,5644,Planning Region,09170,PEP,2025,Births,2023
South Central Connecticut Planning Region,5503,Planning Region,09170,PEP,2025,Births,2024
South Central Connecticut Planning Region,5538,Planning Region,09170,PEP,2025,Births,2025
South Central Connecticut Planning Region,2022,Planning Region,09170,PEP,2025,Deaths,2020
South Central Connecticut Planning Region,5870,Planning Region,09170,PEP,2025,Deaths,2021
South Central Connecticut Planning Region,5829,Planning Region,09170,PEP,2025,Deaths,2022
South Central Connecticut Planning Region,5475,Planning Region,09170,PEP,2025,Deaths,2023
South Central Connecticut Planning Region,5518,Planning Region,09170,PEP,2025,Deaths,2024
South Central Connecticut Planning Region,5425,Planning Region,09170,PEP,2025,Deaths,2025
South Central Connecticut Planning Region,-682,Planning Region,09170,PEP,2025,Natural Change,2020
South Central Connecticut Planning Region,-311,Planning Region,09170,PEP,2025,Natural Change,2021
South Central Connecticut Planning Region,-175,Planning Region,09170,PEP,2025,Natural Change,2022
South Central Connecticut Planning Region,169,Planning Region,09170,PEP,2025,Natural Change,2023
South Central Connecticut Planning Region,-15,Planning Region,09170,PEP,2025,Natural Change,2024
South Central Connecticut Planning Region,113,Planning Region,09170,PEP,2025,Natural Change,2025
South Central Connecticut Planning Region,70,Planning Region,09170,PEP,2025,International Migration,2020
South Central Connecticut Planning Region,1001,Planning Region,09170,PEP,2025,International Migration,2021
South Central Connecticut Planning Region,3073,Planning Region,09170,PEP,2025,International Migration,2022
South Central Connecticut Planning Region,4152,Planning Region,09170,PEP,2025,International Migration,2023
South Central Connecticut Planning Region,6259,Planning Region,09170,PEP,2025,International Migration,2024
South Central Connecticut Planning Region,2736,Planning Region,09170,PEP,2025,International Migration,2025
South Central Connecticut Planning Region,-4747,Planning Region,09170,PEP,2025,Domestic Migration,2020
South Central Connecticut Planning Region,3670,Planning Region,09170,PEP,2025,Domestic Migration,2021
South Central Connecticut Planning Region,-2029,Planning Region,09170,PEP,2025,Domestic Migration,2022
South Central Connecticut Planning Region,-1430,Planning Region,09170,PEP,2025,Domestic Migration,2023
South Central Connecticut Planning Region,-1005,Planning Region,09170,PEP,2025,Domestic Migration,2024
South Central Connecticut Planning Region,-1672,Planning Region,09170,PEP,2025,Domestic Migration,2025
South Central Connecticut Planning Region,-938,Planning Region,09170,PEP,2025,Residual,2020
South Central Connecticut Planning Region,211,Planning Region,09170,PEP,2025,Residual,2021
South Central Connecticut Planning Region,-283,Planning Region,09170,PEP,2025,Residual,2022
South Central Connecticut Planning Region,-131,Planning Region,09170,PEP,2025,Residual,2023
South Central Connecticut Planning Region,-67,Planning Region,09170,PEP,2025,Residual,2024
South Central Connecticut Planning Region,26,Planning Region,09170,PEP,2025,Residual,2025
South Central Connecticut Planning Region,23894,Planning Region,09170,PEP,2025,Group Quarters Estimates Base,2020
South Central Connecticut Planning Region,18793,Planning Region,09170,PEP,2025,Group Quarters Estimates,2020
South Central Connecticut Planning Region,22339,Planning Region,09170,PEP,2025,Group Quarters Estimates,2021
South Central Connecticut Planning Region,22970,Planning Region,09170,PEP,2025,Group Quarters Estimates,2022
South Central Connecticut Planning Region,24248,Planning Region,09170,PEP,2025,Group Quarters Estimates,2023
South Central Connecticut Planning Region,25085,Planning Region,09170,PEP,2025,Group Quarters Estimates,2024
South Central Connecticut Planning Region,25117,Planning Region,09170,PEP,2025,Group Quarters Estimates,2025
South Central Connecticut Planning Region,9.808825826,Planning Region,09170,PEP,2025,Birth Rate,2021
South Central Connecticut Planning Region,9.931268037,Planning Region,09170,PEP,2025,Birth Rate,2022
South Central Connecticut Planning Region,9.884655666,Planning Region,09170,PEP,2025,Birth Rate,2023
South Central Connecticut Planning Region,9.571233773,Planning Region,09170,PEP,2025,Birth Rate,2024
South Central Connecticut Planning Region,9.579002992,Planning Region,09170,PEP,2025,Birth Rate,2025
South Central Connecticut Planning Region,10.35758367,Planning Region,09170,PEP,2025,Death Rate,2021
South Central Connecticut Planning Region,10.23865606,Planning Region,09170,PEP,2025,Death Rate,2022
South Central Connecticut Planning Region,9.58867643,Planning Region,09170,PEP,2025,Death Rate,2023
South Central Connecticut Planning Region,9.597322907,Planning Region,09170,PEP,2025,Death Rate,2024
South Central Connecticut Planning Region,9.383548434,Planning Region,09170,PEP,2025,Death Rate,2025
South Central Connecticut Planning Region,-0.54875784,Planning Region,09170,PEP,2025,Natural Change Rate,2021
South Central Connecticut Planning Region,-0.307388027,Planning Region,09170,PEP,2025,Natural Change Rate,2022
South Central Connecticut Planning Region,0.295979236,Planning Region,09170,PEP,2025,Natural Change Rate,2023
South Central Connecticut Planning Region,-0.026089134,Planning Region,09170,PEP,2025,Natural Change Rate,2024
South Central Connecticut Planning Region,0.195454557,Planning Region,09170,PEP,2025,Natural Change Rate,2025
South Central Connecticut Planning Region,1.766259157,Planning Region,09170,PEP,2025,International Migration Rate,2021
South Central Connecticut Planning Region,5.39773376,Planning Region,09170,PEP,2025,International Migration Rate,2022
South Central Connecticut Planning Region,7.271631879,Planning Region,09170,PEP,2025,International Migration Rate,2023
South Central Connecticut Planning Region,10.88612615,Planning Region,09170,PEP,2025,International Migration Rate,2024
South Central Connecticut Planning Region,4.732421846,Planning Region,09170,PEP,2025,International Migration Rate,2025
South Central Connecticut Planning Region,6.475695409,Planning Region,09170,PEP,2025,Domestic Migration Rate,2021
South Central Connecticut Planning Region,-3.563944614,Planning Region,09170,PEP,2025,Domestic Migration Rate,2022
South Central Connecticut Planning Region,-2.504439689,Planning Region,09170,PEP,2025,Domestic Migration Rate,2023
South Central Connecticut Planning Region,-1.747972005,Planning Region,09170,PEP,2025,Domestic Migration Rate,2024
South Central Connecticut Planning Region,-2.892035573,Planning Region,09170,PEP,2025,Domestic Migration Rate,2025
South Central Connecticut Planning Region,3546,Planning Region,09170,PEP,2025,Group Quarters Change,2021
South Central Connecticut Planning Region,631,Planning Region,09170,PEP,2025,Group Quarters Change,2022
South Central Connecticut Planning Region,1278,Planning Region,09170,PEP,2025,Group Quarters Change,2023
South Central Connecticut Planning Region,837,Planning Region,09170,PEP,2025,Group Quarters Change,2024
South Central Connecticut Planning Region,32,Planning Region,09170,PEP,2025,Group Quarters Change,2025
South Windsor,26920,Town,0911071390,PEP,2025,Estimate Base,2020
South Windsor,26869,Town,0911071390,PEP,2025,Population Estimate,2020
South Windsor,26863,Town,0911071390,PEP,2025,Population Estimate,2021
South Windsor,26832,Town,0911071390,PEP,2025,Population Estimate,2022
South Windsor,26885,Town,0911071390,PEP,2025,Population Estimate,2023
South Windsor,26976,Town,0911071390,PEP,2025,Population Estimate,2024
South Windsor,27036,Town,0911071390,PEP,2025,Population Estimate,2025
Southbury,19876,Town,0914069640,PEP,2025,Estimate Base,2020
Southbury,19860,Town,0914069640,PEP,2025,Population Estimate,2020
Southbury,19942,Town,0914069640,PEP,2025,Population Estimate,2021
Southbury,20028,Town,0914069640,PEP,2025,Population Estimate,2022
Southbury,20205,Town,0914069640,PEP,2025,Population Estimate,2023
Southbury,20339,Town,0914069640,PEP,2025,Population Estimate,2024
Southbury,20468,Town,0914069640,PEP,2025,Population Estimate,2025
Southeastern Connecticut Planning Region,280467,Planning Region,09180,PEP,2025,Estimate Base,2020
Southeastern Connecticut Planning Region,278383,Planning Region,09180,PEP,2025,Population Estimate,2020
Southeastern Connecticut Planning Region,279596,Planning Region,09180,PEP,2025,Population Estimate,2021
Southeastern Connecticut Planning Region,279495,Planning Region,09180,PEP,2025,Population Estimate,2022
Southeastern Connecticut Planning Region,280776,Planning Region,09180,PEP,2025,Population Estimate,2023
Southeastern Connecticut Planning Region,283171,Planning Region,09180,PEP,2025,Population Estimate,2024
Southeastern Connecticut Planning Region,284015,Planning Region,09180,PEP,2025,Population Estimate,2025
Southeastern Connecticut Planning Region,-2084,Planning Region,09180,PEP,2025,Population Change (#),2020
Southeastern Connecticut Planning Region,1213,Planning Region,09180,PEP,2025,Population Change (#),2021
Southeastern Connecticut Planning Region,-101,Planning Region,09180,PEP,2025,Population Change (#),2022
Southeastern Connecticut Planning Region,1281,Planning Region,09180,PEP,2025,Population Change (#),2023
Southeastern Connecticut Planning Region,2395,Planning Region,09180,PEP,2025,Population Change (#),2024
Southeastern Connecticut Planning Region,844,Planning Region,09180,PEP,2025,Population Change (#),2025
Southeastern Connecticut Planning Region,621,Planning Region,09180,PEP,2025,Births,2020
Southeastern Connecticut Planning Region,2470,Planning Region,09180,PEP,2025,Births,2021
Southeastern Connecticut Planning Region,2704,Planning Region,09180,PEP,2025,Births,2022
Southeastern Connecticut Planning Region,2591,Planning Region,09180,PEP,2025,Births,2023
Southeastern Connecticut Planning Region,2570,Planning Region,09180,PEP,2025,Births,2024
Southeastern Connecticut Planning Region,2577,Planning Region,09180,PEP,2025,Births,2025
Southeastern Connecticut Planning Region,788,Planning Region,09180,PEP,2025,Deaths,2020
Southeastern Connecticut Planning Region,3087,Planning Region,09180,PEP,2025,Deaths,2021
Southeastern Connecticut Planning Region,3116,Planning Region,09180,PEP,2025,Deaths,2022
Southeastern Connecticut Planning Region,2843,Planning Region,09180,PEP,2025,Deaths,2023
Southeastern Connecticut Planning Region,2778,Planning Region,09180,PEP,2025,Deaths,2024
Southeastern Connecticut Planning Region,2753,Planning Region,09180,PEP,2025,Deaths,2025
Southeastern Connecticut Planning Region,-167,Planning Region,09180,PEP,2025,Natural Change,2020
Southeastern Connecticut Planning Region,-617,Planning Region,09180,PEP,2025,Natural Change,2021
Southeastern Connecticut Planning Region,-412,Planning Region,09180,PEP,2025,Natural Change,2022
Southeastern Connecticut Planning Region,-252,Planning Region,09180,PEP,2025,Natural Change,2023
Southeastern Connecticut Planning Region,-208,Planning Region,09180,PEP,2025,Natural Change,2024
Southeastern Connecticut Planning Region,-176,Planning Region,09180,PEP,2025,Natural Change,2025
Southeastern Connecticut Planning Region,16,Planning Region,09180,PEP,2025,International Migration,2020
Southeastern Connecticut Planning Region,339,Planning Region,09180,PEP,2025,International Migration,2021
Southeastern Connecticut Planning Region,846,Planning Region,09180,PEP,2025,International Migration,2022
Southeastern Connecticut Planning Region,1226,Planning Region,09180,PEP,2025,International Migration,2023
Southeastern Connecticut Planning Region,1421,Planning Region,09180,PEP,2025,International Migration,2024
Southeastern Connecticut Planning Region,642,Planning Region,09180,PEP,2025,International Migration,2025
Southeastern Connecticut Planning Region,-1639,Planning Region,09180,PEP,2025,Domestic Migration,2020
Southeastern Connecticut Planning Region,1303,Planning Region,09180,PEP,2025,Domestic Migration,2021
Southeastern Connecticut Planning Region,-366,Planning Region,09180,PEP,2025,Domestic Migration,2022
Southeastern Connecticut Planning Region,365,Planning Region,09180,PEP,2025,Domestic Migration,2023
Southeastern Connecticut Planning Region,1173,Planning Region,09180,PEP,2025,Domestic Migration,2024
Southeastern Connecticut Planning Region,358,Planning Region,09180,PEP,2025,Domestic Migration,2025
Southeastern Connecticut Planning Region,-294,Planning Region,09180,PEP,2025,Residual,2020
Southeastern Connecticut Planning Region,188,Planning Region,09180,PEP,2025,Residual,2021
Southeastern Connecticut Planning Region,-169,Planning Region,09180,PEP,2025,Residual,2022
Southeastern Connecticut Planning Region,-58,Planning Region,09180,PEP,2025,Residual,2023
Southeastern Connecticut Planning Region,9,Planning Region,09180,PEP,2025,Residual,2024
Southeastern Connecticut Planning Region,20,Planning Region,09180,PEP,2025,Residual,2025
Southeastern Connecticut Planning Region,12289,Planning Region,09180,PEP,2025,Group Quarters Estimates Base,2020
Southeastern Connecticut Planning Region,10614,Planning Region,09180,PEP,2025,Group Quarters Estimates,2020
Southeastern Connecticut Planning Region,11429,Planning Region,09180,PEP,2025,Group Quarters Estimates,2021
Southeastern Connecticut Planning Region,11201,Planning Region,09180,PEP,2025,Group Quarters Estimates,2022
Southeastern Connecticut Planning Region,11517,Planning Region,09180,PEP,2025,Group Quarters Estimates,2023
Southeastern Connecticut Planning Region,11929,Planning Region,09180,PEP,2025,Group Quarters Estimates,2024
Southeastern Connecticut Planning Region,12069,Planning Region,09180,PEP,2025,Group Quarters Estimates,2025
Southeastern Connecticut Planning Region,8.853379787,Planning Region,09180,PEP,2025,Birth Rate,2021
Southeastern Connecticut Planning Region,9.672843956,Planning Region,09180,PEP,2025,Birth Rate,2022
Southeastern Connecticut Planning Region,9.249095527,Planning Region,09180,PEP,2025,Birth Rate,2023
Southeastern Connecticut Planning Region,9.114331666,Planning Region,09180,PEP,2025,Birth Rate,2024
Southeastern Connecticut Planning Region,9.08696618,Planning Region,09180,PEP,2025,Birth Rate,2025
Southeastern Connecticut Planning Region,11.06493255,Planning Region,09180,PEP,2025,Death Rate,2021
Southeastern Connecticut Planning Region,11.14666485,Planning Region,09180,PEP,2025,Death Rate,2022
Southeastern Connecticut Planning Region,10.1486602,Planning Region,09180,PEP,2025,Death Rate,2023
Southeastern Connecticut Planning Region,9.851989637,Planning Region,09180,PEP,2025,Death Rate,2024
Southeastern Connecticut Planning Region,9.707573882,Planning Region,09180,PEP,2025,Death Rate,2025
Southeastern Connecticut Planning Region,-2.211552765,Planning Region,09180,PEP,2025,Natural Change Rate,2021
Southeastern Connecticut Planning Region,-1.473820899,Planning Region,09180,PEP,2025,Natural Change Rate,2022
Southeastern Connecticut Planning Region,-0.899564675,Planning Region,09180,PEP,2025,Natural Change Rate,2023
Southeastern Connecticut Planning Region,-0.737657971,Planning Region,09180,PEP,2025,Natural Change Rate,2024
Southeastern Connecticut Planning Region,-0.620607702,Planning Region,09180,PEP,2025,Natural Change Rate,2025
Southeastern Connecticut Planning Region,1.215099493,Planning Region,09180,PEP,2025,International Migration Rate,2021
Southeastern Connecticut Planning Region,3.026340971,Planning Region,09180,PEP,2025,International Migration Rate,2022
Southeastern Connecticut Planning Region,4.376453538,Planning Region,09180,PEP,2025,International Migration Rate,2023
Southeastern Connecticut Planning Region,5.03948066,Planning Region,09180,PEP,2025,International Migration Rate,2024
Southeastern Connecticut Planning Region,2.26380764,Planning Region,09180,PEP,2025,International Migration Rate,2025
Southeastern Connecticut Planning Region,4.670426665,Planning Region,09180,PEP,2025,Domestic Migration Rate,2021
Southeastern Connecticut Planning Region,-1.30926808,Planning Region,09180,PEP,2025,Domestic Migration Rate,2022
Southeastern Connecticut Planning Region,1.302940898,Planning Region,09180,PEP,2025,Domestic Migration Rate,2023
Southeastern Connecticut Planning Region,4.159965387,Planning Region,09180,PEP,2025,Domestic Migration Rate,2024
Southeastern Connecticut Planning Region,1.262372485,Planning Region,09180,PEP,2025,Domestic Migration Rate,2025
Southeastern Connecticut Planning Region,815,Planning Region,09180,PEP,2025,Group Quarters Change,2021
Southeastern Connecticut Planning Region,-228,Planning Region,09180,PEP,2025,Group Quarters Change,2022
Southeastern Connecticut Planning Region,316,Planning Region,09180,PEP,2025,Group Quarters Change,2023
Southeastern Connecticut Planning Region,412,Planning Region,09180,PEP,2025,Group Quarters Change,2024
Southeastern Connecticut Planning Region,140,Planning Region,09180,PEP,2025,Group Quarters Change,2025
Southington,43521,Town,0911070550,PEP,2025,Estimate Base,2020
Southington,43433,Town,0911070550,PEP,2025,Population Estimate,2020
Southington,43625,Town,0911070550,PEP,2025,Population Estimate,2021
Southington,43795,Town,0911070550,PEP,2025,Population Estimate,2022
Southington,43888,Town,0911070550,PEP,2025,Population Estimate,2023
Southington,44062,Town,0911070550,PEP,2025,Population Estimate,2024
Southington,44242,Town,0911070550,PEP,2025,Population Estimate,2025
Sprague,2969,Town,0918071670,PEP,2025,Estimate Base,2020
Sprague,2964,Town,0918071670,PEP,2025,Population Estimate,2020
Sprague,2956,Town,0918071670,PEP,2025,Population Estimate,2021
Sprague,2942,Town,0918071670,PEP,2025,Population Estimate,2022
Sprague,2941,Town,0918071670,PEP,2025,Population Estimate,2023
Sprague,2950,Town,0918071670,PEP,2025,Population Estimate,2024
Sprague,2954,Town,0918071670,PEP,2025,Population Estimate,2025
Stafford,11466,Town,0911072090,PEP,2025,Estimate Base,2020
Stafford,11410,Town,0911072090,PEP,2025,Population Estimate,2020
Stafford,11434,Town,0911072090,PEP,2025,Population Estimate,2021
Stafford,11419,Town,0911072090,PEP,2025,Population Estimate,2022
Stafford,11620,Town,0911072090,PEP,2025,Population Estimate,2023
Stafford,11651,Town,0911072090,PEP,2025,Population Estimate,2024
Stafford,11721,Town,0911072090,PEP,2025,Population Estimate,2025
Stamford,135434,Town,0919073070,PEP,2025,Estimate Base,2020
Stamford,135447,Town,0919073070,PEP,2025,Population Estimate,2020
Stamford,136851,Town,0919073070,PEP,2025,Population Estimate,2021
Stamford,136850,Town,0919073070,PEP,2025,Population Estimate,2022
Stamford,137577,Town,0919073070,PEP,2025,Population Estimate,2023
Stamford,139344,Town,0919073070,PEP,2025,Population Estimate,2024
Stamford,139535,Town,0919073070,PEP,2025,Population Estimate,2025
Sterling,3584,Town,0915073420,PEP,2025,Estimate Base,2020
Sterling,3581,Town,0915073420,PEP,2025,Population Estimate,2020
Sterling,3603,Town,0915073420,PEP,2025,Population Estimate,2021
Sterling,3634,Town,0915073420,PEP,2025,Population Estimate,2022
Sterling,3662,Town,0915073420,PEP,2025,Population Estimate,2023
Sterling,3709,Town,0915073420,PEP,2025,Population Estimate,2024
Sterling,3736,Town,0915073420,PEP,2025,Population Estimate,2025
Stonington,18338,Town,0918073770,PEP,2025,Estimate Base,2020
Stonington,18310,Town,0918073770,PEP,2025,Population Estimate,2020
Stonington,18423,Town,0918073770,PEP,2025,Population Estimate,2021
Stonington,18394,Town,0918073770,PEP,2025,Population Estimate,2022
Stonington,18464,Town,0918073770,PEP,2025,Population Estimate,2023
Stonington,18802,Town,0918073770,PEP,2025,Population Estimate,2024
Stonington,18832,Town,0918073770,PEP,2025,Population Estimate,2025
Stratford,52383,Town,0912074190,PEP,2025,Estimate Base,2020
Stratford,52243,Town,0912074190,PEP,2025,Population Estimate,2020
Stratford,52470,Town,0912074190,PEP,2025,Population Estimate,2021
Stratford,52791,Town,0912074190,PEP,2025,Population Estimate,2022
Stratford,53080,Town,0912074190,PEP,2025,Population Estimate,2023
Stratford,53745,Town,0912074190,PEP,2025,Population Estimate,2024
Stratford,53908,Town,0912074190,PEP,2025,Population Estimate,2025
Suffield,15761,Town,0911074540,PEP,2025,Estimate Base,2020
Suffield,15682,Town,0911074540,PEP,2025,Population Estimate,2020
Suffield,15401,Town,0911074540,PEP,2025,Population Estimate,2021
Suffield,15736,Town,0911074540,PEP,2025,Population Estimate,2022
Suffield,15711,Town,0911074540,PEP,2025,Population Estimate,2023
Suffield,15912,Town,0911074540,PEP,2025,Population Estimate,2024
Suffield,16046,Town,0911074540,PEP,2025,Population Estimate,2025
Thomaston,7448,Town,0914075730,PEP,2025,Estimate Base,2020
Thomaston,7440,Town,0914075730,PEP,2025,Population Estimate,2020
Thomaston,7469,Town,0914075730,PEP,2025,Population Estimate,2021
Thomaston,7480,Town,0914075730,PEP,2025,Population Estimate,2022
Thomaston,7526,Town,0914075730,PEP,2025,Population Estimate,2023
Thomaston,7553,Town,0914075730,PEP,2025,Population Estimate,2024
Thomaston,7572,Town,0914075730,PEP,2025,Population Estimate,2025
Thompson,9184,Town,0915075870,PEP,2025,Estimate Base,2020
Thompson,9184,Town,0915075870,PEP,2025,Population Estimate,2020
Thompson,9259,Town,0915075870,PEP,2025,Population Estimate,2021
Thompson,9300,Town,0915075870,PEP,2025,Population Estimate,2022
Thompson,9378,Town,0915075870,PEP,2025,Population Estimate,2023
Thompson,9485,Town,0915075870,PEP,2025,Population Estimate,2024
Thompson,9566,Town,0915075870,PEP,2025,Population Estimate,2025
Tolland,14572,Town,0911076290,PEP,2025,Estimate Base,2020
Tolland,14528,Town,0911076290,PEP,2025,Population Estimate,2020
Tolland,14560,Town,0911076290,PEP,2025,Population Estimate,2021
Tolland,14566,Town,0911076290,PEP,2025,Population Estimate,2022
Tolland,14635,Town,0911076290,PEP,2025,Population Estimate,2023
Tolland,14696,Town,0911076290,PEP,2025,Population Estimate,2024
Tolland,14752,Town,0911076290,PEP,2025,Population Estimate,2025
Torrington,35503,Town,0916076570,PEP,2025,Estimate Base,2020
Torrington,35361,Town,0916076570,PEP,2025,Population Estimate,2020
Torrington,35526,Town,0916076570,PEP,2025,Population Estimate,2021
Torrington,35548,Town,0916076570,PEP,2025,Population Estimate,2022
Torrington,35549,Town,0916076570,PEP,2025,Population Estimate,2023
Torrington,35730,Town,0916076570,PEP,2025,Population Estimate,2024
Torrington,35796,Town,0916076570,PEP,2025,Population Estimate,2025
Trumbull,36824,Town,0912077200,PEP,2025,Estimate Base,2020
Trumbull,36602,Town,0912077200,PEP,2025,Population Estimate,2020
Trumbull,36959,Town,0912077200,PEP,2025,Population Estimate,2021
Trumbull,37259,Town,0912077200,PEP,2025,Population Estimate,2022
Trumbull,37683,Town,0912077200,PEP,2025,Population Estimate,2023
Trumbull,38151,Town,0912077200,PEP,2025,Population Estimate,2024
Trumbull,38075,Town,0912077200,PEP,2025,Population Estimate,2025
Union,781,Town,0915077830,PEP,2025,Estimate Base,2020
Union,783,Town,0915077830,PEP,2025,Population Estimate,2020
Union,788,Town,0915077830,PEP,2025,Population Estimate,2021
Union,793,Town,0915077830,PEP,2025,Population Estimate,2022
Union,798,Town,0915077830,PEP,2025,Population Estimate,2023
Union,805,Town,0915077830,PEP,2025,Population Estimate,2024
Union,804,Town,0915077830,PEP,2025,Population Estimate,2025
Vernon,30203,Town,0911078250,PEP,2025,Estimate Base,2020
Vernon,30156,Town,0911078250,PEP,2025,Population Estimate,2020
Vernon,30396,Town,0911078250,PEP,2025,Population Estimate,2021
Vernon,30640,Town,0911078250,PEP,2025,Population Estimate,2022
Vernon,30703,Town,0911078250,PEP,2025,Population Estimate,2023
Vernon,30794,Town,0911078250,PEP,2025,Population Estimate,2024
Vernon,30842,Town,0911078250,PEP,2025,Population Estimate,2025
Voluntown,2565,Town,0915078600,PEP,2025,Estimate Base,2020
Voluntown,2563,Town,0915078600,PEP,2025,Population Estimate,2020
Voluntown,2573,Town,0915078600,PEP,2025,Population Estimate,2021
Voluntown,2587,Town,0915078600,PEP,2025,Population Estimate,2022
Voluntown,2612,Town,0915078600,PEP,2025,Population Estimate,2023
Voluntown,2645,Town,0915078600,PEP,2025,Population Estimate,2024
Voluntown,2653,Town,0915078600,PEP,2025,Population Estimate,2025
Wallingford,44688,Town,0917078740,PEP,2025,Estimate Base,2020
Wallingford,44519,Town,0917078740,PEP,2025,Population Estimate,2020
Wallingford,44395,Town,0917078740,PEP,2025,Population Estimate,2021
Wallingford,44235,Town,0917078740,PEP,2025,Population Estimate,2022
Wallingford,44220,Town,0917078740,PEP,2025,Population Estimate,2023
Wallingford,44417,Town,0917078740,PEP,2025,Population Estimate,2024
Wallingford,44406,Town,0917078740,PEP,2025,Population Estimate,2025
Warren,1353,Town,0916079510,PEP,2025,Estimate Base,2020
Warren,1350,Town,0916079510,PEP,2025,Population Estimate,2020
Warren,1358,Town,0916079510,PEP,2025,Population Estimate,2021
Warren,1362,Town,0916079510,PEP,2025,Population Estimate,2022
Warren,1369,Town,0916079510,PEP,2025,Population Estimate,2023
Warren,1380,Town,0916079510,PEP,2025,Population Estimate,2024
Warren,1389,Town,0916079510,PEP,2025,Population Estimate,2025
Washington,3642,Town,0916079720,PEP,2025,Estimate Base,2020
Washington,3636,Town,0916079720,PEP,2025,Population Estimate,2020
Washington,3659,Town,0916079720,PEP,2025,Population Estimate,2021
Washington,3664,Town,0916079720,PEP,2025,Population Estimate,2022
Washington,3689,Town,0916079720,PEP,2025,Population Estimate,2023
Washington,3723,Town,0916079720,PEP,2025,Population Estimate,2024
Washington,3733,Town,0916079720,PEP,2025,Population Estimate,2025
Waterbury,114452,Town,0914080070,PEP,2025,Estimate Base,2020
Waterbury,113875,Town,0914080070,PEP,2025,Population Estimate,2020
Waterbury,114573,Town,0914080070,PEP,2025,Population Estimate,2021
Waterbury,114716,Town,0914080070,PEP,2025,Population Estimate,2022
Waterbury,115186,Town,0914080070,PEP,2025,Population Estimate,2023
Waterbury,115501,Town,0914080070,PEP,2025,Population Estimate,2024
Waterbury,115771,Town,0914080070,PEP,2025,Population Estimate,2025
Waterford,19579,Town,0918080280,PEP,2025,Estimate Base,2020
Waterford,19577,Town,0918080280,PEP,2025,Population Estimate,2020
Waterford,19577,Town,0918080280,PEP,2025,Population Estimate,2021
Waterford,19527,Town,0918080280,PEP,2025,Population Estimate,2022
Waterford,19842,Town,0918080280,PEP,2025,Population Estimate,2023
Waterford,19941,Town,0918080280,PEP,2025,Population Estimate,2024
Waterford,20435,Town,0918080280,PEP,2025,Population Estimate,2025
Watertown,22113,Town,0914080490,PEP,2025,Estimate Base,2020
Watertown,22082,Town,0914080490,PEP,2025,Population Estimate,2020
Watertown,22150,Town,0914080490,PEP,2025,Population Estimate,2021
Watertown,22210,Town,0914080490,PEP,2025,Population Estimate,2022
Watertown,22341,Town,0914080490,PEP,2025,Population Estimate,2023
Watertown,22478,Town,0914080490,PEP,2025,Population Estimate,2024
Watertown,22526,Town,0914080490,PEP,2025,Population Estimate,2025
West Hartford,63573,Town,0911082590,PEP,2025,Estimate Base,2020
West Hartford,63092,Town,0911082590,PEP,2025,Population Estimate,2020
West Hartford,63352,Town,0911082590,PEP,2025,Population Estimate,2021
West Hartford,63469,Town,0911082590,PEP,2025,Population Estimate,2022
West Hartford,63750,Town,0911082590,PEP,2025,Population Estimate,2023
West Hartford,63790,Town,0911082590,PEP,2025,Population Estimate,2024
West Hartford,64242,Town,0911082590,PEP,2025,Population Estimate,2025
West Haven,55554,Town,0917082870,PEP,2025,Estimate Base,2020
West Haven,55508,Town,0917082870,PEP,2025,Population Estimate,2020
West Haven,55280,Town,0917082870,PEP,2025,Population Estimate,2021
West Haven,55244,Town,0917082870,PEP,2025,Population Estimate,2022
West Haven,55172,Town,0917082870,PEP,2025,Population Estimate,2023
West Haven,55379,Town,0917082870,PEP,2025,Population Estimate,2024
West Haven,55351,Town,0917082870,PEP,2025,Population Estimate,2025
Westbrook,6774,Town,0913081680,PEP,2025,Estimate Base,2020
Westbrook,6766,Town,0913081680,PEP,2025,Population Estimate,2020
Westbrook,6845,Town,0913081680,PEP,2025,Population Estimate,2021
Westbrook,6876,Town,0913081680,PEP,2025,Population Estimate,2022
Westbrook,6905,Town,0913081680,PEP,2025,Population Estimate,2023
Westbrook,6915,Town,0913081680,PEP,2025,Population Estimate,2024
Westbrook,6918,Town,0913081680,PEP,2025,Population Estimate,2025
Western Connecticut Planning Region,620900,Planning Region,09190,PEP,2025,Estimate Base,2020
Western Connecticut Planning Region,618740,Planning Region,09190,PEP,2025,Population Estimate,2020
Western Connecticut Planning Region,624102,Planning Region,09190,PEP,2025,Population Estimate,2021
Western Connecticut Planning Region,626146,Planning Region,09190,PEP,2025,Population Estimate,2022
Western Connecticut Planning Region,630270,Planning Region,09190,PEP,2025,Population Estimate,2023
Western Connecticut Planning Region,637721,Planning Region,09190,PEP,2025,Population Estimate,2024
Western Connecticut Planning Region,640482,Planning Region,09190,PEP,2025,Population Estimate,2025
Western Connecticut Planning Region,-2160,Planning Region,09190,PEP,2025,Population Change (#),2020
Western Connecticut Planning Region,5362,Planning Region,09190,PEP,2025,Population Change (#),2021
Western Connecticut Planning Region,2044,Planning Region,09190,PEP,2025,Population Change (#),2022
Western Connecticut Planning Region,4124,Planning Region,09190,PEP,2025,Population Change (#),2023
Western Connecticut Planning Region,7451,Planning Region,09190,PEP,2025,Population Change (#),2024
Western Connecticut Planning Region,2761,Planning Region,09190,PEP,2025,Population Change (#),2025
Western Connecticut Planning Region,1543,Planning Region,09190,PEP,2025,Births,2020
Western Connecticut Planning Region,6164,Planning Region,09190,PEP,2025,Births,2021
Western Connecticut Planning Region,6612,Planning Region,09190,PEP,2025,Births,2022
Western Connecticut Planning Region,6498,Planning Region,09190,PEP,2025,Births,2023
Western Connecticut Planning Region,6505,Planning Region,09190,PEP,2025,Births,2024
Western Connecticut Planning Region,6452,Planning Region,09190,PEP,2025,Births,2025
Western Connecticut Planning Region,1996,Planning Region,09190,PEP,2025,Deaths,2020
Western Connecticut Planning Region,5034,Planning Region,09190,PEP,2025,Deaths,2021
Western Connecticut Planning Region,5006,Planning Region,09190,PEP,2025,Deaths,2022
Western Connecticut Planning Region,4876,Planning Region,09190,PEP,2025,Deaths,2023
Western Connecticut Planning Region,4848,Planning Region,09190,PEP,2025,Deaths,2024
Western Connecticut Planning Region,4804,Planning Region,09190,PEP,2025,Deaths,2025
Western Connecticut Planning Region,-453,Planning Region,09190,PEP,2025,Natural Change,2020
Western Connecticut Planning Region,1130,Planning Region,09190,PEP,2025,Natural Change,2021
Western Connecticut Planning Region,1606,Planning Region,09190,PEP,2025,Natural Change,2022
Western Connecticut Planning Region,1622,Planning Region,09190,PEP,2025,Natural Change,2023
Western Connecticut Planning Region,1657,Planning Region,09190,PEP,2025,Natural Change,2024
Western Connecticut Planning Region,1648,Planning Region,09190,PEP,2025,Natural Change,2025
Western Connecticut Planning Region,124,Planning Region,09190,PEP,2025,International Migration,2020
Western Connecticut Planning Region,1534,Planning Region,09190,PEP,2025,International Migration,2021
Western Connecticut Planning Region,6359,Planning Region,09190,PEP,2025,International Migration,2022
Western Connecticut Planning Region,7239,Planning Region,09190,PEP,2025,International Migration,2023
Western Connecticut Planning Region,9818,Planning Region,09190,PEP,2025,International Migration,2024
Western Connecticut Planning Region,4753,Planning Region,09190,PEP,2025,International Migration,2025
Western Connecticut Planning Region,-1707,Planning Region,09190,PEP,2025,Domestic Migration,2020
Western Connecticut Planning Region,2346,Planning Region,09190,PEP,2025,Domestic Migration,2021
Western Connecticut Planning Region,-6028,Planning Region,09190,PEP,2025,Domestic Migration,2022
Western Connecticut Planning Region,-4779,Planning Region,09190,PEP,2025,Domestic Migration,2023
Western Connecticut Planning Region,-4045,Planning Region,09190,PEP,2025,Domestic Migration,2024
Western Connecticut Planning Region,-3667,Planning Region,09190,PEP,2025,Domestic Migration,2025
Western Connecticut Planning Region,-124,Planning Region,09190,PEP,2025,Residual,2020
Western Connecticut Planning Region,352,Planning Region,09190,PEP,2025,Residual,2021
Western Connecticut Planning Region,107,Planning Region,09190,PEP,2025,Residual,2022
Western Connecticut Planning Region,42,Planning Region,09190,PEP,2025,Residual,2023
Western Connecticut Planning Region,21,Planning Region,09190,PEP,2025,Residual,2024
Western Connecticut Planning Region,27,Planning Region,09190,PEP,2025,Residual,2025
Western Connecticut Planning Region,8735,Planning Region,09190,PEP,2025,Group Quarters Estimates Base,2020
Western Connecticut Planning Region,7913,Planning Region,09190,PEP,2025,Group Quarters Estimates,2020
Western Connecticut Planning Region,8294,Planning Region,09190,PEP,2025,Group Quarters Estimates,2021
Western Connecticut Planning Region,8500,Planning Region,09190,PEP,2025,Group Quarters Estimates,2022
Western Connecticut Planning Region,8429,Planning Region,09190,PEP,2025,Group Quarters Estimates,2023
Western Connecticut Planning Region,8905,Planning Region,09190,PEP,2025,Group Quarters Estimates,2024
Western Connecticut Planning Region,9011,Planning Region,09190,PEP,2025,Group Quarters Estimates,2025
Western Connecticut Planning Region,9.919201314,Planning Region,09190,PEP,2025,Birth Rate,2021
Western Connecticut Planning Region,10.5771015,Planning Region,09190,PEP,2025,Birth Rate,2022
Western Connecticut Planning Region,10.34370782,Planning Region,09190,PEP,2025,Birth Rate,2023
Western Connecticut Planning Region,10.26032519,Planning Region,09190,PEP,2025,Birth Rate,2024
Western Connecticut Planning Region,10.09542303,Planning Region,09190,PEP,2025,Birth Rate,2025
Western Connecticut Planning Region,8.100788354,Planning Region,09190,PEP,2025,Death Rate,2021
Western Connecticut Planning Region,8.008011211,Planning Region,09190,PEP,2025,Death Rate,2022
Western Connecticut Planning Region,7.761760436,Planning Region,09190,PEP,2025,Death Rate,2023
Western Connecticut Planning Region,7.646741972,Planning Region,09190,PEP,2025,Death Rate,2024
Western Connecticut Planning Region,7.516802887,Planning Region,09190,PEP,2025,Death Rate,2025
Western Connecticut Planning Region,1.81841296,Planning Region,09190,PEP,2025,Natural Change Rate,2021
Western Connecticut Planning Region,2.569090293,Planning Region,09190,PEP,2025,Natural Change Rate,2022
Western Connecticut Planning Region,2.581947381,Planning Region,09190,PEP,2025,Natural Change Rate,2023
Western Connecticut Planning Region,2.613583219,Planning Region,09190,PEP,2025,Natural Change Rate,2024
Western Connecticut Planning Region,2.578620141,Planning Region,09190,PEP,2025,Natural Change Rate,2025
Western Connecticut Planning Region,2.468535824,Planning Region,09190,PEP,2025,International Migration Rate,2021
Western Connecticut Planning Region,10.1723818,Planning Region,09190,PEP,2025,International Migration Rate,2022
Western Connecticut Planning Region,11.52325345,Planning Region,09190,PEP,2025,International Migration Rate,2023
Western Connecticut Planning Region,15.48591433,Planning Region,09190,PEP,2025,International Migration Rate,2024
Western Connecticut Planning Region,7.437003356,Planning Region,09190,PEP,2025,International Migration Rate,2025
Western Connecticut Planning Region,3.775218411,Planning Region,09190,PEP,2025,Domestic Migration Rate,2021
Western Connecticut Planning Region,-9.642886851,Planning Region,09190,PEP,2025,Domestic Migration Rate,2022
Western Connecticut Planning Region,-7.607352979,Planning Region,09190,PEP,2025,Domestic Migration Rate,2023
Western Connecticut Planning Region,-6.380171468,Planning Region,09190,PEP,2025,Domestic Migration Rate,2024
Western Connecticut Planning Region,-5.737742753,Planning Region,09190,PEP,2025,Domestic Migration Rate,2025
Western Connecticut Planning Region,381,Planning Region,09190,PEP,2025,Group Quarters Change,2021
Western Connecticut Planning Region,206,Planning Region,09190,PEP,2025,Group Quarters Change,2022
Western Connecticut Planning Region,-71,Planning Region,09190,PEP,2025,Group Quarters Change,2023
Western Connecticut Planning Region,476,Planning Region,09190,PEP,2025,Group Quarters Change,2024
Western Connecticut Planning Region,106,Planning Region,09190,PEP,2025,Group Quarters Change,2025
Weston,10354,Town,0919083430,PEP,2025,Estimate Base,2020
Weston,10320,Town,0919083430,PEP,2025,Population Estimate,2020
Weston,10375,Town,0919083430,PEP,2025,Population Estimate,2021
Weston,10396,Town,0919083430,PEP,2025,Population Estimate,2022
Weston,10428,Town,0919083430,PEP,2025,Population Estimate,2023
Weston,10498,Town,0919083430,PEP,2025,Population Estimate,2024
Weston,10517,Town,0919083430,PEP,2025,Population Estimate,2025
Westport,27114,Town,0919083500,PEP,2025,Estimate Base,2020
Westport,27040,Town,0919083500,PEP,2025,Population Estimate,2020
Westport,27338,Town,0919083500,PEP,2025,Population Estimate,2021
Westport,27458,Town,0919083500,PEP,2025,Population Estimate,2022
Westport,27647,Town,0919083500,PEP,2025,Population Estimate,2023
Westport,27973,Town,0919083500,PEP,2025,Population Estimate,2024
Westport,28301,Town,0919083500,PEP,2025,Population Estimate,2025
Wethersfield,27301,Town,0911084900,PEP,2025,Estimate Base,2020
Wethersfield,27230,Town,0911084900,PEP,2025,Population Estimate,2020
Wethersfield,27204,Town,0911084900,PEP,2025,Population Estimate,2021
Wethersfield,27154,Town,0911084900,PEP,2025,Population Estimate,2022
Wethersfield,27198,Town,0911084900,PEP,2025,Population Estimate,2023
Wethersfield,27248,Town,0911084900,PEP,2025,Population Estimate,2024
Wethersfield,27291,Town,0911084900,PEP,2025,Population Estimate,2025
Willington,5563,Town,0911085950,PEP,2025,Estimate Base,2020
Willington,5551,Town,0911085950,PEP,2025,Population Estimate,2020
Willington,5548,Town,0911085950,PEP,2025,Population Estimate,2021
Willington,5549,Town,0911085950,PEP,2025,Population Estimate,2022
Willington,5572,Town,0911085950,PEP,2025,Population Estimate,2023
Willington,5591,Town,0911085950,PEP,2025,Population Estimate,2024
Willington,5601,Town,0911085950,PEP,2025,Population Estimate,2025
Wilton,18530,Town,0919086370,PEP,2025,Estimate Base,2020
Wilton,18430,Town,0919086370,PEP,2025,Population Estimate,2020
Wilton,18523,Town,0919086370,PEP,2025,Population Estimate,2021
Wilton,18650,Town,0919086370,PEP,2025,Population Estimate,2022
Wilton,19160,Town,0919086370,PEP,2025,Population Estimate,2023
Wilton,19300,Town,0919086370,PEP,2025,Population Estimate,2024
Wilton,19435,Town,0919086370,PEP,2025,Population Estimate,2025
Winchester,10281,Town,0916086440,PEP,2025,Estimate Base,2020
Winchester,10259,Town,0916086440,PEP,2025,Population Estimate,2020
Winchester,10294,Town,0916086440,PEP,2025,Population Estimate,2021
Winchester,10299,Town,0916086440,PEP,2025,Population Estimate,2022
Winchester,10300,Town,0916086440,PEP,2025,Population Estimate,2023
Winchester,10346,Town,0916086440,PEP,2025,Population Estimate,2024
Winchester,10360,Town,0916086440,PEP,2025,Population Estimate,2025
Windham,24432,Town,0918086790,PEP,2025,Estimate Base,2020
Windham,23867,Town,0918086790,PEP,2025,Population Estimate,2020
Windham,23946,Town,0918086790,PEP,2025,Population Estimate,2021
Windham,23880,Town,0918086790,PEP,2025,Population Estimate,2022
Windham,23929,Town,0918086790,PEP,2025,Population Estimate,2023
Windham,24147,Town,0918086790,PEP,2025,Population Estimate,2024
Windham,24139,Town,0918086790,PEP,2025,Population Estimate,2025
Windsor,29488,Town,0911087000,PEP,2025,Estimate Base,2020
Windsor,29337,Town,0911087000,PEP,2025,Population Estimate,2020
Windsor,29385,Town,0911087000,PEP,2025,Population Estimate,2021
Windsor,29430,Town,0911087000,PEP,2025,Population Estimate,2022
Windsor,29500,Town,0911087000,PEP,2025,Population Estimate,2023
Windsor,29566,Town,0911087000,PEP,2025,Population Estimate,2024
Windsor,29879,Town,0911087000,PEP,2025,Population Estimate,2025
Windsor Locks,12608,Town,0911087070,PEP,2025,Estimate Base,2020
Windsor Locks,12576,Town,0911087070,PEP,2025,Population Estimate,2020
Windsor Locks,12571,Town,0911087070,PEP,2025,Population Estimate,2021
Windsor Locks,12558,Town,0911087070,PEP,2025,Population Estimate,2022
Windsor Locks,12575,Town,0911087070,PEP,2025,Population Estimate,2023
Windsor Locks,12603,Town,0911087070,PEP,2025,Population Estimate,2024
Windsor Locks,12617,Town,0911087070,PEP,2025,Population Estimate,2025
Wolcott,16125,Town,0914087560,PEP,2025,Estimate Base,2020
Wolcott,16125,Town,0914087560,PEP,2025,Population Estimate,2020
Wolcott,16167,Town,0914087560,PEP,2025,Population Estimate,2021
Wolcott,16238,Town,0914087560,PEP,2025,Population Estimate,2022
Wolcott,16383,Town,0914087560,PEP,2025,Population Estimate,2023
Wolcott,16485,Town,0914087560,PEP,2025,Population Estimate,2024
Wolcott,16573,Town,0914087560,PEP,2025,Population Estimate,2025
Woodbridge,9075,Town,0917087700,PEP,2025,Estimate Base,2020
Woodbridge,9037,Town,0917087700,PEP,2025,Population Estimate,2020
Woodbridge,9028,Town,0917087700,PEP,2025,Population Estimate,2021
Woodbridge,9042,Town,0917087700,PEP,2025,Population Estimate,2022
Woodbridge,9037,Town,0917087700,PEP,2025,Population Estimate,2023
Woodbridge,9113,Town,0917087700,PEP,2025,Population Estimate,2024
Woodbridge,9160,Town,0917087700,PEP,2025,Population Estimate,2025
Woodbury,9728,Town,0914087910,PEP,2025,Estimate Base,2020
Woodbury,9715,Town,0914087910,PEP,2025,Population Estimate,2020
Woodbury,9784,Town,0914087910,PEP,2025,Population Estimate,2021
Woodbury,9820,Town,0914087910,PEP,2025,Population Estimate,2022
Woodbury,9893,Town,0914087910,PEP,2025,Population Estimate,2023
Woodbury,9954,Town,0914087910,PEP,2025,Population Estimate,2024
Woodbury,10005,Town,0914087910,PEP,2025,Population Estimate,2025
Woodstock,8232,Town,0915088190,PEP,2025,Estimate Base,2020
Woodstock,8228,Town,0915088190,PEP,2025,Population Estimate,2020
Woodstock,8267,Town,0915088190,PEP,2025,Population Estimate,2021
Woodstock,8318,Town,0915088190,PEP,2025,Population Estimate,2022
Woodstock,8371,Town,0915088190,PEP,2025,Population Estimate,2023
Woodstock,8446,Town,0915088190,PEP,2025,Population Estimate,2024
Woodstock,8474,Town,0915088190,PEP,2025,Population Estimate,2025
Connecticut,88243,State,09,PEP,2025,Group Quarters Estimates,2020
Connecticut,101847,State,09,PEP,2025,Group Quarters Estimates,2021
Connecticut,105585,State,09,PEP,2025,Group Quarters Estimates,2022
Connecticut,108738,State,09,PEP,2025,Group Quarters Estimates,2023
Connecticut,111828,State,09,PEP,2025,Group Quarters Estimates,2024
Connecticut,112481,State,09,PEP,2025,Group Quarters Estimates,2025
Connecticut,13604,State,09,PEP,2025,Group Quarters Change,2021
Connecticut,3738,State,09,PEP,2025,Group Quarters Change,2022
Connecticut,3153,State,09,PEP,2025,Group Quarters Change,2023
Connecticut,3090,State,09,PEP,2025,Group Quarters Change,2024
Connecticut,653,State,09,PEP,2025,Group Quarters Change,2025
Capitol Planning Region,-10473,Planning Region,09110,PEP,2025,Household Domestic Migration ,2020
Connecticut,-21208,State,09,PEP,2025,Household Domestic Migration ,2020
Greater Bridgeport Planning Region,-1163,Planning Region,09120,PEP,2025,Household Domestic Migration ,2020
Lower Connecticut River Valley Planning Region,-662,Planning Region,09130,PEP,2025,Household Domestic Migration ,2020
Naugatuck Valley Planning Region,-674,Planning Region,09140,PEP,2025,Household Domestic Migration ,2020
Northeastern Connecticut Planning Region,-58,Planning Region,09150,PEP,2025,Household Domestic Migration ,2020
Northwest Hills Planning Region,-85,Planning Region,09160,PEP,2025,Household Domestic Migration ,2020
South Central Connecticut Planning Region,-4747,Planning Region,09170,PEP,2025,Household Domestic Migration ,2020
Southeastern Connecticut Planning Region,-1639,Planning Region,09180,PEP,2025,Household Domestic Migration ,2020
Western Connecticut Planning Region,-1707,Planning Region,09190,PEP,2025,Household Domestic Migration ,2020
Capitol Planning Region,-551,Planning Region,09110,PEP,2025,Household Domestic Migration ,2021
Connecticut,7060,State,09,PEP,2025,Household Domestic Migration ,2021
Greater Bridgeport Planning Region,-418,Planning Region,09120,PEP,2025,Household Domestic Migration ,2021
Lower Connecticut River Valley Planning Region,1794,Planning Region,09130,PEP,2025,Household Domestic Migration ,2021
Naugatuck Valley Planning Region,2078,Planning Region,09140,PEP,2025,Household Domestic Migration ,2021
Northeastern Connecticut Planning Region,672,Planning Region,09150,PEP,2025,Household Domestic Migration ,2021
Northwest Hills Planning Region,908,Planning Region,09160,PEP,2025,Household Domestic Migration ,2021
South Central Connecticut Planning Region,124,Planning Region,09170,PEP,2025,Household Domestic Migration ,2021
Southeastern Connecticut Planning Region,488,Planning Region,09180,PEP,2025,Household Domestic Migration ,2021
Western Connecticut Planning Region,1965,Planning Region,09190,PEP,2025,Household Domestic Migration ,2021
Capitol Planning Region,-4441,Planning Region,09110,PEP,2025,Household Domestic Migration ,2022
Connecticut,-14843,State,09,PEP,2025,Household Domestic Migration ,2022
Greater Bridgeport Planning Region,-2992,Planning Region,09120,PEP,2025,Household Domestic Migration ,2022
Lower Connecticut River Valley Planning Region,637,Planning Region,09130,PEP,2025,Household Domestic Migration ,2022
Naugatuck Valley Planning Region,-32,Planning Region,09140,PEP,2025,Household Domestic Migration ,2022
Northeastern Connecticut Planning Region,557,Planning Region,09150,PEP,2025,Household Domestic Migration ,2022
Northwest Hills Planning Region,460,Planning Region,09160,PEP,2025,Household Domestic Migration ,2022
South Central Connecticut Planning Region,-2660,Planning Region,09170,PEP,2025,Household Domestic Migration ,2022
Southeastern Connecticut Planning Region,-138,Planning Region,09180,PEP,2025,Household Domestic Migration ,2022
Western Connecticut Planning Region,-6234,Planning Region,09190,PEP,2025,Household Domestic Migration ,2022
Capitol Planning Region,-1623,Planning Region,09110,PEP,2025,Household Domestic Migration ,2023
Connecticut,-9651,State,09,PEP,2025,Household Domestic Migration ,2023
Greater Bridgeport Planning Region,-2584,Planning Region,09120,PEP,2025,Household Domestic Migration ,2023
Lower Connecticut River Valley Planning Region,132,Planning Region,09130,PEP,2025,Household Domestic Migration ,2023
Naugatuck Valley Planning Region,1000,Planning Region,09140,PEP,2025,Household Domestic Migration ,2023
Northeastern Connecticut Planning Region,548,Planning Region,09150,PEP,2025,Household Domestic Migration ,2023
Northwest Hills Planning Region,243,Planning Region,09160,PEP,2025,Household Domestic Migration ,2023
South Central Connecticut Planning Region,-2708,Planning Region,09170,PEP,2025,Household Domestic Migration ,2023
Southeastern Connecticut Planning Region,49,Planning Region,09180,PEP,2025,Household Domestic Migration ,2023
Western Connecticut Planning Region,-4708,Planning Region,09190,PEP,2025,Household Domestic Migration ,2023
Capitol Planning Region,-2161,Planning Region,09110,PEP,2025,Household Domestic Migration ,2024
Connecticut,-6917,State,09,PEP,2025,Household Domestic Migration ,2024
Greater Bridgeport Planning Region,-1771,Planning Region,09120,PEP,2025,Household Domestic Migration ,2024
Lower Connecticut River Valley Planning Region,318,Planning Region,09130,PEP,2025,Household Domestic Migration ,2024
Naugatuck Valley Planning Region,1089,Planning Region,09140,PEP,2025,Household Domestic Migration ,2024
Northeastern Connecticut Planning Region,755,Planning Region,09150,PEP,2025,Household Domestic Migration ,2024
Northwest Hills Planning Region,455,Planning Region,09160,PEP,2025,Household Domestic Migration ,2024
South Central Connecticut Planning Region,-1842,Planning Region,09170,PEP,2025,Household Domestic Migration ,2024
Southeastern Connecticut Planning Region,761,Planning Region,09180,PEP,2025,Household Domestic Migration ,2024
Western Connecticut Planning Region,-4521,Planning Region,09190,PEP,2025,Household Domestic Migration ,2024
Capitol Planning Region,-375,Planning Region,09110,PEP,2025,Household Domestic Migration ,2025
Connecticut,-6598,State,09,PEP,2025,Household Domestic Migration ,2025
Greater Bridgeport Planning Region,-2057,Planning Region,09120,PEP,2025,Household Domestic Migration ,2025
Lower Connecticut River Valley Planning Region,163,Planning Region,09130,PEP,2025,Household Domestic Migration ,2025
Naugatuck Valley Planning Region,96,Planning Region,09140,PEP,2025,Household Domestic Migration ,2025
Northeastern Connecticut Planning Region,452,Planning Region,09150,PEP,2025,Household Domestic Migration ,2025
Northwest Hills Planning Region,382,Planning Region,09160,PEP,2025,Household Domestic Migration ,2025
South Central Connecticut Planning Region,-1704,Planning Region,09170,PEP,2025,Household Domestic Migration ,2025
Southeastern Connecticut Planning Region,218,Planning Region,09180,PEP,2025,Household Domestic Migration ,2025
Western Connecticut Planning Region,-3773,Planning Region,09190,PEP,2025,Household Domestic Migration ,2025
Capitol Planning Region,-10336,Planning Region,09110,PEP,2025,Net Migration ,2020
Connecticut,-20799,State,09,PEP,2025,Net Migration ,2020
Greater Bridgeport Planning Region,-1126,Planning Region,09120,PEP,2025,Net Migration ,2020
Lower Connecticut River Valley Planning Region,-659,Planning Region,09130,PEP,2025,Net Migration ,2020
Naugatuck Valley Planning Region,-652,Planning Region,09140,PEP,2025,Net Migration ,2020
Northeastern Connecticut Planning Region,-58,Planning Region,09150,PEP,2025,Net Migration ,2020
Northwest Hills Planning Region,-85,Planning Region,09160,PEP,2025,Net Migration ,2020
South Central Connecticut Planning Region,-4677,Planning Region,09170,PEP,2025,Net Migration ,2020
Southeastern Connecticut Planning Region,-1623,Planning Region,09180,PEP,2025,Net Migration ,2020
Western Connecticut Planning Region,-1583,Planning Region,09190,PEP,2025,Net Migration ,2020
Capitol Planning Region,1146,Planning Region,09110,PEP,2025,Net Migration ,2021
Connecticut,13276,State,09,PEP,2025,Net Migration ,2021
Greater Bridgeport Planning Region,484,Planning Region,09120,PEP,2025,Net Migration ,2021
Lower Connecticut River Valley Planning Region,1924,Planning Region,09130,PEP,2025,Net Migration ,2021
Naugatuck Valley Planning Region,2594,Planning Region,09140,PEP,2025,Net Migration ,2021
Northeastern Connecticut Planning Region,699,Planning Region,09150,PEP,2025,Net Migration ,2021
Northwest Hills Planning Region,978,Planning Region,09160,PEP,2025,Net Migration ,2021
South Central Connecticut Planning Region,1125,Planning Region,09170,PEP,2025,Net Migration ,2021
Southeastern Connecticut Planning Region,827,Planning Region,09180,PEP,2025,Net Migration ,2021
Western Connecticut Planning Region,3499,Planning Region,09190,PEP,2025,Net Migration ,2021
Capitol Planning Region,1431,Planning Region,09110,PEP,2025,Net Migration ,2022
Connecticut,8016,State,09,PEP,2025,Net Migration ,2022
Greater Bridgeport Planning Region,777,Planning Region,09120,PEP,2025,Net Migration ,2022
Lower Connecticut River Valley Planning Region,1102,Planning Region,09130,PEP,2025,Net Migration ,2022
Naugatuck Valley Planning Region,2029,Planning Region,09140,PEP,2025,Net Migration ,2022
Northeastern Connecticut Planning Region,670,Planning Region,09150,PEP,2025,Net Migration ,2022
Northwest Hills Planning Region,761,Planning Region,09160,PEP,2025,Net Migration ,2022
South Central Connecticut Planning Region,413,Planning Region,09170,PEP,2025,Net Migration ,2022
Southeastern Connecticut Planning Region,708,Planning Region,09180,PEP,2025,Net Migration ,2022
Western Connecticut Planning Region,125,Planning Region,09190,PEP,2025,Net Migration ,2022
Capitol Planning Region,5629,Planning Region,09110,PEP,2025,Net Migration ,2023
Connecticut,18018,State,09,PEP,2025,Net Migration ,2023
Greater Bridgeport Planning Region,1677,Planning Region,09120,PEP,2025,Net Migration ,2023
Lower Connecticut River Valley Planning Region,710,Planning Region,09130,PEP,2025,Net Migration ,2023
Naugatuck Valley Planning Region,3529,Planning Region,09140,PEP,2025,Net Migration ,2023
Northeastern Connecticut Planning Region,703,Planning Region,09150,PEP,2025,Net Migration ,2023
Northwest Hills Planning Region,520,Planning Region,09160,PEP,2025,Net Migration ,2023
South Central Connecticut Planning Region,1444,Planning Region,09170,PEP,2025,Net Migration ,2023
Southeastern Connecticut Planning Region,1275,Planning Region,09180,PEP,2025,Net Migration ,2023
Western Connecticut Planning Region,2531,Planning Region,09190,PEP,2025,Net Migration ,2023
Capitol Planning Region,5956,Planning Region,09110,PEP,2025,Net Migration ,2024
Connecticut,28539,State,09,PEP,2025,Net Migration ,2024
Greater Bridgeport Planning Region,3293,Planning Region,09120,PEP,2025,Net Migration ,2024
Lower Connecticut River Valley Planning Region,1095,Planning Region,09130,PEP,2025,Net Migration ,2024
Naugatuck Valley Planning Region,4325,Planning Region,09140,PEP,2025,Net Migration ,2024
Northeastern Connecticut Planning Region,909,Planning Region,09150,PEP,2025,Net Migration ,2024
Northwest Hills Planning Region,1065,Planning Region,09160,PEP,2025,Net Migration ,2024
South Central Connecticut Planning Region,4417,Planning Region,09170,PEP,2025,Net Migration ,2024
Southeastern Connecticut Planning Region,2182,Planning Region,09180,PEP,2025,Net Migration ,2024
Western Connecticut Planning Region,5297,Planning Region,09190,PEP,2025,Net Migration ,2024
Capitol Planning Region,4366,Planning Region,09110,PEP,2025,Net Migration ,2025
Connecticut,10936,State,09,PEP,2025,Net Migration ,2025
Greater Bridgeport Planning Region,304,Planning Region,09120,PEP,2025,Net Migration ,2025
Lower Connecticut River Valley Planning Region,542,Planning Region,09130,PEP,2025,Net Migration ,2025
Naugatuck Valley Planning Region,1628,Planning Region,09140,PEP,2025,Net Migration ,2025
Northeastern Connecticut Planning Region,553,Planning Region,09150,PEP,2025,Net Migration ,2025
Northwest Hills Planning Region,671,Planning Region,09160,PEP,2025,Net Migration ,2025
South Central Connecticut Planning Region,1032,Planning Region,09170,PEP,2025,Net Migration ,2025
Southeastern Connecticut Planning Region,860,Planning Region,09180,PEP,2025,Net Migration ,2025
Western Connecticut Planning Region,980,Planning Region,09190,PEP,2025,Net Migration ,2025
Andover,3151,Town,0911001080,2020 Census PL File,NA,Population,Apr 1 2020 Estimate
Andover,1324,Town,0911001080,2020 Census PL File,NA,HousingUnits,Apr 1 2020 Estimate
Ansonia,18918,Town,0914001220,2020 Census PL File,NA,Population,Apr 1 2020 Estimate
Ansonia,8104,Town,0914001220,2020 Census PL File,NA,HousingUnits,Apr 1 2020 Estimate
Ashford,4191,Town,0915001430,2020 Census PL File,NA,Population,Apr 1 2020 Estimate
Ashford,1923,Town,0915001430,2020 Census PL File,NA,HousingUnits,Apr 1 2020 Estimate
Avon,7713,Town,0911002060,2020 Census PL File,NA,HousingUnits,Apr 1 2020 Estimate
Avon,18932,Town,0911002060,2020 Census PL File,NA,Population,Apr 1 2020 Estimate
Barkhamsted,1566,Town,0916002760,2020 Census PL File,NA,HousingUnits,Apr 1 2020 Estimate
Barkhamsted,3647,Town,0916002760,2020 Census PL File,NA,Population,Apr 1 2020 Estimate
Beacon Falls,2618,Town,0914003250,2020 Census PL File,NA,HousingUnits,Apr 1 2020 Estimate
Beacon Falls,6000,Town,0914003250,2020 Census PL File,NA,Population,Apr 1 2020 Estimate
Berlin,20175,Town,0911004300,2020 Census PL File,NA,Population,Apr 1 2020 Estimate
Berlin,8571,Town,0911004300,2020 Census PL File,NA,HousingUnits,Apr 1 2020 Estimate
Bethany,5297,Town,0917004580,2020 Census PL File,NA,Population,Apr 1 2020 Estimate
Bethany,2039,Town,0917004580,2020 Census PL File,NA,HousingUnits,Apr 1 2020 Estimate
Bethel,20358,Town,0919004720,2020 Census PL File,NA,Population,Apr 1 2020 Estimate
Bethel,7980,Town,0919004720,2020 Census PL File,NA,HousingUnits,Apr 1 2020 Estimate
Bethlehem,3385,Town,0914004930,2020 Census PL File,NA,Population,Apr 1 2020 Estimate
Bethlehem,1605,Town,0914004930,2020 Census PL File,NA,HousingUnits,Apr 1 2020 Estimate
Bloomfield,9717,Town,0911005910,2020 Census PL File,NA,HousingUnits,Apr 1 2020 Estimate
Bloomfield,21535,Town,0911005910,2020 Census PL File,NA,Population,Apr 1 2020 Estimate
Bolton,2045,Town,0911006260,2020 Census PL File,NA,HousingUnits,Apr 1 2020 Estimate
Bolton,4858,Town,0911006260,2020 Census PL File,NA,Population,Apr 1 2020 Estimate
Bozrah,1131,Town,0918006820,2020 Census PL File,NA,HousingUnits,Apr 1 2020 Estimate
Bozrah,2429,Town,0918006820,2020 Census PL File,NA,Population,Apr 1 2020 Estimate
Branford,28273,Town,0917007310,2020 Census PL File,NA,Population,Apr 1 2020 Estimate
Branford,14180,Town,0917007310,2020 Census PL File,NA,HousingUnits,Apr 1 2020 Estimate
Bridgeport,58874,Town,0912008070,2020 Census PL File,NA,HousingUnits,Apr 1 2020 Estimate
Bridgeport,148654,Town,0912008070,2020 Census PL File,NA,Population,Apr 1 2020 Estimate
Bridgewater,1662,Town,0919008210,2020 Census PL File,NA,Population,Apr 1 2020 Estimate
Bridgewater,863,Town,0919008210,2020 Census PL File,NA,HousingUnits,Apr 1 2020 Estimate
Bristol,27251,Town,0914008490,2020 Census PL File,NA,HousingUnits,Apr 1 2020 Estimate
Bristol,60833,Town,0914008490,2020 Census PL File,NA,Population,Apr 1 2020 Estimate
Brookfield,17528,Town,0919008980,2020 Census PL File,NA,Population,Apr 1 2020 Estimate
Brookfield,7116,Town,0919008980,2020 Census PL File,NA,HousingUnits,Apr 1 2020 Estimate
Brooklyn,3342,Town,0915009190,2020 Census PL File,NA,HousingUnits,Apr 1 2020 Estimate
Brooklyn,8450,Town,0915009190,2020 Census PL File,NA,Population,Apr 1 2020 Estimate
Burlington,3628,Town,0916010100,2020 Census PL File,NA,HousingUnits,Apr 1 2020 Estimate
Burlington,9519,Town,0916010100,2020 Census PL File,NA,Population,Apr 1 2020 Estimate
Canaan,639,Town,0916010940,2020 Census PL File,NA,HousingUnits,Apr 1 2020 Estimate
Canaan,1080,Town,0916010940,2020 Census PL File,NA,Population,Apr 1 2020 Estimate
Canterbury,2044,Town,0915012130,2020 Census PL File,NA,HousingUnits,Apr 1 2020 Estimate
Canterbury,5045,Town,0915012130,2020 Census PL File,NA,Population,Apr 1 2020 Estimate
Canton,4383,Town,0911012270,2020 Census PL File,NA,HousingUnits,Apr 1 2020 Estimate
Canton,10124,Town,0911012270,2020 Census PL File,NA,Population,Apr 1 2020 Estimate
Capitol Planning Region,414084,Planning Region,09110,2020 Census PL File,NA,HousingUnits,Apr 1 2020 Estimate
Capitol Planning Region,976248,Planning Region,09110,2020 Census PL File,NA,Population,Apr 1 2020 Estimate
Chaplin,2151,Town,0915013810,2020 Census PL File,NA,Population,Apr 1 2020 Estimate
Chaplin,955,Town,0915013810,2020 Census PL File,NA,HousingUnits,Apr 1 2020 Estimate
Cheshire,28733,Town,0914014160,2020 Census PL File,NA,Population,Apr 1 2020 Estimate
Cheshire,10401,Town,0914014160,2020 Census PL File,NA,HousingUnits,Apr 1 2020 Estimate
Chester,3749,Town,0913014300,2020 Census PL File,NA,Population,Apr 1 2020 Estimate
Chester,1793,Town,0913014300,2020 Census PL File,NA,HousingUnits,Apr 1 2020 Estimate
Clinton,13185,Town,0913015350,2020 Census PL File,NA,Population,Apr 1 2020 Estimate
Clinton,6283,Town,0913015350,2020 Census PL File,NA,HousingUnits,Apr 1 2020 Estimate
Colchester,15555,Town,0918015910,2020 Census PL File,NA,Population,Apr 1 2020 Estimate
Colchester,6441,Town,0918015910,2020 Census PL File,NA,HousingUnits,Apr 1 2020 Estimate
Colebrook,694,Town,0916016050,2020 Census PL File,NA,HousingUnits,Apr 1 2020 Estimate
Colebrook,1361,Town,0916016050,2020 Census PL File,NA,Population,Apr 1 2020 Estimate
Columbia,5272,Town,0911016400,2020 Census PL File,NA,Population,Apr 1 2020 Estimate
Columbia,2294,Town,0911016400,2020 Census PL File,NA,HousingUnits,Apr 1 2020 Estimate
Connecticut,1530197,State,09,2020 Census PL File,NA,HousingUnits,Apr 1 2020 Estimate
Connecticut,3605944,State,09,2020 Census PL File,NA,Population,Apr 1 2020 Estimate
Cornwall,1002,Town,0916017240,2020 Census PL File,NA,HousingUnits,Apr 1 2020 Estimate
Cornwall,1567,Town,0916017240,2020 Census PL File,NA,Population,Apr 1 2020 Estimate
Coventry,12235,Town,0911017800,2020 Census PL File,NA,Population,Apr 1 2020 Estimate
Coventry,5273,Town,0911017800,2020 Census PL File,NA,HousingUnits,Apr 1 2020 Estimate
Cromwell,14225,Town,0913018080,2020 Census PL File,NA,Population,Apr 1 2020 Estimate
Cromwell,6162,Town,0913018080,2020 Census PL File,NA,HousingUnits,Apr 1 2020 Estimate
Danbury,33562,Town,0919018500,2020 Census PL File,NA,HousingUnits,Apr 1 2020 Estimate
Danbury,86518,Town,0919018500,2020 Census PL File,NA,Population,Apr 1 2020 Estimate
Darien,7265,Town,0919018850,2020 Census PL File,NA,HousingUnits,Apr 1 2020 Estimate
Darien,21499,Town,0919018850,2020 Census PL File,NA,Population,Apr 1 2020 Estimate
Deep River,2112,Town,0913019130,2020 Census PL File,NA,HousingUnits,Apr 1 2020 Estimate
Deep River,4415,Town,0913019130,2020 Census PL File,NA,Population,Apr 1 2020 Estimate
Derby,5759,Town,0914019550,2020 Census PL File,NA,HousingUnits,Apr 1 2020 Estimate
Derby,12325,Town,0914019550,2020 Census PL File,NA,Population,Apr 1 2020 Estimate
Durham,7152,Town,0913020810,2020 Census PL File,NA,Population,Apr 1 2020 Estimate
Durham,2828,Town,0913020810,2020 Census PL File,NA,HousingUnits,Apr 1 2020 Estimate
East Granby,5214,Town,0911022070,2020 Census PL File,NA,Population,Apr 1 2020 Estimate
East Granby,2183,Town,0911022070,2020 Census PL File,NA,HousingUnits,Apr 1 2020 Estimate
East Haddam,4477,Town,0913022280,2020 Census PL File,NA,HousingUnits,Apr 1 2020 Estimate
East Haddam,8875,Town,0913022280,2020 Census PL File,NA,Population,Apr 1 2020 Estimate
East Hampton,12717,Town,0913022490,2020 Census PL File,NA,Population,Apr 1 2020 Estimate
East Hampton,5637,Town,0913022490,2020 Census PL File,NA,HousingUnits,Apr 1 2020 Estimate
East Hartford,21361,Town,0911022630,2020 Census PL File,NA,HousingUnits,Apr 1 2020 Estimate
East Hartford,51045,Town,0911022630,2020 Census PL File,NA,Population,Apr 1 2020 Estimate
East Haven,27923,Town,0917022910,2020 Census PL File,NA,Population,Apr 1 2020 Estimate
East Haven,12394,Town,0917022910,2020 Census PL File,NA,HousingUnits,Apr 1 2020 Estimate
East Lyme,18693,Town,0918023400,2020 Census PL File,NA,Population,Apr 1 2020 Estimate
East Lyme,9080,Town,0918023400,2020 Census PL File,NA,HousingUnits,Apr 1 2020 Estimate
East Windsor,11190,Town,0911024800,2020 Census PL File,NA,Population,Apr 1 2020 Estimate
East Windsor,5348,Town,0911024800,2020 Census PL File,NA,HousingUnits,Apr 1 2020 Estimate
Eastford,806,Town,0915021860,2020 Census PL File,NA,HousingUnits,Apr 1 2020 Estimate
Eastford,1649,Town,0915021860,2020 Census PL File,NA,Population,Apr 1 2020 Estimate
Easton,7605,Town,0912023890,2020 Census PL File,NA,Population,Apr 1 2020 Estimate
Easton,2756,Town,0912023890,2020 Census PL File,NA,HousingUnits,Apr 1 2020 Estimate
Ellington,16426,Town,0911025360,2020 Census PL File,NA,Population,Apr 1 2020 Estimate
Ellington,7054,Town,0911025360,2020 Census PL File,NA,HousingUnits,Apr 1 2020 Estimate
Enfield,17741,Town,0911025990,2020 Census PL File,NA,HousingUnits,Apr 1 2020 Estimate
Enfield,42141,Town,0911025990,2020 Census PL File,NA,Population,Apr 1 2020 Estimate
Essex,6733,Town,0913026270,2020 Census PL File,NA,Population,Apr 1 2020 Estimate
Essex,3329,Town,0913026270,2020 Census PL File,NA,HousingUnits,Apr 1 2020 Estimate
Fairfield,61512,Town,0912026620,2020 Census PL File,NA,Population,Apr 1 2020 Estimate
Fairfield,21982,Town,0912026620,2020 Census PL File,NA,HousingUnits,Apr 1 2020 Estimate
Farmington,26712,Town,0911027600,2020 Census PL File,NA,Population,Apr 1 2020 Estimate
Farmington,11667,Town,0911027600,2020 Census PL File,NA,HousingUnits,Apr 1 2020 Estimate
Franklin,1863,Town,0918029910,2020 Census PL File,NA,Population,Apr 1 2020 Estimate
Franklin,790,Town,0918029910,2020 Census PL File,NA,HousingUnits,Apr 1 2020 Estimate
Glastonbury,14481,Town,0911031240,2020 Census PL File,NA,HousingUnits,Apr 1 2020 Estimate
Glastonbury,35159,Town,0911031240,2020 Census PL File,NA,Population,Apr 1 2020 Estimate
Goshen,1708,Town,0916032290,2020 Census PL File,NA,HousingUnits,Apr 1 2020 Estimate
Goshen,3150,Town,0916032290,2020 Census PL File,NA,Population,Apr 1 2020 Estimate
Granby,4448,Town,0911032640,2020 Census PL File,NA,HousingUnits,Apr 1 2020 Estimate
Granby,10903,Town,0911032640,2020 Census PL File,NA,Population,Apr 1 2020 Estimate
Greater Bridgeport Planning Region,325778,Planning Region,09120,2020 Census PL File,NA,Population,Apr 1 2020 Estimate
Greater Bridgeport Planning Region,125332,Planning Region,09120,2020 Census PL File,NA,HousingUnits,Apr 1 2020 Estimate
Greenwich,63518,Town,0919033620,2020 Census PL File,NA,Population,Apr 1 2020 Estimate
Greenwich,25677,Town,0919033620,2020 Census PL File,NA,HousingUnits,Apr 1 2020 Estimate
Griswold,5027,Town,0918033900,2020 Census PL File,NA,HousingUnits,Apr 1 2020 Estimate
Griswold,11402,Town,0918033900,2020 Census PL File,NA,Population,Apr 1 2020 Estimate
Groton,18154,Town,0918034250,2020 Census PL File,NA,HousingUnits,Apr 1 2020 Estimate
Groton,38411,Town,0918034250,2020 Census PL File,NA,Population,Apr 1 2020 Estimate
Guilford,9693,Town,0917034950,2020 Census PL File,NA,HousingUnits,Apr 1 2020 Estimate
Guilford,22073,Town,0917034950,2020 Census PL File,NA,Population,Apr 1 2020 Estimate
Haddam,3540,Town,0913035230,2020 Census PL File,NA,HousingUnits,Apr 1 2020 Estimate
Haddam,8452,Town,0913035230,2020 Census PL File,NA,Population,Apr 1 2020 Estimate
Hamden,61169,Town,0917035650,2020 Census PL File,NA,Population,Apr 1 2020 Estimate
Hamden,25984,Town,0917035650,2020 Census PL File,NA,HousingUnits,Apr 1 2020 Estimate
Hampton,1728,Town,0915036000,2020 Census PL File,NA,Population,Apr 1 2020 Estimate
Hampton,790,Town,0915036000,2020 Census PL File,NA,HousingUnits,Apr 1 2020 Estimate
Hartford,121054,Town,0911037070,2020 Census PL File,NA,Population,Apr 1 2020 Estimate
Hartford,53259,Town,0911037070,2020 Census PL File,NA,HousingUnits,Apr 1 2020 Estimate
Hartland,1901,Town,0916037140,2020 Census PL File,NA,Population,Apr 1 2020 Estimate
Hartland,843,Town,0916037140,2020 Census PL File,NA,HousingUnits,Apr 1 2020 Estimate
Harwinton,2313,Town,0916037280,2020 Census PL File,NA,HousingUnits,Apr 1 2020 Estimate
Harwinton,5484,Town,0916037280,2020 Census PL File,NA,Population,Apr 1 2020 Estimate
Hebron,9098,Town,0911037910,2020 Census PL File,NA,Population,Apr 1 2020 Estimate
Hebron,3618,Town,0911037910,2020 Census PL File,NA,HousingUnits,Apr 1 2020 Estimate
Kent,1687,Town,0916040290,2020 Census PL File,NA,HousingUnits,Apr 1 2020 Estimate
Kent,3019,Town,0916040290,2020 Census PL File,NA,Population,Apr 1 2020 Estimate
Killingly,7884,Town,0915040500,2020 Census PL File,NA,HousingUnits,Apr 1 2020 Estimate
Killingly,17752,Town,0915040500,2020 Census PL File,NA,Population,Apr 1 2020 Estimate
Killingworth,6174,Town,0913040710,2020 Census PL File,NA,Population,Apr 1 2020 Estimate
Killingworth,2601,Town,0913040710,2020 Census PL File,NA,HousingUnits,Apr 1 2020 Estimate
Lebanon,7142,Town,0918042390,2020 Census PL File,NA,Population,Apr 1 2020 Estimate
Lebanon,3147,Town,0918042390,2020 Census PL File,NA,HousingUnits,Apr 1 2020 Estimate
Ledyard,15413,Town,0918042600,2020 Census PL File,NA,Population,Apr 1 2020 Estimate
Ledyard,6150,Town,0918042600,2020 Census PL File,NA,HousingUnits,Apr 1 2020 Estimate
Lisbon,4195,Town,0918043230,2020 Census PL File,NA,Population,Apr 1 2020 Estimate
Lisbon,1728,Town,0918043230,2020 Census PL File,NA,HousingUnits,Apr 1 2020 Estimate
Litchfield,3966,Town,0916043370,2020 Census PL File,NA,HousingUnits,Apr 1 2020 Estimate
Litchfield,8192,Town,0916043370,2020 Census PL File,NA,Population,Apr 1 2020 Estimate
Lower Connecticut River Valley Planning Region,82497,Planning Region,09130,2020 Census PL File,NA,HousingUnits,Apr 1 2020 Estimate
Lower Connecticut River Valley Planning Region,174225,Planning Region,09130,2020 Census PL File,NA,Population,Apr 1 2020 Estimate
Lyme,2352,Town,0913044210,2020 Census PL File,NA,Population,Apr 1 2020 Estimate
Lyme,1220,Town,0913044210,2020 Census PL File,NA,HousingUnits,Apr 1 2020 Estimate
Madison,17691,Town,0917044560,2020 Census PL File,NA,Population,Apr 1 2020 Estimate
Madison,8060,Town,0917044560,2020 Census PL File,NA,HousingUnits,Apr 1 2020 Estimate
Manchester,26445,Town,0911044700,2020 Census PL File,NA,HousingUnits,Apr 1 2020 Estimate
Manchester,59713,Town,0911044700,2020 Census PL File,NA,Population,Apr 1 2020 Estimate
Mansfield,25892,Town,0911044910,2020 Census PL File,NA,Population,Apr 1 2020 Estimate
Mansfield,6956,Town,0911044910,2020 Census PL File,NA,HousingUnits,Apr 1 2020 Estimate
Marlborough,2388,Town,0911045820,2020 Census PL File,NA,HousingUnits,Apr 1 2020 Estimate
Marlborough,6133,Town,0911045820,2020 Census PL File,NA,Population,Apr 1 2020 Estimate
Meriden,60850,Town,0917046520,2020 Census PL File,NA,Population,Apr 1 2020 Estimate
Meriden,26177,Town,0917046520,2020 Census PL File,NA,HousingUnits,Apr 1 2020 Estimate
Middlebury,7574,Town,0914046940,2020 Census PL File,NA,Population,Apr 1 2020 Estimate
Middlebury,3047,Town,0914046940,2020 Census PL File,NA,HousingUnits,Apr 1 2020 Estimate
Middlefield,1882,Town,0913047080,2020 Census PL File,NA,HousingUnits,Apr 1 2020 Estimate
Middlefield,4217,Town,0913047080,2020 Census PL File,NA,Population,Apr 1 2020 Estimate
Middletown,21671,Town,0913047360,2020 Census PL File,NA,HousingUnits,Apr 1 2020 Estimate
Middletown,47717,Town,0913047360,2020 Census PL File,NA,Population,Apr 1 2020 Estimate
Milford,23749,Town,0917047535,2020 Census PL File,NA,HousingUnits,Apr 1 2020 Estimate
Milford,52044,Town,0917047535,2020 Census PL File,NA,Population,Apr 1 2020 Estimate
Monroe,6918,Town,0912048620,2020 Census PL File,NA,HousingUnits,Apr 1 2020 Estimate
Monroe,18825,Town,0912048620,2020 Census PL File,NA,Population,Apr 1 2020 Estimate
Montville,18387,Town,0918048900,2020 Census PL File,NA,Population,Apr 1 2020 Estimate
Montville,7402,Town,0918048900,2020 Census PL File,NA,HousingUnits,Apr 1 2020 Estimate
Morris,2256,Town,0916049460,2020 Census PL File,NA,Population,Apr 1 2020 Estimate
Morris,1253,Town,0916049460,2020 Census PL File,NA,HousingUnits,Apr 1 2020 Estimate
Naugatuck,13239,Town,0914049950,2020 Census PL File,NA,HousingUnits,Apr 1 2020 Estimate
Naugatuck,31519,Town,0914049950,2020 Census PL File,NA,Population,Apr 1 2020 Estimate
Naugatuck Valley Planning Region,450376,Planning Region,09140,2020 Census PL File,NA,Population,Apr 1 2020 Estimate
Naugatuck Valley Planning Region,191376,Planning Region,09140,2020 Census PL File,NA,HousingUnits,Apr 1 2020 Estimate
New Britain,31510,Town,0911050440,2020 Census PL File,NA,HousingUnits,Apr 1 2020 Estimate
New Britain,74135,Town,0911050440,2020 Census PL File,NA,Population,Apr 1 2020 Estimate
New Canaan,20622,Town,0919050580,2020 Census PL File,NA,Population,Apr 1 2020 Estimate
New Canaan,7502,Town,0919050580,2020 Census PL File,NA,HousingUnits,Apr 1 2020 Estimate
New Fairfield,5635,Town,0919050860,2020 Census PL File,NA,HousingUnits,Apr 1 2020 Estimate
New Fairfield,13579,Town,0919050860,2020 Census PL File,NA,Population,Apr 1 2020 Estimate
New Hartford,2968,Town,0916051350,2020 Census PL File,NA,HousingUnits,Apr 1 2020 Estimate
New Hartford,6658,Town,0916051350,2020 Census PL File,NA,Population,Apr 1 2020 Estimate
New Haven,57525,Town,0917052070,2020 Census PL File,NA,HousingUnits,Apr 1 2020 Estimate
New Haven,134023,Town,0917052070,2020 Census PL File,NA,Population,Apr 1 2020 Estimate
New London,12119,Town,0918052350,2020 Census PL File,NA,HousingUnits,Apr 1 2020 Estimate
New London,27367,Town,0918052350,2020 Census PL File,NA,Population,Apr 1 2020 Estimate
New Milford,11928,Town,0919052630,2020 Census PL File,NA,HousingUnits,Apr 1 2020 Estimate
New Milford,28115,Town,0919052630,2020 Census PL File,NA,Population,Apr 1 2020 Estimate
Newington,30536,Town,0911052140,2020 Census PL File,NA,Population,Apr 1 2020 Estimate
Newington,13219,Town,0911052140,2020 Census PL File,NA,HousingUnits,Apr 1 2020 Estimate
Newtown,27173,Town,0919052980,2020 Census PL File,NA,Population,Apr 1 2020 Estimate
Newtown,10322,Town,0919052980,2020 Census PL File,NA,HousingUnits,Apr 1 2020 Estimate
Norfolk,932,Town,0916053470,2020 Census PL File,NA,HousingUnits,Apr 1 2020 Estimate
Norfolk,1588,Town,0916053470,2020 Census PL File,NA,Population,Apr 1 2020 Estimate
North Branford,5633,Town,0917053890,2020 Census PL File,NA,HousingUnits,Apr 1 2020 Estimate
North Branford,13544,Town,0917053890,2020 Census PL File,NA,Population,Apr 1 2020 Estimate
North Canaan,1582,Town,0916054030,2020 Census PL File,NA,HousingUnits,Apr 1 2020 Estimate
North Canaan,3211,Town,0916054030,2020 Census PL File,NA,Population,Apr 1 2020 Estimate
North Haven,24253,Town,0917054870,2020 Census PL File,NA,Population,Apr 1 2020 Estimate
North Haven,9981,Town,0917054870,2020 Census PL File,NA,HousingUnits,Apr 1 2020 Estimate
North Stonington,5149,Town,0918055500,2020 Census PL File,NA,Population,Apr 1 2020 Estimate
North Stonington,2226,Town,0918055500,2020 Census PL File,NA,HousingUnits,Apr 1 2020 Estimate
Northeastern Connecticut Planning Region,95348,Planning Region,09150,2020 Census PL File,NA,Population,Apr 1 2020 Estimate
Northeastern Connecticut Planning Region,41439,Planning Region,09150,2020 Census PL File,NA,HousingUnits,Apr 1 2020 Estimate
Northwest Hills Planning Region,112503,Planning Region,09160,2020 Census PL File,NA,Population,Apr 1 2020 Estimate
Northwest Hills Planning Region,55478,Planning Region,09160,2020 Census PL File,NA,HousingUnits,Apr 1 2020 Estimate
Norwalk,38152,Town,0919056060,2020 Census PL File,NA,HousingUnits,Apr 1 2020 Estimate
Norwalk,91184,Town,0919056060,2020 Census PL File,NA,Population,Apr 1 2020 Estimate
Norwich,40125,Town,0918056270,2020 Census PL File,NA,Population,Apr 1 2020 Estimate
Norwich,18769,Town,0918056270,2020 Census PL File,NA,HousingUnits,Apr 1 2020 Estimate
Old Lyme,7628,Town,0913057040,2020 Census PL File,NA,Population,Apr 1 2020 Estimate
Old Lyme,4988,Town,0913057040,2020 Census PL File,NA,HousingUnits,Apr 1 2020 Estimate
Old Saybrook,5870,Town,0913057320,2020 Census PL File,NA,HousingUnits,Apr 1 2020 Estimate
Old Saybrook,10481,Town,0913057320,2020 Census PL File,NA,Population,Apr 1 2020 Estimate
Orange,5480,Town,0917057600,2020 Census PL File,NA,HousingUnits,Apr 1 2020 Estimate
Orange,14280,Town,0917057600,2020 Census PL File,NA,Population,Apr 1 2020 Estimate
Oxford,12706,Town,0914058300,2020 Census PL File,NA,Population,Apr 1 2020 Estimate
Oxford,5022,Town,0914058300,2020 Census PL File,NA,HousingUnits,Apr 1 2020 Estimate
Plainfield,6264,Town,0915059980,2020 Census PL File,NA,HousingUnits,Apr 1 2020 Estimate
Plainfield,14973,Town,0915059980,2020 Census PL File,NA,Population,Apr 1 2020 Estimate
Plainville,8045,Town,0911060120,2020 Census PL File,NA,HousingUnits,Apr 1 2020 Estimate
Plainville,17525,Town,0911060120,2020 Census PL File,NA,Population,Apr 1 2020 Estimate
Plymouth,11671,Town,0914060750,2020 Census PL File,NA,Population,Apr 1 2020 Estimate
Plymouth,5151,Town,0914060750,2020 Census PL File,NA,HousingUnits,Apr 1 2020 Estimate
Pomfret,1686,Town,0915061030,2020 Census PL File,NA,HousingUnits,Apr 1 2020 Estimate
Pomfret,4266,Town,0915061030,2020 Census PL File,NA,Population,Apr 1 2020 Estimate
Portland,9384,Town,0913061800,2020 Census PL File,NA,Population,Apr 1 2020 Estimate
Portland,4128,Town,0913061800,2020 Census PL File,NA,HousingUnits,Apr 1 2020 Estimate
Preston,4788,Town,0918062150,2020 Census PL File,NA,Population,Apr 1 2020 Estimate
Preston,2049,Town,0918062150,2020 Census PL File,NA,HousingUnits,Apr 1 2020 Estimate
Prospect,3762,Town,0914062290,2020 Census PL File,NA,HousingUnits,Apr 1 2020 Estimate
Prospect,9401,Town,0914062290,2020 Census PL File,NA,Population,Apr 1 2020 Estimate
Putnam,9224,Town,0915062710,2020 Census PL File,NA,Population,Apr 1 2020 Estimate
Putnam,4292,Town,0915062710,2020 Census PL File,NA,HousingUnits,Apr 1 2020 Estimate
Redding,3664,Town,0919063480,2020 Census PL File,NA,HousingUnits,Apr 1 2020 Estimate
Redding,8765,Town,0919063480,2020 Census PL File,NA,Population,Apr 1 2020 Estimate
Ridgefield,25033,Town,0919063970,2020 Census PL File,NA,Population,Apr 1 2020 Estimate
Ridgefield,9506,Town,0919063970,2020 Census PL File,NA,HousingUnits,Apr 1 2020 Estimate
Rocky Hill,9319,Town,0911065370,2020 Census PL File,NA,HousingUnits,Apr 1 2020 Estimate
Rocky Hill,20845,Town,0911065370,2020 Census PL File,NA,Population,Apr 1 2020 Estimate
Roxbury,2260,Town,0916065930,2020 Census PL File,NA,Population,Apr 1 2020 Estimate
Roxbury,1163,Town,0916065930,2020 Census PL File,NA,HousingUnits,Apr 1 2020 Estimate
Salem,4213,Town,0918066210,2020 Census PL File,NA,Population,Apr 1 2020 Estimate
Salem,1719,Town,0918066210,2020 Census PL File,NA,HousingUnits,Apr 1 2020 Estimate
Salisbury,4194,Town,0916066420,2020 Census PL File,NA,Population,Apr 1 2020 Estimate
Salisbury,2519,Town,0916066420,2020 Census PL File,NA,HousingUnits,Apr 1 2020 Estimate
Scotland,650,Town,0915067400,2020 Census PL File,NA,HousingUnits,Apr 1 2020 Estimate
Scotland,1576,Town,0915067400,2020 Census PL File,NA,Population,Apr 1 2020 Estimate
Seymour,16748,Town,0914067610,2020 Census PL File,NA,Population,Apr 1 2020 Estimate
Seymour,7112,Town,0914067610,2020 Census PL File,NA,HousingUnits,Apr 1 2020 Estimate
Sharon,1724,Town,0916067960,2020 Census PL File,NA,HousingUnits,Apr 1 2020 Estimate
Sharon,2680,Town,0916067960,2020 Census PL File,NA,Population,Apr 1 2020 Estimate
Shelton,40869,Town,0914068170,2020 Census PL File,NA,Population,Apr 1 2020 Estimate
Shelton,17174,Town,0914068170,2020 Census PL File,NA,HousingUnits,Apr 1 2020 Estimate
Sherman,1834,Town,0919068310,2020 Census PL File,NA,HousingUnits,Apr 1 2020 Estimate
Sherman,3527,Town,0919068310,2020 Census PL File,NA,Population,Apr 1 2020 Estimate
Simsbury,24517,Town,0911068940,2020 Census PL File,NA,Population,Apr 1 2020 Estimate
Simsbury,10057,Town,0911068940,2020 Census PL File,NA,HousingUnits,Apr 1 2020 Estimate
Somers,10255,Town,0911069220,2020 Census PL File,NA,Population,Apr 1 2020 Estimate
Somers,3622,Town,0911069220,2020 Census PL File,NA,HousingUnits,Apr 1 2020 Estimate
South Central Connecticut Planning Region,246044,Planning Region,09170,2020 Census PL File,NA,HousingUnits,Apr 1 2020 Estimate
South Central Connecticut Planning Region,570487,Planning Region,09170,2020 Census PL File,NA,Population,Apr 1 2020 Estimate
South Windsor,10804,Town,0911071390,2020 Census PL File,NA,HousingUnits,Apr 1 2020 Estimate
South Windsor,26918,Town,0911071390,2020 Census PL File,NA,Population,Apr 1 2020 Estimate
Southbury,9270,Town,0914069640,2020 Census PL File,NA,HousingUnits,Apr 1 2020 Estimate
Southbury,19879,Town,0914069640,2020 Census PL File,NA,Population,Apr 1 2020 Estimate
Southeastern Connecticut Planning Region,280430,Planning Region,09180,2020 Census PL File,NA,Population,Apr 1 2020 Estimate
Southeastern Connecticut Planning Region,125183,Planning Region,09180,2020 Census PL File,NA,HousingUnits,Apr 1 2020 Estimate
Southington,18145,Town,0911070550,2020 Census PL File,NA,HousingUnits,Apr 1 2020 Estimate
Southington,43501,Town,0911070550,2020 Census PL File,NA,Population,Apr 1 2020 Estimate
Sprague,2967,Town,0918071670,2020 Census PL File,NA,Population,Apr 1 2020 Estimate
Sprague,1268,Town,0918071670,2020 Census PL File,NA,HousingUnits,Apr 1 2020 Estimate
Stafford,11472,Town,0911072090,2020 Census PL File,NA,Population,Apr 1 2020 Estimate
Stafford,5237,Town,0911072090,2020 Census PL File,NA,HousingUnits,Apr 1 2020 Estimate
Stamford,135470,Town,0919073070,2020 Census PL File,NA,Population,Apr 1 2020 Estimate
Stamford,56953,Town,0919073070,2020 Census PL File,NA,HousingUnits,Apr 1 2020 Estimate
Sterling,1479,Town,0915073420,2020 Census PL File,NA,HousingUnits,Apr 1 2020 Estimate
Sterling,3578,Town,0915073420,2020 Census PL File,NA,Population,Apr 1 2020 Estimate
Stonington,18335,Town,0918073770,2020 Census PL File,NA,Population,Apr 1 2020 Estimate
Stonington,9447,Town,0918073770,2020 Census PL File,NA,HousingUnits,Apr 1 2020 Estimate
Stratford,52355,Town,0912074190,2020 Census PL File,NA,Population,Apr 1 2020 Estimate
Stratford,21643,Town,0912074190,2020 Census PL File,NA,HousingUnits,Apr 1 2020 Estimate
Suffield,5879,Town,0911074540,2020 Census PL File,NA,HousingUnits,Apr 1 2020 Estimate
Suffield,15752,Town,0911074540,2020 Census PL File,NA,Population,Apr 1 2020 Estimate
Thomaston,7442,Town,0914075730,2020 Census PL File,NA,Population,Apr 1 2020 Estimate
Thomaston,3340,Town,0914075730,2020 Census PL File,NA,HousingUnits,Apr 1 2020 Estimate
Thompson,4143,Town,0915075870,2020 Census PL File,NA,HousingUnits,Apr 1 2020 Estimate
Thompson,9189,Town,0915075870,2020 Census PL File,NA,Population,Apr 1 2020 Estimate
Tolland,14563,Town,0911076290,2020 Census PL File,NA,Population,Apr 1 2020 Estimate
Tolland,5630,Town,0911076290,2020 Census PL File,NA,HousingUnits,Apr 1 2020 Estimate
Torrington,17040,Town,0916076570,2020 Census PL File,NA,HousingUnits,Apr 1 2020 Estimate
Torrington,35515,Town,0916076570,2020 Census PL File,NA,Population,Apr 1 2020 Estimate
Trumbull,13159,Town,0912077200,2020 Census PL File,NA,HousingUnits,Apr 1 2020 Estimate
Trumbull,36827,Town,0912077200,2020 Census PL File,NA,Population,Apr 1 2020 Estimate
Union,785,Town,0915077830,2020 Census PL File,NA,Population,Apr 1 2020 Estimate
Union,377,Town,0915077830,2020 Census PL File,NA,HousingUnits,Apr 1 2020 Estimate
Vernon,30215,Town,0911078250,2020 Census PL File,NA,Population,Apr 1 2020 Estimate
Vernon,14761,Town,0911078250,2020 Census PL File,NA,HousingUnits,Apr 1 2020 Estimate
Voluntown,2570,Town,0915078600,2020 Census PL File,NA,Population,Apr 1 2020 Estimate
Voluntown,1135,Town,0915078600,2020 Census PL File,NA,HousingUnits,Apr 1 2020 Estimate
Wallingford,44396,Town,0917078740,2020 Census PL File,NA,Population,Apr 1 2020 Estimate
Wallingford,18938,Town,0917078740,2020 Census PL File,NA,HousingUnits,Apr 1 2020 Estimate
Warren,1351,Town,0916079510,2020 Census PL File,NA,Population,Apr 1 2020 Estimate
Warren,790,Town,0916079510,2020 Census PL File,NA,HousingUnits,Apr 1 2020 Estimate
Washington,2056,Town,0916079720,2020 Census PL File,NA,HousingUnits,Apr 1 2020 Estimate
Washington,3646,Town,0916079720,2020 Census PL File,NA,Population,Apr 1 2020 Estimate
Waterbury,48392,Town,0914080070,2020 Census PL File,NA,HousingUnits,Apr 1 2020 Estimate
Waterbury,114403,Town,0914080070,2020 Census PL File,NA,Population,Apr 1 2020 Estimate
Waterford,8873,Town,0918080280,2020 Census PL File,NA,HousingUnits,Apr 1 2020 Estimate
Waterford,19571,Town,0918080280,2020 Census PL File,NA,Population,Apr 1 2020 Estimate
Watertown,22105,Town,0914080490,2020 Census PL File,NA,Population,Apr 1 2020 Estimate
Watertown,9137,Town,0914080490,2020 Census PL File,NA,HousingUnits,Apr 1 2020 Estimate
West Hartford,64083,Town,0911082590,2020 Census PL File,NA,Population,Apr 1 2020 Estimate
West Hartford,27240,Town,0911082590,2020 Census PL File,NA,HousingUnits,Apr 1 2020 Estimate
West Haven,55584,Town,0917082870,2020 Census PL File,NA,Population,Apr 1 2020 Estimate
West Haven,22735,Town,0917082870,2020 Census PL File,NA,HousingUnits,Apr 1 2020 Estimate
Westbrook,6769,Town,0913081680,2020 Census PL File,NA,Population,Apr 1 2020 Estimate
Westbrook,3976,Town,0913081680,2020 Census PL File,NA,HousingUnits,Apr 1 2020 Estimate
Western Connecticut Planning Region,620549,Planning Region,09190,2020 Census PL File,NA,Population,Apr 1 2020 Estimate
Western Connecticut Planning Region,248764,Planning Region,09190,2020 Census PL File,NA,HousingUnits,Apr 1 2020 Estimate
Weston,3671,Town,0919083430,2020 Census PL File,NA,HousingUnits,Apr 1 2020 Estimate
Weston,10354,Town,0919083430,2020 Census PL File,NA,Population,Apr 1 2020 Estimate
Westport,10567,Town,0919083500,2020 Census PL File,NA,HousingUnits,Apr 1 2020 Estimate
Westport,27141,Town,0919083500,2020 Census PL File,NA,Population,Apr 1 2020 Estimate
Wethersfield,27298,Town,0911084900,2020 Census PL File,NA,Population,Apr 1 2020 Estimate
Wethersfield,11809,Town,0911084900,2020 Census PL File,NA,HousingUnits,Apr 1 2020 Estimate
Willington,5566,Town,0911085950,2020 Census PL File,NA,Population,Apr 1 2020 Estimate
Willington,2685,Town,0911085950,2020 Census PL File,NA,HousingUnits,Apr 1 2020 Estimate
Wilton,18503,Town,0919086370,2020 Census PL File,NA,Population,Apr 1 2020 Estimate
Wilton,6567,Town,0919086370,2020 Census PL File,NA,HousingUnits,Apr 1 2020 Estimate
Winchester,5405,Town,0916086440,2020 Census PL File,NA,HousingUnits,Apr 1 2020 Estimate
Winchester,10224,Town,0916086440,2020 Census PL File,NA,Population,Apr 1 2020 Estimate
Windham,9663,Town,0918086790,2020 Census PL File,NA,HousingUnits,Apr 1 2020 Estimate
Windham,24425,Town,0918086790,2020 Census PL File,NA,Population,Apr 1 2020 Estimate
Windsor,12038,Town,0911087000,2020 Census PL File,NA,HousingUnits,Apr 1 2020 Estimate
Windsor,29492,Town,0911087000,2020 Census PL File,NA,Population,Apr 1 2020 Estimate
Windsor Locks,5815,Town,0911087070,2020 Census PL File,NA,HousingUnits,Apr 1 2020 Estimate
Windsor Locks,12613,Town,0911087070,2020 Census PL File,NA,Population,Apr 1 2020 Estimate
Wolcott,16142,Town,0914087560,2020 Census PL File,NA,Population,Apr 1 2020 Estimate
Wolcott,6408,Town,0914087560,2020 Census PL File,NA,HousingUnits,Apr 1 2020 Estimate
Woodbridge,9087,Town,0917087700,2020 Census PL File,NA,Population,Apr 1 2020 Estimate
Woodbridge,3476,Town,0917087700,2020 Census PL File,NA,HousingUnits,Apr 1 2020 Estimate
Woodbury,9723,Town,0914087910,2020 Census PL File,NA,Population,Apr 1 2020 Estimate
Woodbury,4584,Town,0914087910,2020 Census PL File,NA,HousingUnits,Apr 1 2020 Estimate
Woodstock,8221,Town,0915088190,2020 Census PL File,NA,Population,Apr 1 2020 Estimate
Woodstock,3669,Town,0915088190,2020 Census PL File,NA,HousingUnits,Apr 1 2020 Estimate
Andover,3177,Town,0911001080,DPH,NA,Population Estimate,2024
Ansonia,19195,Town,0914001220,DPH,NA,Population Estimate,2024
Ashford,4263,Town,0915001430,DPH,NA,Population Estimate,2024
Avon,19106,Town,0911002060,DPH,NA,Population Estimate,2024
Barkhamsted,3717,Town,0916002760,DPH,NA,Population Estimate,2024
Beacon Falls,6271,Town,0914003250,DPH,NA,Population Estimate,2024
Berlin,20646,Town,0911004300,DPH,NA,Population Estimate,2024
Bethany,5324,Town,0917004580,DPH,NA,Population Estimate,2024
Bethel,21490,Town,0919004720,DPH,NA,Population Estimate,2024
Bethlehem,3449,Town,0914004930,DPH,NA,Population Estimate,2024
Bloomfield,22198,Town,0911005910,DPH,NA,Population Estimate,2024
Bolton,4895,Town,0911006260,DPH,NA,Population Estimate,2024
Bozrah,2426,Town,0918006820,DPH,NA,Population Estimate,2024
Branford,28448,Town,0917007310,DPH,NA,Population Estimate,2024
Bridgeport,151599,Town,0912008070,DPH,NA,Population Estimate,2024
Bridgewater,1671,Town,0919008210,DPH,NA,Population Estimate,2024
Bristol,62195,Town,0914008490,DPH,NA,Population Estimate,2024
Brookfield,18186,Town,0919008980,DPH,NA,Population Estimate,2024
Brooklyn,8708,Town,0915009190,DPH,NA,Population Estimate,2024
Burlington,9804,Town,0916010100,DPH,NA,Population Estimate,2024
Canaan,1088,Town,0916010940,DPH,NA,Population Estimate,2024
Canterbury,5222,Town,0915012130,DPH,NA,Population Estimate,2024
Canton,10273,Town,0911012270,DPH,NA,Population Estimate,2024
Capitol Planning Region,991508,Planning Region,09110,DPH,NA,Population Estimate,2024
Chaplin,2179,Town,0915013810,DPH,NA,Population Estimate,2024
Cheshire,30610,Town,0914014160,DPH,NA,Population Estimate,2024
Chester,3748,Town,0913014300,DPH,NA,Population Estimate,2024
Clinton,13467,Town,0913015350,DPH,NA,Population Estimate,2024
Colchester,15752,Town,0918015910,DPH,NA,Population Estimate,2024
Colebrook,1370,Town,0916016050,DPH,NA,Population Estimate,2024
Columbia,5359,Town,0911016400,DPH,NA,Population Estimate,2024
Connecticut,3675069,State,09,DPH,NA,Population Estimate,2024
Cornwall,1585,Town,0916017240,DPH,NA,Population Estimate,2024
Coventry,12445,Town,0911017800,DPH,NA,Population Estimate,2024
Cromwell,14388,Town,0913018080,DPH,NA,Population Estimate,2024
Danbury,88692,Town,0919018500,DPH,NA,Population Estimate,2024
Darien,22528,Town,0919018850,DPH,NA,Population Estimate,2024
Deep River,4483,Town,0913019130,DPH,NA,Population Estimate,2024
Derby,12915,Town,0914019550,DPH,NA,Population Estimate,2024
Durham,7230,Town,0913020810,DPH,NA,Population Estimate,2024
East Granby,5278,Town,0911022070,DPH,NA,Population Estimate,2024
East Haddam,9061,Town,0913022280,DPH,NA,Population Estimate,2024
East Hampton,13109,Town,0913022490,DPH,NA,Population Estimate,2024
East Hartford,51127,Town,0911022630,DPH,NA,Population Estimate,2024
East Haven,27953,Town,0917022910,DPH,NA,Population Estimate,2024
East Lyme,19004,Town,0918023400,DPH,NA,Population Estimate,2024
East Windsor,11301,Town,0911024800,DPH,NA,Population Estimate,2024
Eastford,1706,Town,0915021860,DPH,NA,Population Estimate,2024
Easton,7815,Town,0912023890,DPH,NA,Population Estimate,2024
Ellington,16585,Town,0911025360,DPH,NA,Population Estimate,2024
Enfield,41140,Town,0911025990,DPH,NA,Population Estimate,2024
Essex,6847,Town,0913026270,DPH,NA,Population Estimate,2024
Fairfield,65300,Town,0912026620,DPH,NA,Population Estimate,2024
Farmington,28189,Town,0911027600,DPH,NA,Population Estimate,2024
Franklin,1900,Town,0918029910,DPH,NA,Population Estimate,2024
Glastonbury,35553,Town,0911031240,DPH,NA,Population Estimate,2024
Goshen,3265,Town,0916032290,DPH,NA,Population Estimate,2024
Granby,11751,Town,0911032640,DPH,NA,Population Estimate,2024
Greater Bridgeport Planning Region,335666,Planning Region,09120,DPH,NA,Population Estimate,2024
Greenwich,64594,Town,0919033620,DPH,NA,Population Estimate,2024
Griswold,11683,Town,0918033900,DPH,NA,Population Estimate,2024
Groton,38762,Town,0918034250,DPH,NA,Population Estimate,2024
Guilford,22264,Town,0917034950,DPH,NA,Population Estimate,2024
Haddam,8806,Town,0913035230,DPH,NA,Population Estimate,2024
Hamden,61510,Town,0917035650,DPH,NA,Population Estimate,2024
Hampton,1759,Town,0915036000,DPH,NA,Population Estimate,2024
Hartford,122129,Town,0911037070,DPH,NA,Population Estimate,2024
Hartland,1921,Town,0916037140,DPH,NA,Population Estimate,2024
Harwinton,5688,Town,0916037280,DPH,NA,Population Estimate,2024
Hebron,9254,Town,0911037910,DPH,NA,Population Estimate,2024
Kent,3084,Town,0916040290,DPH,NA,Population Estimate,2024
Killingly,18093,Town,0915040500,DPH,NA,Population Estimate,2024
Killingworth,6284,Town,0913040710,DPH,NA,Population Estimate,2024
Lebanon,7141,Town,0918042390,DPH,NA,Population Estimate,2024
Ledyard,15575,Town,0918042600,DPH,NA,Population Estimate,2024
Lisbon,4249,Town,0918043230,DPH,NA,Population Estimate,2024
Litchfield,8333,Town,0916043370,DPH,NA,Population Estimate,2024
Lower Connecticut River Valley Planning Region,177540,Planning Region,09130,DPH,NA,Population Estimate,2024
Lyme,2421,Town,0913044210,DPH,NA,Population Estimate,2024
Madison,17688,Town,0917044560,DPH,NA,Population Estimate,2024
Manchester,59948,Town,0911044700,DPH,NA,Population Estimate,2024
Mansfield,27996,Town,0911044910,DPH,NA,Population Estimate,2024
Marlborough,6192,Town,0911045820,DPH,NA,Population Estimate,2024
Meriden,60849,Town,0917046520,DPH,NA,Population Estimate,2024
Middlebury,8025,Town,0914046940,DPH,NA,Population Estimate,2024
Middlefield,4274,Town,0913047080,DPH,NA,Population Estimate,2024
Middletown,48616,Town,0913047360,DPH,NA,Population Estimate,2024
Milford,53396,Town,0917047535,DPH,NA,Population Estimate,2024
Monroe,19269,Town,0912048620,DPH,NA,Population Estimate,2024
Montville,17913,Town,0918048900,DPH,NA,Population Estimate,2024
Morris,2290,Town,0916049460,DPH,NA,Population Estimate,2024
Naugatuck,32116,Town,0914049950,DPH,NA,Population Estimate,2024
Naugatuck Valley Planning Region,462220,Planning Region,09140,DPH,NA,Population Estimate,2024
New Britain,75871,Town,0911050440,DPH,NA,Population Estimate,2024
New Canaan,21160,Town,0919050580,DPH,NA,Population Estimate,2024
New Fairfield,13651,Town,0919050860,DPH,NA,Population Estimate,2024
New Hartford,6710,Town,0916051350,DPH,NA,Population Estimate,2024
New Haven,137562,Town,0917052070,DPH,NA,Population Estimate,2024
New London,28081,Town,0918052350,DPH,NA,Population Estimate,2024
New Milford,28745,Town,0919052630,DPH,NA,Population Estimate,2024
Newington,31692,Town,0911052140,DPH,NA,Population Estimate,2024
Newtown,28029,Town,0919052980,DPH,NA,Population Estimate,2024
Norfolk,1601,Town,0916053470,DPH,NA,Population Estimate,2024
North Branford,13551,Town,0917053890,DPH,NA,Population Estimate,2024
North Canaan,3220,Town,0916054030,DPH,NA,Population Estimate,2024
North Haven,24844,Town,0917054870,DPH,NA,Population Estimate,2024
North Stonington,5197,Town,0918055500,DPH,NA,Population Estimate,2024
Northeastern Connecticut Planning Region,97701,Planning Region,09150,DPH,NA,Population Estimate,2024
Northwest Hills Planning Region,114101,Planning Region,09160,DPH,NA,Population Estimate,2024
Norwalk,93661,Town,0919056060,DPH,NA,Population Estimate,2024
Norwich,39993,Town,0918056270,DPH,NA,Population Estimate,2024
Old Lyme,7721,Town,0913057040,DPH,NA,Population Estimate,2024
Old Saybrook,10689,Town,0913057320,DPH,NA,Population Estimate,2024
Orange,14431,Town,0917057600,DPH,NA,Population Estimate,2024
Oxford,13264,Town,0914058300,DPH,NA,Population Estimate,2024
Plainfield,15315,Town,0915059980,DPH,NA,Population Estimate,2024
Plainville,17757,Town,0911060120,DPH,NA,Population Estimate,2024
Plymouth,11879,Town,0914060750,DPH,NA,Population Estimate,2024
Pomfret,4355,Town,0915061030,DPH,NA,Population Estimate,2024
Portland,9478,Town,0913061800,DPH,NA,Population Estimate,2024
Preston,4855,Town,0918062150,DPH,NA,Population Estimate,2024
Prospect,9573,Town,0914062290,DPH,NA,Population Estimate,2024
Putnam,9407,Town,0915062710,DPH,NA,Population Estimate,2024
Redding,8830,Town,0919063480,DPH,NA,Population Estimate,2024
Ridgefield,25300,Town,0919063970,DPH,NA,Population Estimate,2024
Rocky Hill,21373,Town,0911065370,DPH,NA,Population Estimate,2024
Roxbury,2310,Town,0916065930,DPH,NA,Population Estimate,2024
Salem,4326,Town,0918066210,DPH,NA,Population Estimate,2024
Salisbury,4279,Town,0916066420,DPH,NA,Population Estimate,2024
Scotland,1598,Town,0915067400,DPH,NA,Population Estimate,2024
Seymour,17139,Town,0914067610,DPH,NA,Population Estimate,2024
Sharon,2755,Town,0916067960,DPH,NA,Population Estimate,2024
Shelton,42805,Town,0914068170,DPH,NA,Population Estimate,2024
Sherman,3601,Town,0919068310,DPH,NA,Population Estimate,2024
Simsbury,25353,Town,0911068940,DPH,NA,Population Estimate,2024
Somers,10905,Town,0911069220,DPH,NA,Population Estimate,2024
South Central Connecticut Planning Region,576718,Planning Region,09170,DPH,NA,Population Estimate,2024
South Windsor,27062,Town,0911071390,DPH,NA,Population Estimate,2024
Southbury,20342,Town,0914069640,DPH,NA,Population Estimate,2024
Southeastern Connecticut Planning Region,282602,Planning Region,09180,DPH,NA,Population Estimate,2024
Southington,44197,Town,0911070550,DPH,NA,Population Estimate,2024
Sprague,2948,Town,0918071670,DPH,NA,Population Estimate,2024
Stafford,11692,Town,0911072090,DPH,NA,Population Estimate,2024
Stamford,139134,Town,0919073070,DPH,NA,Population Estimate,2024
Sterling,3694,Town,0915073420,DPH,NA,Population Estimate,2024
Stonington,18782,Town,0918073770,DPH,NA,Population Estimate,2024
Stratford,53610,Town,0912074190,DPH,NA,Population Estimate,2024
Suffield,15964,Town,0911074540,DPH,NA,Population Estimate,2024
Thomaston,7566,Town,0914075730,DPH,NA,Population Estimate,2024
Thompson,9513,Town,0915075870,DPH,NA,Population Estimate,2024
Tolland,14739,Town,0911076290,DPH,NA,Population Estimate,2024
Torrington,35673,Town,0916076570,DPH,NA,Population Estimate,2024
Trumbull,38073,Town,0912077200,DPH,NA,Population Estimate,2024
Union,805,Town,0915077830,DPH,NA,Population Estimate,2024
Vernon,30895,Town,0911078250,DPH,NA,Population Estimate,2024
Voluntown,2650,Town,0915078600,DPH,NA,Population Estimate,2024
Wallingford,44389,Town,0917078740,DPH,NA,Population Estimate,2024
Warren,1378,Town,0916079510,DPH,NA,Population Estimate,2024
Washington,3721,Town,0916079720,DPH,NA,Population Estimate,2024
Waterbury,115908,Town,0914080070,DPH,NA,Population Estimate,2024
Waterford,19910,Town,0918080280,DPH,NA,Population Estimate,2024
Watertown,22497,Town,0914080490,DPH,NA,Population Estimate,2024
West Hartford,64184,Town,0911082590,DPH,NA,Population Estimate,2024
West Haven,55379,Town,0917082870,DPH,NA,Population Estimate,2024
Westbrook,6918,Town,0913081680,DPH,NA,Population Estimate,2024
Western Connecticut Planning Region,637013,Planning Region,09190,DPH,NA,Population Estimate,2024
Weston,10490,Town,0919083430,DPH,NA,Population Estimate,2024
Westport,27996,Town,0919083500,DPH,NA,Population Estimate,2024
Wethersfield,27372,Town,0911084900,DPH,NA,Population Estimate,2024
Willington,5609,Town,0911085950,DPH,NA,Population Estimate,2024
Wilton,19255,Town,0919086370,DPH,NA,Population Estimate,2024
Winchester,10309,Town,0916086440,DPH,NA,Population Estimate,2024
Windham,24105,Town,0918086790,DPH,NA,Population Estimate,2024
Windsor,29658,Town,0911087000,DPH,NA,Population Estimate,2024
Windsor Locks,12643,Town,0911087070,DPH,NA,Population Estimate,2024
Wolcott,16511,Town,0914087560,DPH,NA,Population Estimate,2024
Woodbridge,9130,Town,0917087700,DPH,NA,Population Estimate,2024
Woodbury,9960,Town,0914087910,DPH,NA,Population Estimate,2024
Woodstock,8434,Town,0915088190,DPH,NA,Population Estimate,2024
Andover,3144,Town,0911001080,DPH,NA,Population Estimate,2023
Ansonia,19008,Town,0914001220,DPH,NA,Population Estimate,2023
Ashford,4229,Town,0915001430,DPH,NA,Population Estimate,2023
Avon,18883,Town,0911002060,DPH,NA,Population Estimate,2023
Barkhamsted,3677,Town,0916002760,DPH,NA,Population Estimate,2023
Beacon Falls,6206,Town,0914003250,DPH,NA,Population Estimate,2023
Berlin,20429,Town,0911004300,DPH,NA,Population Estimate,2023
Bethany,5271,Town,0917004580,DPH,NA,Population Estimate,2023
Bethel,20678,Town,0919004720,DPH,NA,Population Estimate,2023
Bethlehem,3421,Town,0914004930,DPH,NA,Population Estimate,2023
Bloomfield,21884,Town,0911005910,DPH,NA,Population Estimate,2023
Bolton,4834,Town,0911006260,DPH,NA,Population Estimate,2023
Bozrah,2412,Town,0918006820,DPH,NA,Population Estimate,2023
Branford,28031,Town,0917007310,DPH,NA,Population Estimate,2023
Bridgeport,148028,Town,0912008070,DPH,NA,Population Estimate,2023
Bridgewater,1646,Town,0919008210,DPH,NA,Population Estimate,2023
Bristol,61601,Town,0914008490,DPH,NA,Population Estimate,2023
Brookfield,17489,Town,0919008980,DPH,NA,Population Estimate,2023
Brooklyn,8612,Town,0915009190,DPH,NA,Population Estimate,2023
Burlington,9746,Town,0916010100,DPH,NA,Population Estimate,2023
Canaan,1082,Town,0916010940,DPH,NA,Population Estimate,2023
Canterbury,5140,Town,0915012130,DPH,NA,Population Estimate,2023
Canton,10146,Town,0911012270,DPH,NA,Population Estimate,2023
Capitol Planning Region,975328,Planning Region,09110,DPH,NA,Population Estimate,2023
Chaplin,2157,Town,0915013810,DPH,NA,Population Estimate,2023
Cheshire,29200,Town,0914014160,DPH,NA,Population Estimate,2023
Chester,3761,Town,0913014300,DPH,NA,Population Estimate,2023
Clinton,13402,Town,0913015350,DPH,NA,Population Estimate,2023
Colchester,15504,Town,0918015910,DPH,NA,Population Estimate,2023
Colebrook,1368,Town,0916016050,DPH,NA,Population Estimate,2023
Columbia,5268,Town,0911016400,DPH,NA,Population Estimate,2023
Connecticut,3617176,State,09,DPH,NA,Population Estimate,2023
Cornwall,1575,Town,0916017240,DPH,NA,Population Estimate,2023
Coventry,12308,Town,0911017800,DPH,NA,Population Estimate,2023
Cromwell,14363,Town,0913018080,DPH,NA,Population Estimate,2023
Danbury,86124,Town,0919018500,DPH,NA,Population Estimate,2023
Darien,22020,Town,0919018850,DPH,NA,Population Estimate,2023
Deep River,4454,Town,0913019130,DPH,NA,Population Estimate,2023
Derby,12406,Town,0914019550,DPH,NA,Population Estimate,2023
Durham,7204,Town,0913020810,DPH,NA,Population Estimate,2023
East Granby,5218,Town,0911022070,DPH,NA,Population Estimate,2023
East Haddam,8987,Town,0913022280,DPH,NA,Population Estimate,2023
East Hampton,12989,Town,0913022490,DPH,NA,Population Estimate,2023
East Hartford,50654,Town,0911022630,DPH,NA,Population Estimate,2023
East Haven,27533,Town,0917022910,DPH,NA,Population Estimate,2023
East Lyme,18929,Town,0918023400,DPH,NA,Population Estimate,2023
East Windsor,11170,Town,0911024800,DPH,NA,Population Estimate,2023
Eastford,1689,Town,0915021860,DPH,NA,Population Estimate,2023
Easton,7636,Town,0912023890,DPH,NA,Population Estimate,2023
Ellington,16994,Town,0911025360,DPH,NA,Population Estimate,2023
Enfield,40792,Town,0911025990,DPH,NA,Population Estimate,2023
Essex,6802,Town,0913026270,DPH,NA,Population Estimate,2023
Fairfield,63433,Town,0912026620,DPH,NA,Population Estimate,2023
Farmington,26798,Town,0911027600,DPH,NA,Population Estimate,2023
Franklin,1891,Town,0918029910,DPH,NA,Population Estimate,2023
Glastonbury,35204,Town,0911031240,DPH,NA,Population Estimate,2023
Goshen,3232,Town,0916032290,DPH,NA,Population Estimate,2023
Granby,11249,Town,0911032640,DPH,NA,Population Estimate,2023
Greater Bridgeport Planning Region,327651,Planning Region,09120,DPH,NA,Population Estimate,2023
Greenwich,63574,Town,0919033620,DPH,NA,Population Estimate,2023
Griswold,11624,Town,0918033900,DPH,NA,Population Estimate,2023
Groton,37878,Town,0918034250,DPH,NA,Population Estimate,2023
Guilford,22020,Town,0917034950,DPH,NA,Population Estimate,2023
Haddam,8773,Town,0913035230,DPH,NA,Population Estimate,2023
Hamden,60014,Town,0917035650,DPH,NA,Population Estimate,2023
Hampton,1740,Town,0915036000,DPH,NA,Population Estimate,2023
Hartford,119669,Town,0911037070,DPH,NA,Population Estimate,2023
Hartland,1912,Town,0916037140,DPH,NA,Population Estimate,2023
Harwinton,5612,Town,0916037280,DPH,NA,Population Estimate,2023
Hebron,9146,Town,0911037910,DPH,NA,Population Estimate,2023
Kent,3066,Town,0916040290,DPH,NA,Population Estimate,2023
Killingly,17945,Town,0915040500,DPH,NA,Population Estimate,2023
Killingworth,6254,Town,0913040710,DPH,NA,Population Estimate,2023
Lebanon,7108,Town,0918042390,DPH,NA,Population Estimate,2023
Ledyard,15459,Town,0918042600,DPH,NA,Population Estimate,2023
Lisbon,4228,Town,0918043230,DPH,NA,Population Estimate,2023
Litchfield,8293,Town,0916043370,DPH,NA,Population Estimate,2023
Lower Connecticut River Valley Planning Region,176215,Planning Region,09130,DPH,NA,Population Estimate,2023
Lyme,2409,Town,0913044210,DPH,NA,Population Estimate,2023
Madison,17498,Town,0917044560,DPH,NA,Population Estimate,2023
Manchester,59408,Town,0911044700,DPH,NA,Population Estimate,2023
Mansfield,25401,Town,0911044910,DPH,NA,Population Estimate,2023
Marlborough,6106,Town,0911045820,DPH,NA,Population Estimate,2023
Meriden,60111,Town,0917046520,DPH,NA,Population Estimate,2023
Middlebury,7936,Town,0914046940,DPH,NA,Population Estimate,2023
Middlefield,4257,Town,0913047080,DPH,NA,Population Estimate,2023
Middletown,47984,Town,0913047360,DPH,NA,Population Estimate,2023
Milford,52793,Town,0917047535,DPH,NA,Population Estimate,2023
Monroe,18831,Town,0912048620,DPH,NA,Population Estimate,2023
Montville,17814,Town,0918048900,DPH,NA,Population Estimate,2023
Morris,2272,Town,0916049460,DPH,NA,Population Estimate,2023
Naugatuck,31820,Town,0914049950,DPH,NA,Population Estimate,2023
Naugatuck Valley Planning Region,456128,Planning Region,09140,DPH,NA,Population Estimate,2023
New Britain,74080,Town,0911050440,DPH,NA,Population Estimate,2023
New Canaan,20862,Town,0919050580,DPH,NA,Population Estimate,2023
New Fairfield,13487,Town,0919050860,DPH,NA,Population Estimate,2023
New Hartford,6709,Town,0916051350,DPH,NA,Population Estimate,2023
New Haven,135319,Town,0917052070,DPH,NA,Population Estimate,2023
New London,27560,Town,0918052350,DPH,NA,Population Estimate,2023
New Milford,28276,Town,0919052630,DPH,NA,Population Estimate,2023
Newington,31227,Town,0911052140,DPH,NA,Population Estimate,2023
Newtown,27673,Town,0919052980,DPH,NA,Population Estimate,2023
Norfolk,1596,Town,0916053470,DPH,NA,Population Estimate,2023
North Branford,13415,Town,0917053890,DPH,NA,Population Estimate,2023
North Canaan,3204,Town,0916054030,DPH,NA,Population Estimate,2023
North Haven,24295,Town,0917054870,DPH,NA,Population Estimate,2023
North Stonington,5165,Town,0918055500,DPH,NA,Population Estimate,2023
Northeastern Connecticut Planning Region,96692,Planning Region,09150,DPH,NA,Population Estimate,2023
Northwest Hills Planning Region,113463,Planning Region,09160,DPH,NA,Population Estimate,2023
Norwalk,92458,Town,0919056060,DPH,NA,Population Estimate,2023
Norwich,39881,Town,0918056270,DPH,NA,Population Estimate,2023
Old Lyme,7696,Town,0913057040,DPH,NA,Population Estimate,2023
Old Saybrook,10571,Town,0913057320,DPH,NA,Population Estimate,2023
Orange,14322,Town,0917057600,DPH,NA,Population Estimate,2023
Oxford,13125,Town,0914058300,DPH,NA,Population Estimate,2023
Plainfield,15193,Town,0915059980,DPH,NA,Population Estimate,2023
Plainville,17491,Town,0911060120,DPH,NA,Population Estimate,2023
Plymouth,11766,Town,0914060750,DPH,NA,Population Estimate,2023
Pomfret,4313,Town,0915061030,DPH,NA,Population Estimate,2023
Portland,9428,Town,0913061800,DPH,NA,Population Estimate,2023
Preston,4829,Town,0918062150,DPH,NA,Population Estimate,2023
Prospect,9479,Town,0914062290,DPH,NA,Population Estimate,2023
Putnam,9312,Town,0915062710,DPH,NA,Population Estimate,2023
Redding,8719,Town,0919063480,DPH,NA,Population Estimate,2023
Ridgefield,24931,Town,0919063970,DPH,NA,Population Estimate,2023
Rocky Hill,20708,Town,0911065370,DPH,NA,Population Estimate,2023
Roxbury,2297,Town,0916065930,DPH,NA,Population Estimate,2023
Salem,4319,Town,0918066210,DPH,NA,Population Estimate,2023
Salisbury,4240,Town,0916066420,DPH,NA,Population Estimate,2023
Scotland,1578,Town,0915067400,DPH,NA,Population Estimate,2023
Seymour,16953,Town,0914067610,DPH,NA,Population Estimate,2023
Sharon,2744,Town,0916067960,DPH,NA,Population Estimate,2023
Shelton,42144,Town,0914068170,DPH,NA,Population Estimate,2023
Sherman,3530,Town,0919068310,DPH,NA,Population Estimate,2023
Simsbury,24953,Town,0911068940,DPH,NA,Population Estimate,2023
Somers,10725,Town,0911069220,DPH,NA,Population Estimate,2023
South Central Connecticut Planning Region,568158,Planning Region,09170,DPH,NA,Population Estimate,2023
South Windsor,26773,Town,0911071390,DPH,NA,Population Estimate,2023
Southbury,20127,Town,0914069640,DPH,NA,Population Estimate,2023
Southeastern Connecticut Planning Region,279634,Planning Region,09180,DPH,NA,Population Estimate,2023
Southington,43743,Town,0911070550,DPH,NA,Population Estimate,2023
Sprague,2940,Town,0918071670,DPH,NA,Population Estimate,2023
Stafford,11567,Town,0911072090,DPH,NA,Population Estimate,2023
Stamford,136226,Town,0919073070,DPH,NA,Population Estimate,2023
Sterling,3644,Town,0915073420,DPH,NA,Population Estimate,2023
Stonington,18431,Town,0918073770,DPH,NA,Population Estimate,2023
Stratford,52454,Town,0912074190,DPH,NA,Population Estimate,2023
Suffield,15650,Town,0911074540,DPH,NA,Population Estimate,2023
Thomaston,7501,Town,0914075730,DPH,NA,Population Estimate,2023
Thompson,9385,Town,0915075870,DPH,NA,Population Estimate,2023
Tolland,14574,Town,0911076290,DPH,NA,Population Estimate,2023
Torrington,35550,Town,0916076570,DPH,NA,Population Estimate,2023
Trumbull,37269,Town,0912077200,DPH,NA,Population Estimate,2023
Union,797,Town,0915077830,DPH,NA,Population Estimate,2023
Vernon,30596,Town,0911078250,DPH,NA,Population Estimate,2023
Voluntown,2612,Town,0915078600,DPH,NA,Population Estimate,2023
Wallingford,43725,Town,0917078740,DPH,NA,Population Estimate,2023
Warren,1367,Town,0916079510,DPH,NA,Population Estimate,2023
Washington,3685,Town,0916079720,DPH,NA,Population Estimate,2023
Waterbury,114990,Town,0914080070,DPH,NA,Population Estimate,2023
Waterford,19829,Town,0918080280,DPH,NA,Population Estimate,2023
Watertown,22274,Town,0914080490,DPH,NA,Population Estimate,2023
West Hartford,63969,Town,0911082590,DPH,NA,Population Estimate,2023
West Haven,54790,Town,0917082870,DPH,NA,Population Estimate,2023
Westbrook,6881,Town,0913081680,DPH,NA,Population Estimate,2023
Western Connecticut Planning Region,623907,Planning Region,09190,DPH,NA,Population Estimate,2023
Weston,10344,Town,0919083430,DPH,NA,Population Estimate,2023
Westport,27470,Town,0919083500,DPH,NA,Population Estimate,2023
Wethersfield,27114,Town,0911084900,DPH,NA,Population Estimate,2023
Willington,5552,Town,0911085950,DPH,NA,Population Estimate,2023
Wilton,18400,Town,0919086370,DPH,NA,Population Estimate,2023
Winchester,10236,Town,0916086440,DPH,NA,Population Estimate,2023
Windham,23833,Town,0918086790,DPH,NA,Population Estimate,2023
Windsor,29372,Town,0911087000,DPH,NA,Population Estimate,2023
Windsor Locks,12529,Town,0911087070,DPH,NA,Population Estimate,2023
Wolcott,16309,Town,0914087560,DPH,NA,Population Estimate,2023
Woodbridge,9021,Town,0917087700,DPH,NA,Population Estimate,2023
Woodbury,9862,Town,0914087910,DPH,NA,Population Estimate,2023
Woodstock,8346,Town,0915088190,DPH,NA,Population Estimate,2023
Andover,3150,Town,0911001080,DPH,NA,Population Estimate,2022
Ansonia,18923,Town,0914001220,DPH,NA,Population Estimate,2022
Ashford,4222,Town,0915001430,DPH,NA,Population Estimate,2022
Avon,18871,Town,0911002060,DPH,NA,Population Estimate,2022
Barkhamsted,3667,Town,0916002760,DPH,NA,Population Estimate,2022
Beacon Falls,6126,Town,0914003250,DPH,NA,Population Estimate,2022
Berlin,20197,Town,0911004300,DPH,NA,Population Estimate,2022
Bethany,5277,Town,0917004580,DPH,NA,Population Estimate,2022
Bethel,20684,Town,0919004720,DPH,NA,Population Estimate,2022
Bethlehem,3409,Town,0914004930,DPH,NA,Population Estimate,2022
Bloomfield,21560,Town,0911005910,DPH,NA,Population Estimate,2022
Bolton,4834,Town,0911006260,DPH,NA,Population Estimate,2022
Bozrah,2420,Town,0918006820,DPH,NA,Population Estimate,2022
Branford,28148,Town,0917007310,DPH,NA,Population Estimate,2022
Bridgeport,148377,Town,0912008070,DPH,NA,Population Estimate,2022
Bridgewater,1652,Town,0919008210,DPH,NA,Population Estimate,2022
Bristol,61330,Town,0914008490,DPH,NA,Population Estimate,2022
Brookfield,17543,Town,0919008980,DPH,NA,Population Estimate,2022
Brooklyn,8502,Town,0915009190,DPH,NA,Population Estimate,2022
Burlington,9710,Town,0916010100,DPH,NA,Population Estimate,2022
Canaan,1081,Town,0916010940,DPH,NA,Population Estimate,2022
Canterbury,5102,Town,0915012130,DPH,NA,Population Estimate,2022
Canton,10091,Town,0911012270,DPH,NA,Population Estimate,2022
Capitol Planning Region,981447,Planning Region,09110,DPH,NA,Population Estimate,2022
Chaplin,2156,Town,0915013810,DPH,NA,Population Estimate,2022
Cheshire,28994,Town,0914014160,DPH,NA,Population Estimate,2022
Chester,3757,Town,0913014300,DPH,NA,Population Estimate,2022
Clinton,13399,Town,0913015350,DPH,NA,Population Estimate,2022
Colchester,15572,Town,0918015910,DPH,NA,Population Estimate,2022
Colebrook,1369,Town,0916016050,DPH,NA,Population Estimate,2022
Columbia,5258,Town,0911016400,DPH,NA,Population Estimate,2022
Connecticut,3626205,State,09,DPH,NA,Population Estimate,2022
Cornwall,1573,Town,0916017240,DPH,NA,Population Estimate,2022
Coventry,12285,Town,0911017800,DPH,NA,Population Estimate,2022
Cromwell,14317,Town,0913018080,DPH,NA,Population Estimate,2022
Danbury,86967,Town,0919018500,DPH,NA,Population Estimate,2022
Darien,21926,Town,0919018850,DPH,NA,Population Estimate,2022
Deep River,4445,Town,0913019130,DPH,NA,Population Estimate,2022
Derby,12358,Town,0914019550,DPH,NA,Population Estimate,2022
Durham,7207,Town,0913020810,DPH,NA,Population Estimate,2022
East Granby,5218,Town,0911022070,DPH,NA,Population Estimate,2022
East Haddam,8949,Town,0913022280,DPH,NA,Population Estimate,2022
East Hampton,12960,Town,0913022490,DPH,NA,Population Estimate,2022
East Hartford,50718,Town,0911022630,DPH,NA,Population Estimate,2022
East Haven,27682,Town,0917022910,DPH,NA,Population Estimate,2022
East Lyme,18788,Town,0918023400,DPH,NA,Population Estimate,2022
East Windsor,11176,Town,0911024800,DPH,NA,Population Estimate,2022
Eastford,1675,Town,0915021860,DPH,NA,Population Estimate,2022
Easton,7630,Town,0912023890,DPH,NA,Population Estimate,2022
Ellington,16977,Town,0911025360,DPH,NA,Population Estimate,2022
Enfield,41245,Town,0911025990,DPH,NA,Population Estimate,2022
Essex,6793,Town,0913026270,DPH,NA,Population Estimate,2022
Fairfield,62871,Town,0912026620,DPH,NA,Population Estimate,2022
Farmington,26728,Town,0911027600,DPH,NA,Population Estimate,2022
Franklin,1881,Town,0918029910,DPH,NA,Population Estimate,2022
Glastonbury,35199,Town,0911031240,DPH,NA,Population Estimate,2022
Goshen,3203,Town,0916032290,DPH,NA,Population Estimate,2022
Granby,11041,Town,0911032640,DPH,NA,Population Estimate,2022
Greater Bridgeport Planning Region,327286,Planning Region,09120,DPH,NA,Population Estimate,2022
Greenwich,63638,Town,0919033620,DPH,NA,Population Estimate,2022
Griswold,11509,Town,0918033900,DPH,NA,Population Estimate,2022
Groton,37743,Town,0918034250,DPH,NA,Population Estimate,2022
Guilford,22019,Town,0917034950,DPH,NA,Population Estimate,2022
Haddam,8670,Town,0913035230,DPH,NA,Population Estimate,2022
Hamden,60809,Town,0917035650,DPH,NA,Population Estimate,2022
Hampton,1738,Town,0915036000,DPH,NA,Population Estimate,2022
Hartford,120686,Town,0911037070,DPH,NA,Population Estimate,2022
Hartland,1908,Town,0916037140,DPH,NA,Population Estimate,2022
Harwinton,5562,Town,0916037280,DPH,NA,Population Estimate,2022
Hebron,9121,Town,0911037910,DPH,NA,Population Estimate,2022
Kent,3051,Town,0916040290,DPH,NA,Population Estimate,2022
Killingly,17837,Town,0915040500,DPH,NA,Population Estimate,2022
Killingworth,6239,Town,0913040710,DPH,NA,Population Estimate,2022
Lebanon,7132,Town,0918042390,DPH,NA,Population Estimate,2022
Ledyard,15456,Town,0918042600,DPH,NA,Population Estimate,2022
Lisbon,4242,Town,0918043230,DPH,NA,Population Estimate,2022
Litchfield,8279,Town,0916043370,DPH,NA,Population Estimate,2022
Lower Connecticut River Valley Planning Region,176622,Planning Region,09130,DPH,NA,Population Estimate,2022
Lyme,2401,Town,0913044210,DPH,NA,Population Estimate,2022
Madison,17565,Town,0917044560,DPH,NA,Population Estimate,2022
Manchester,59461,Town,0911044700,DPH,NA,Population Estimate,2022
Mansfield,31949,Town,0911044910,DPH,NA,Population Estimate,2022
Marlborough,6109,Town,0911045820,DPH,NA,Population Estimate,2022
Meriden,60242,Town,0917046520,DPH,NA,Population Estimate,2022
Middlebury,7807,Town,0914046940,DPH,NA,Population Estimate,2022
Middlefield,4248,Town,0913047080,DPH,NA,Population Estimate,2022
Middletown,48729,Town,0913047360,DPH,NA,Population Estimate,2022
Milford,52679,Town,0917047535,DPH,NA,Population Estimate,2022
Monroe,18796,Town,0912048620,DPH,NA,Population Estimate,2022
Montville,17891,Town,0918048900,DPH,NA,Population Estimate,2022
Morris,2267,Town,0916049460,DPH,NA,Population Estimate,2022
Naugatuck,31705,Town,0914049950,DPH,NA,Population Estimate,2022
Naugatuck Valley Planning Region,454083,Planning Region,09140,DPH,NA,Population Estimate,2022
New Britain,74396,Town,0911050440,DPH,NA,Population Estimate,2022
New Canaan,20775,Town,0919050580,DPH,NA,Population Estimate,2022
New Fairfield,13536,Town,0919050860,DPH,NA,Population Estimate,2022
New Hartford,6698,Town,0916051350,DPH,NA,Population Estimate,2022
New Haven,138915,Town,0917052070,DPH,NA,Population Estimate,2022
New London,27980,Town,0918052350,DPH,NA,Population Estimate,2022
New Milford,28275,Town,0919052630,DPH,NA,Population Estimate,2022
Newington,30356,Town,0911052140,DPH,NA,Population Estimate,2022
Newtown,27577,Town,0919052980,DPH,NA,Population Estimate,2022
Norfolk,1594,Town,0916053470,DPH,NA,Population Estimate,2022
North Branford,13464,Town,0917053890,DPH,NA,Population Estimate,2022
North Canaan,3209,Town,0916054030,DPH,NA,Population Estimate,2022
North Haven,24114,Town,0917054870,DPH,NA,Population Estimate,2022
North Stonington,5174,Town,0918055500,DPH,NA,Population Estimate,2022
Northeastern Connecticut Planning Region,96196,Planning Region,09150,DPH,NA,Population Estimate,2022
Northwest Hills Planning Region,113234,Planning Region,09160,DPH,NA,Population Estimate,2022
Norwalk,91401,Town,0919056060,DPH,NA,Population Estimate,2022
Norwich,40009,Town,0918056270,DPH,NA,Population Estimate,2022
Old Lyme,7684,Town,0913057040,DPH,NA,Population Estimate,2022
Old Saybrook,10535,Town,0913057320,DPH,NA,Population Estimate,2022
Orange,14258,Town,0917057600,DPH,NA,Population Estimate,2022
Oxford,12941,Town,0914058300,DPH,NA,Population Estimate,2022
Plainfield,15143,Town,0915059980,DPH,NA,Population Estimate,2022
Plainville,17479,Town,0911060120,DPH,NA,Population Estimate,2022
Plymouth,11711,Town,0914060750,DPH,NA,Population Estimate,2022
Pomfret,4307,Town,0915061030,DPH,NA,Population Estimate,2022
Portland,9429,Town,0913061800,DPH,NA,Population Estimate,2022
Preston,4840,Town,0918062150,DPH,NA,Population Estimate,2022
Prospect,9435,Town,0914062290,DPH,NA,Population Estimate,2022
Putnam,9302,Town,0915062710,DPH,NA,Population Estimate,2022
Redding,8746,Town,0919063480,DPH,NA,Population Estimate,2022
Ridgefield,25007,Town,0919063970,DPH,NA,Population Estimate,2022
Rocky Hill,20712,Town,0911065370,DPH,NA,Population Estimate,2022
Roxbury,2279,Town,0916065930,DPH,NA,Population Estimate,2022
Salem,4326,Town,0918066210,DPH,NA,Population Estimate,2022
Salisbury,4239,Town,0916066420,DPH,NA,Population Estimate,2022
Scotland,1577,Town,0915067400,DPH,NA,Population Estimate,2022
Seymour,16809,Town,0914067610,DPH,NA,Population Estimate,2022
Sharon,2724,Town,0916067960,DPH,NA,Population Estimate,2022
Shelton,41897,Town,0914068170,DPH,NA,Population Estimate,2022
Sherman,3537,Town,0919068310,DPH,NA,Population Estimate,2022
Simsbury,24935,Town,0911068940,DPH,NA,Population Estimate,2022
Somers,9843,Town,0911069220,DPH,NA,Population Estimate,2022
South Central Connecticut Planning Region,573244,Planning Region,09170,DPH,NA,Population Estimate,2022
South Windsor,26783,Town,0911071390,DPH,NA,Population Estimate,2022
Southbury,19979,Town,0914069640,DPH,NA,Population Estimate,2022
Southeastern Connecticut Planning Region,280403,Planning Region,09180,DPH,NA,Population Estimate,2022
Southington,43753,Town,0911070550,DPH,NA,Population Estimate,2022
Sprague,2958,Town,0918071670,DPH,NA,Population Estimate,2022
Stafford,11449,Town,0911072090,DPH,NA,Population Estimate,2022
Stamford,136188,Town,0919073070,DPH,NA,Population Estimate,2022
Sterling,3623,Town,0915073420,DPH,NA,Population Estimate,2022
Stonington,18480,Town,0918073770,DPH,NA,Population Estimate,2022
Stratford,52477,Town,0912074190,DPH,NA,Population Estimate,2022
Suffield,15731,Town,0911074540,DPH,NA,Population Estimate,2022
Thomaston,7468,Town,0914075730,DPH,NA,Population Estimate,2022
Thompson,9315,Town,0915075870,DPH,NA,Population Estimate,2022
Tolland,14577,Town,0911076290,DPH,NA,Population Estimate,2022
Torrington,35563,Town,0916076570,DPH,NA,Population Estimate,2022
Trumbull,37135,Town,0912077200,DPH,NA,Population Estimate,2022
Union,793,Town,0915077830,DPH,NA,Population Estimate,2022
Vernon,30625,Town,0911078250,DPH,NA,Population Estimate,2022
Voluntown,2592,Town,0915078600,DPH,NA,Population Estimate,2022
Wallingford,44017,Town,0917078740,DPH,NA,Population Estimate,2022
Warren,1352,Town,0916079510,DPH,NA,Population Estimate,2022
Washington,3666,Town,0916079720,DPH,NA,Population Estimate,2022
Waterbury,115016,Town,0914080070,DPH,NA,Population Estimate,2022
Waterford,19603,Town,0918080280,DPH,NA,Population Estimate,2022
Watertown,22183,Town,0914080490,DPH,NA,Population Estimate,2022
West Hartford,64271,Town,0911082590,DPH,NA,Population Estimate,2022
West Haven,55004,Town,0917082870,DPH,NA,Population Estimate,2022
Westbrook,6860,Town,0913081680,DPH,NA,Population Estimate,2022
Western Connecticut Planning Region,623690,Planning Region,09190,DPH,NA,Population Estimate,2022
Weston,10354,Town,0919083430,DPH,NA,Population Estimate,2022
Westport,27427,Town,0919083500,DPH,NA,Population Estimate,2022
Wethersfield,27129,Town,0911084900,DPH,NA,Population Estimate,2022
Willington,5544,Town,0911085950,DPH,NA,Population Estimate,2022
Wilton,18457,Town,0919086370,DPH,NA,Population Estimate,2022
Winchester,10240,Town,0916086440,DPH,NA,Population Estimate,2022
Windham,24399,Town,0918086790,DPH,NA,Population Estimate,2022
Windsor,29453,Town,0911087000,DPH,NA,Population Estimate,2022
Windsor Locks,12537,Town,0911087070,DPH,NA,Population Estimate,2022
Wolcott,16190,Town,0914087560,DPH,NA,Population Estimate,2022
Woodbridge,9051,Town,0917087700,DPH,NA,Population Estimate,2022
Woodbury,9802,Town,0914087910,DPH,NA,Population Estimate,2022
Woodstock,8312,Town,0915088190,DPH,NA,Population Estimate,2022
Andover,3133,Town,0911001080,DPH,NA,Population Estimate,2021
Avon,18848,Town,0911002060,DPH,NA,Population Estimate,2021
Berlin,20113,Town,0911004300,DPH,NA,Population Estimate,2021
Bloomfield,21480,Town,0911005910,DPH,NA,Population Estimate,2021
Bolton,4819,Town,0911006260,DPH,NA,Population Estimate,2021
Canton,10083,Town,0911012270,DPH,NA,Population Estimate,2021
Columbia,5246,Town,0911016400,DPH,NA,Population Estimate,2021
Coventry,12205,Town,0911017800,DPH,NA,Population Estimate,2021
East Granby,5180,Town,0911022070,DPH,NA,Population Estimate,2021
East Hartford,50731,Town,0911022630,DPH,NA,Population Estimate,2021
East Windsor,11161,Town,0911024800,DPH,NA,Population Estimate,2021
Ellington,16630,Town,0911025360,DPH,NA,Population Estimate,2021
Enfield,42031,Town,0911025990,DPH,NA,Population Estimate,2021
Farmington,26645,Town,0911027600,DPH,NA,Population Estimate,2021
Glastonbury,35054,Town,0911031240,DPH,NA,Population Estimate,2021
Granby,10953,Town,0911032640,DPH,NA,Population Estimate,2021
Hartford,120576,Town,0911037070,DPH,NA,Population Estimate,2021
Hebron,9066,Town,0911037910,DPH,NA,Population Estimate,2021
Manchester,59426,Town,0911044700,DPH,NA,Population Estimate,2021
Mansfield,26357,Town,0911044910,DPH,NA,Population Estimate,2021
Marlborough,6093,Town,0911045820,DPH,NA,Population Estimate,2021
New Britain,73841,Town,0911050440,DPH,NA,Population Estimate,2021
Newington,30365,Town,0911052140,DPH,NA,Population Estimate,2021
Plainville,17445,Town,0911060120,DPH,NA,Population Estimate,2021
Rocky Hill,20746,Town,0911065370,DPH,NA,Population Estimate,2021
Simsbury,24807,Town,0911068940,DPH,NA,Population Estimate,2021
Somers,10279,Town,0911069220,DPH,NA,Population Estimate,2021
Southington,43500,Town,0911070550,DPH,NA,Population Estimate,2021
South Windsor,26767,Town,0911071390,DPH,NA,Population Estimate,2021
Stafford,11412,Town,0911072090,DPH,NA,Population Estimate,2021
Suffield,15862,Town,0911074540,DPH,NA,Population Estimate,2021
Tolland,14511,Town,0911076290,DPH,NA,Population Estimate,2021
Vernon,30326,Town,0911078250,DPH,NA,Population Estimate,2021
West Hartford,63973,Town,0911082590,DPH,NA,Population Estimate,2021
Wethersfield,27124,Town,0911084900,DPH,NA,Population Estimate,2021
Willington,5528,Town,0911085950,DPH,NA,Population Estimate,2021
Windsor,29376,Town,0911087000,DPH,NA,Population Estimate,2021
Windsor Locks,12531,Town,0911087070,DPH,NA,Population Estimate,2021
Bridgeport,148333,Town,0912008070,DPH,NA,Population Estimate,2021
Easton,7594,Town,0912023890,DPH,NA,Population Estimate,2021
Fairfield,61949,Town,0912026620,DPH,NA,Population Estimate,2021
Monroe,18764,Town,0912048620,DPH,NA,Population Estimate,2021
Stratford,52268,Town,0912074190,DPH,NA,Population Estimate,2021
Trumbull,36950,Town,0912077200,DPH,NA,Population Estimate,2021
Chester,3752,Town,0913014300,DPH,NA,Population Estimate,2021
Clinton,13400,Town,0913015350,DPH,NA,Population Estimate,2021
Cromwell,14302,Town,0913018080,DPH,NA,Population Estimate,2021
Deep River,4462,Town,0913019130,DPH,NA,Population Estimate,2021
Durham,7231,Town,0913020810,DPH,NA,Population Estimate,2021
East Haddam,8965,Town,0913022280,DPH,NA,Population Estimate,2021
East Hampton,12874,Town,0913022490,DPH,NA,Population Estimate,2021
Essex,6759,Town,0913026270,DPH,NA,Population Estimate,2021
Haddam,8529,Town,0913035230,DPH,NA,Population Estimate,2021
Killingworth,6268,Town,0913040710,DPH,NA,Population Estimate,2021
Lyme,2344,Town,0913044210,DPH,NA,Population Estimate,2021
Middlefield,4274,Town,0913047080,DPH,NA,Population Estimate,2021
Middletown,47108,Town,0913047360,DPH,NA,Population Estimate,2021
Old Lyme,7577,Town,0913057040,DPH,NA,Population Estimate,2021
Old Saybrook,10563,Town,0913057320,DPH,NA,Population Estimate,2021
Portland,9462,Town,0913061800,DPH,NA,Population Estimate,2021
Westbrook,6810,Town,0913081680,DPH,NA,Population Estimate,2021
Ansonia,18815,Town,0914001220,DPH,NA,Population Estimate,2021
Beacon Falls,6033,Town,0914003250,DPH,NA,Population Estimate,2021
Bethlehem,3386,Town,0914004930,DPH,NA,Population Estimate,2021
Bristol,60661,Town,0914008490,DPH,NA,Population Estimate,2021
Cheshire,28628,Town,0914014160,DPH,NA,Population Estimate,2021
Derby,12274,Town,0914019550,DPH,NA,Population Estimate,2021
Middlebury,7684,Town,0914046940,DPH,NA,Population Estimate,2021
Naugatuck,31433,Town,0914049950,DPH,NA,Population Estimate,2021
Oxford,12768,Town,0914058300,DPH,NA,Population Estimate,2021
Plymouth,11659,Town,0914060750,DPH,NA,Population Estimate,2021
Prospect,9344,Town,0914062290,DPH,NA,Population Estimate,2021
Seymour,16679,Town,0914067610,DPH,NA,Population Estimate,2021
Shelton,41474,Town,0914068170,DPH,NA,Population Estimate,2021
Southbury,19796,Town,0914069640,DPH,NA,Population Estimate,2021
Thomaston,7453,Town,0914075730,DPH,NA,Population Estimate,2021
Waterbury,113811,Town,0914080070,DPH,NA,Population Estimate,2021
Watertown,22110,Town,0914080490,DPH,NA,Population Estimate,2021
Wolcott,16160,Town,0914087560,DPH,NA,Population Estimate,2021
Woodbury,9761,Town,0914087910,DPH,NA,Population Estimate,2021
Ashford,4186,Town,0915001430,DPH,NA,Population Estimate,2021
Brooklyn,8488,Town,0915009190,DPH,NA,Population Estimate,2021
Canterbury,5060,Town,0915012130,DPH,NA,Population Estimate,2021
Chaplin,2143,Town,0915013810,DPH,NA,Population Estimate,2021
Eastford,1660,Town,0915021860,DPH,NA,Population Estimate,2021
Hampton,1728,Town,0915036000,DPH,NA,Population Estimate,2021
Killingly,17742,Town,0915040500,DPH,NA,Population Estimate,2021
Plainfield,14959,Town,0915059980,DPH,NA,Population Estimate,2021
Pomfret,4271,Town,0915061030,DPH,NA,Population Estimate,2021
Putnam,9227,Town,0915062710,DPH,NA,Population Estimate,2021
Scotland,1568,Town,0915067400,DPH,NA,Population Estimate,2021
Sterling,3577,Town,0915073420,DPH,NA,Population Estimate,2021
Thompson,9226,Town,0915075870,DPH,NA,Population Estimate,2021
Union,781,Town,0915077830,DPH,NA,Population Estimate,2021
Voluntown,2554,Town,0915078600,DPH,NA,Population Estimate,2021
Woodstock,8221,Town,0915088190,DPH,NA,Population Estimate,2021
Barkhamsted,3647,Town,0916002760,DPH,NA,Population Estimate,2021
Burlington,9591,Town,0916010100,DPH,NA,Population Estimate,2021
Canaan,1078,Town,0916010940,DPH,NA,Population Estimate,2021
Colebrook,1357,Town,0916016050,DPH,NA,Population Estimate,2021
Cornwall,1571,Town,0916017240,DPH,NA,Population Estimate,2021
Goshen,3165,Town,0916032290,DPH,NA,Population Estimate,2021
Hartland,1891,Town,0916037140,DPH,NA,Population Estimate,2021
Harwinton,5508,Town,0916037280,DPH,NA,Population Estimate,2021
Kent,2984,Town,0916040290,DPH,NA,Population Estimate,2021
Litchfield,8170,Town,0916043370,DPH,NA,Population Estimate,2021
Morris,2259,Town,0916049460,DPH,NA,Population Estimate,2021
New Hartford,6668,Town,0916051350,DPH,NA,Population Estimate,2021
Norfolk,1587,Town,0916053470,DPH,NA,Population Estimate,2021
North Canaan,3185,Town,0916054030,DPH,NA,Population Estimate,2021
Roxbury,2269,Town,0916065930,DPH,NA,Population Estimate,2021
Salisbury,4112,Town,0916066420,DPH,NA,Population Estimate,2021
Sharon,2675,Town,0916067960,DPH,NA,Population Estimate,2021
Torrington,35357,Town,0916076570,DPH,NA,Population Estimate,2021
Warren,1349,Town,0916079510,DPH,NA,Population Estimate,2021
Washington,3633,Town,0916079720,DPH,NA,Population Estimate,2021
Winchester,10217,Town,0916086440,DPH,NA,Population Estimate,2021
Bethany,5288,Town,0917004580,DPH,NA,Population Estimate,2021
Branford,28176,Town,0917007310,DPH,NA,Population Estimate,2021
East Haven,27804,Town,0917022910,DPH,NA,Population Estimate,2021
Guilford,22031,Town,0917034950,DPH,NA,Population Estimate,2021
Hamden,60923,Town,0917035650,DPH,NA,Population Estimate,2021
Madison,17619,Town,0917044560,DPH,NA,Population Estimate,2021
Meriden,60517,Town,0917046520,DPH,NA,Population Estimate,2021
Milford,52390,Town,0917047535,DPH,NA,Population Estimate,2021
New Haven,135081,Town,0917052070,DPH,NA,Population Estimate,2021
North Branford,13498,Town,0917053890,DPH,NA,Population Estimate,2021
North Haven,24169,Town,0917054870,DPH,NA,Population Estimate,2021
Orange,14246,Town,0917057600,DPH,NA,Population Estimate,2021
Wallingford,44194,Town,0917078740,DPH,NA,Population Estimate,2021
West Haven,55294,Town,0917082870,DPH,NA,Population Estimate,2021
Woodbridge,9045,Town,0917087700,DPH,NA,Population Estimate,2021
Bozrah,2417,Town,0918006820,DPH,NA,Population Estimate,2021
Colchester,15501,Town,0918015910,DPH,NA,Population Estimate,2021
East Lyme,18849,Town,0918023400,DPH,NA,Population Estimate,2021
Franklin,1862,Town,0918029910,DPH,NA,Population Estimate,2021
Griswold,11407,Town,0918033900,DPH,NA,Population Estimate,2021
Groton,38456,Town,0918034250,DPH,NA,Population Estimate,2021
Lebanon,7108,Town,0918042390,DPH,NA,Population Estimate,2021
Ledyard,15336,Town,0918042600,DPH,NA,Population Estimate,2021
Lisbon,4198,Town,0918043230,DPH,NA,Population Estimate,2021
Montville,18478,Town,0918048900,DPH,NA,Population Estimate,2021
New London,27635,Town,0918052350,DPH,NA,Population Estimate,2021
North Stonington,5137,Town,0918055500,DPH,NA,Population Estimate,2021
Norwich,40014,Town,0918056270,DPH,NA,Population Estimate,2021
Preston,4802,Town,0918062150,DPH,NA,Population Estimate,2021
Salem,4200,Town,0918066210,DPH,NA,Population Estimate,2021
Sprague,2950,Town,0918071670,DPH,NA,Population Estimate,2021
Stonington,18427,Town,0918073770,DPH,NA,Population Estimate,2021
Waterford,19553,Town,0918080280,DPH,NA,Population Estimate,2021
Windham,24362,Town,0918086790,DPH,NA,Population Estimate,2021
Bethel,20537,Town,0919004720,DPH,NA,Population Estimate,2021
Bridgewater,1658,Town,0919008210,DPH,NA,Population Estimate,2021
Brookfield,17482,Town,0919008980,DPH,NA,Population Estimate,2021
Danbury,86759,Town,0919018500,DPH,NA,Population Estimate,2021
Darien,21500,Town,0919018850,DPH,NA,Population Estimate,2021
Greenwich,63514,Town,0919033620,DPH,NA,Population Estimate,2021
New Canaan,20732,Town,0919050580,DPH,NA,Population Estimate,2021
New Fairfield,13545,Town,0919050860,DPH,NA,Population Estimate,2021
New Milford,28182,Town,0919052630,DPH,NA,Population Estimate,2021
Newtown,27522,Town,0919052980,DPH,NA,Population Estimate,2021
Norwalk,91194,Town,0919056060,DPH,NA,Population Estimate,2021
Redding,8735,Town,0919063480,DPH,NA,Population Estimate,2021
Ridgefield,25011,Town,0919063970,DPH,NA,Population Estimate,2021
Sherman,3521,Town,0919068310,DPH,NA,Population Estimate,2021
Stamford,136309,Town,0919073070,DPH,NA,Population Estimate,2021
Weston,10336,Town,0919083430,DPH,NA,Population Estimate,2021
Westport,27279,Town,0919083500,DPH,NA,Population Estimate,2021
Wilton,18460,Town,0919086370,DPH,NA,Population Estimate,2021
Capitol Planning Region,974223,Planning Region,09110,DPH,NA,Population Estimate,2021
Greater Bridgeport Planning Region,325858,Planning Region,09120,DPH,NA,Population Estimate,2021
Lower Connecticut River Valley Planning Region,174680,Planning Region,09130,DPH,NA,Population Estimate,2021
Naugatuck Valley Planning Region,449929,Planning Region,09140,DPH,NA,Population Estimate,2021
Northeastern Connecticut Planning Region,95391,Planning Region,09150,DPH,NA,Population Estimate,2021
Northwest Hills Planning Region,112273,Planning Region,09160,DPH,NA,Population Estimate,2021
South Central Connecticut Planning Region,570275,Planning Region,09170,DPH,NA,Population Estimate,2021
Southeastern Connecticut Planning Region,280692,Planning Region,09180,DPH,NA,Population Estimate,2021
Western Connecticut Planning Region,622276,Planning Region,09190,DPH,NA,Population Estimate,2021
Connecticut,3605597,State,09,DPH,NA,Population Estimate,2021
Andover,3149,Town,0911001080,DPH,NA,Population Estimate,2020
Avon,18918,Town,0911002060,DPH,NA,Population Estimate,2020
Berlin,20154,Town,0911004300,DPH,NA,Population Estimate,2020
Bloomfield,21460,Town,0911005910,DPH,NA,Population Estimate,2020
Bolton,4868,Town,0911006260,DPH,NA,Population Estimate,2020
Canton,10125,Town,0911012270,DPH,NA,Population Estimate,2020
Columbia,5263,Town,0911016400,DPH,NA,Population Estimate,2020
Coventry,12238,Town,0911017800,DPH,NA,Population Estimate,2020
East Granby,5218,Town,0911022070,DPH,NA,Population Estimate,2020
East Hartford,51016,Town,0911022630,DPH,NA,Population Estimate,2020
East Windsor,11167,Town,0911024800,DPH,NA,Population Estimate,2020
Ellington,16428,Town,0911025360,DPH,NA,Population Estimate,2020
Enfield,42128,Town,0911025990,DPH,NA,Population Estimate,2020
Farmington,26673,Town,0911027600,DPH,NA,Population Estimate,2020
Glastonbury,35108,Town,0911031240,DPH,NA,Population Estimate,2020
Granby,10891,Town,0911032640,DPH,NA,Population Estimate,2020
Hartford,121026,Town,0911037070,DPH,NA,Population Estimate,2020
Hebron,9102,Town,0911037910,DPH,NA,Population Estimate,2020
Manchester,59693,Town,0911044700,DPH,NA,Population Estimate,2020
Mansfield,25883,Town,0911044910,DPH,NA,Population Estimate,2020
Marlborough,6127,Town,0911045820,DPH,NA,Population Estimate,2020
New Britain,74125,Town,0911050440,DPH,NA,Population Estimate,2020
Newington,30464,Town,0911052140,DPH,NA,Population Estimate,2020
Plainville,17516,Town,0911060120,DPH,NA,Population Estimate,2020
Rocky Hill,20780,Town,0911065370,DPH,NA,Population Estimate,2020
Simsbury,24516,Town,0911068940,DPH,NA,Population Estimate,2020
Somers,10254,Town,0911069220,DPH,NA,Population Estimate,2020
Southington,43447,Town,0911070550,DPH,NA,Population Estimate,2020
South Windsor,26903,Town,0911071390,DPH,NA,Population Estimate,2020
Stafford,11460,Town,0911072090,DPH,NA,Population Estimate,2020
Suffield,15725,Town,0911074540,DPH,NA,Population Estimate,2020
Tolland,14552,Town,0911076290,DPH,NA,Population Estimate,2020
Vernon,30218,Town,0911078250,DPH,NA,Population Estimate,2020
West Hartford,64019,Town,0911082590,DPH,NA,Population Estimate,2020
Wethersfield,27272,Town,0911084900,DPH,NA,Population Estimate,2020
Willington,5568,Town,0911085950,DPH,NA,Population Estimate,2020
Windsor,29413,Town,0911087000,DPH,NA,Population Estimate,2020
Windsor Locks,12592,Town,0911087070,DPH,NA,Population Estimate,2020
Bridgeport,148698,Town,0912008070,DPH,NA,Population Estimate,2020
Easton,7603,Town,0912023890,DPH,NA,Population Estimate,2020
Fairfield,61472,Town,0912026620,DPH,NA,Population Estimate,2020
Monroe,18808,Town,0912048620,DPH,NA,Population Estimate,2020
Stratford,52265,Town,0912074190,DPH,NA,Population Estimate,2020
Trumbull,36742,Town,0912077200,DPH,NA,Population Estimate,2020
Chester,3744,Town,0913014300,DPH,NA,Population Estimate,2020
Clinton,13174,Town,0913015350,DPH,NA,Population Estimate,2020
Cromwell,14203,Town,0913018080,DPH,NA,Population Estimate,2020
Deep River,4412,Town,0913019130,DPH,NA,Population Estimate,2020
Durham,7151,Town,0913020810,DPH,NA,Population Estimate,2020
East Haddam,8872,Town,0913022280,DPH,NA,Population Estimate,2020
East Hampton,12709,Town,0913022490,DPH,NA,Population Estimate,2020
Essex,6713,Town,0913026270,DPH,NA,Population Estimate,2020
Haddam,8449,Town,0913035230,DPH,NA,Population Estimate,2020
Killingworth,6173,Town,0913040710,DPH,NA,Population Estimate,2020
Lyme,2352,Town,0913044210,DPH,NA,Population Estimate,2020
Middlefield,4217,Town,0913047080,DPH,NA,Population Estimate,2020
Middletown,47676,Town,0913047360,DPH,NA,Population Estimate,2020
Old Lyme,7615,Town,0913057040,DPH,NA,Population Estimate,2020
Old Saybrook,10442,Town,0913057320,DPH,NA,Population Estimate,2020
Portland,9371,Town,0913061800,DPH,NA,Population Estimate,2020
Westbrook,6757,Town,0913081680,DPH,NA,Population Estimate,2020
Ansonia,18902,Town,0914001220,DPH,NA,Population Estimate,2020
Beacon Falls,5993,Town,0914003250,DPH,NA,Population Estimate,2020
Bethlehem,3380,Town,0914004930,DPH,NA,Population Estimate,2020
Bristol,60786,Town,0914008490,DPH,NA,Population Estimate,2020
Cheshire,28728,Town,0914014160,DPH,NA,Population Estimate,2020
Derby,12326,Town,0914019550,DPH,NA,Population Estimate,2020
Middlebury,7577,Town,0914046940,DPH,NA,Population Estimate,2020
Naugatuck,31517,Town,0914049950,DPH,NA,Population Estimate,2020
Oxford,12702,Town,0914058300,DPH,NA,Population Estimate,2020
Plymouth,11668,Town,0914060750,DPH,NA,Population Estimate,2020
Prospect,9403,Town,0914062290,DPH,NA,Population Estimate,2020
Seymour,16707,Town,0914067610,DPH,NA,Population Estimate,2020
Shelton,40756,Town,0914068170,DPH,NA,Population Estimate,2020
Southbury,19786,Town,0914069640,DPH,NA,Population Estimate,2020
Thomaston,7426,Town,0914075730,DPH,NA,Population Estimate,2020
Waterbury,114426,Town,0914080070,DPH,NA,Population Estimate,2020
Watertown,22083,Town,0914080490,DPH,NA,Population Estimate,2020
Wolcott,16117,Town,0914087560,DPH,NA,Population Estimate,2020
Woodbury,9711,Town,0914087910,DPH,NA,Population Estimate,2020
Ashford,4185,Town,0915001430,DPH,NA,Population Estimate,2020
Brooklyn,8451,Town,0915009190,DPH,NA,Population Estimate,2020
Canterbury,5041,Town,0915012130,DPH,NA,Population Estimate,2020
Chaplin,2141,Town,0915013810,DPH,NA,Population Estimate,2020
Eastford,1650,Town,0915021860,DPH,NA,Population Estimate,2020
Hampton,1729,Town,0915036000,DPH,NA,Population Estimate,2020
Killingly,17738,Town,0915040500,DPH,NA,Population Estimate,2020
Plainfield,14984,Town,0915059980,DPH,NA,Population Estimate,2020
Pomfret,4270,Town,0915061030,DPH,NA,Population Estimate,2020
Putnam,9219,Town,0915062710,DPH,NA,Population Estimate,2020
Scotland,1576,Town,0915067400,DPH,NA,Population Estimate,2020
Sterling,3581,Town,0915073420,DPH,NA,Population Estimate,2020
Thompson,9185,Town,0915075870,DPH,NA,Population Estimate,2020
Union,784,Town,0915077830,DPH,NA,Population Estimate,2020
Voluntown,2564,Town,0915078600,DPH,NA,Population Estimate,2020
Woodstock,8228,Town,0915088190,DPH,NA,Population Estimate,2020
Barkhamsted,3650,Town,0916002760,DPH,NA,Population Estimate,2020
Burlington,9520,Town,0916010100,DPH,NA,Population Estimate,2020
Canaan,1081,Town,0916010940,DPH,NA,Population Estimate,2020
Colebrook,1360,Town,0916016050,DPH,NA,Population Estimate,2020
Cornwall,1566,Town,0916017240,DPH,NA,Population Estimate,2020
Goshen,3148,Town,0916032290,DPH,NA,Population Estimate,2020
Hartland,1900,Town,0916037140,DPH,NA,Population Estimate,2020
Harwinton,5470,Town,0916037280,DPH,NA,Population Estimate,2020
Kent,3014,Town,0916040290,DPH,NA,Population Estimate,2020
Litchfield,8165,Town,0916043370,DPH,NA,Population Estimate,2020
Morris,2250,Town,0916049460,DPH,NA,Population Estimate,2020
New Hartford,6652,Town,0916051350,DPH,NA,Population Estimate,2020
Norfolk,1585,Town,0916053470,DPH,NA,Population Estimate,2020
North Canaan,3198,Town,0916054030,DPH,NA,Population Estimate,2020
Roxbury,2260,Town,0916065930,DPH,NA,Population Estimate,2020
Salisbury,4191,Town,0916066420,DPH,NA,Population Estimate,2020
Sharon,2675,Town,0916067960,DPH,NA,Population Estimate,2020
Torrington,35422,Town,0916076570,DPH,NA,Population Estimate,2020
Warren,1348,Town,0916079510,DPH,NA,Population Estimate,2020
Washington,3644,Town,0916079720,DPH,NA,Population Estimate,2020
Winchester,10226,Town,0916086440,DPH,NA,Population Estimate,2020
Bethany,5294,Town,0917004580,DPH,NA,Population Estimate,2020
Branford,28220,Town,0917007310,DPH,NA,Population Estimate,2020
East Haven,27874,Town,0917022910,DPH,NA,Population Estimate,2020
Guilford,22045,Town,0917034950,DPH,NA,Population Estimate,2020
Hamden,61065,Town,0917035650,DPH,NA,Population Estimate,2020
Madison,17658,Town,0917044560,DPH,NA,Population Estimate,2020
Meriden,60794,Town,0917046520,DPH,NA,Population Estimate,2020
Milford,51954,Town,0917047535,DPH,NA,Population Estimate,2020
New Haven,134052,Town,0917052070,DPH,NA,Population Estimate,2020
North Branford,13535,Town,0917053890,DPH,NA,Population Estimate,2020
North Haven,24237,Town,0917054870,DPH,NA,Population Estimate,2020
Orange,14255,Town,0917057600,DPH,NA,Population Estimate,2020
Wallingford,44317,Town,0917078740,DPH,NA,Population Estimate,2020
West Haven,55536,Town,0917082870,DPH,NA,Population Estimate,2020
Woodbridge,9074,Town,0917087700,DPH,NA,Population Estimate,2020
Bozrah,2422,Town,0918006820,DPH,NA,Population Estimate,2020
Colchester,15548,Town,0918015910,DPH,NA,Population Estimate,2020
East Lyme,18645,Town,0918023400,DPH,NA,Population Estimate,2020
Franklin,1863,Town,0918029910,DPH,NA,Population Estimate,2020
Griswold,11411,Town,0918033900,DPH,NA,Population Estimate,2020
Groton,38445,Town,0918034250,DPH,NA,Population Estimate,2020
Lebanon,7142,Town,0918042390,DPH,NA,Population Estimate,2020
Ledyard,15420,Town,0918042600,DPH,NA,Population Estimate,2020
Lisbon,4191,Town,0918043230,DPH,NA,Population Estimate,2020
Montville,18377,Town,0918048900,DPH,NA,Population Estimate,2020
New London,27376,Town,0918052350,DPH,NA,Population Estimate,2020
North Stonington,5152,Town,0918055500,DPH,NA,Population Estimate,2020
Norwich,40152,Town,0918056270,DPH,NA,Population Estimate,2020
Preston,4784,Town,0918062150,DPH,NA,Population Estimate,2020
Salem,4214,Town,0918066210,DPH,NA,Population Estimate,2020
Sprague,2973,Town,0918071670,DPH,NA,Population Estimate,2020
Stonington,18288,Town,0918073770,DPH,NA,Population Estimate,2020
Waterford,19516,Town,0918080280,DPH,NA,Population Estimate,2020
Windham,24426,Town,0918086790,DPH,NA,Population Estimate,2020
Bethel,20331,Town,0919004720,DPH,NA,Population Estimate,2020
Bridgewater,1659,Town,0919008210,DPH,NA,Population Estimate,2020
Brookfield,17517,Town,0919008980,DPH,NA,Population Estimate,2020
Danbury,86570,Town,0919018500,DPH,NA,Population Estimate,2020
Darien,21527,Town,0919018850,DPH,NA,Population Estimate,2020
Greenwich,63502,Town,0919033620,DPH,NA,Population Estimate,2020
New Canaan,20605,Town,0919050580,DPH,NA,Population Estimate,2020
New Fairfield,13570,Town,0919050860,DPH,NA,Population Estimate,2020
New Milford,28106,Town,0919052630,DPH,NA,Population Estimate,2020
Newtown,27154,Town,0919052980,DPH,NA,Population Estimate,2020
Norwalk,91194,Town,0919056060,DPH,NA,Population Estimate,2020
Redding,8742,Town,0919063480,DPH,NA,Population Estimate,2020
Ridgefield,25009,Town,0919063970,DPH,NA,Population Estimate,2020
Sherman,3521,Town,0919068310,DPH,NA,Population Estimate,2020
Stamford,135511,Town,0919073070,DPH,NA,Population Estimate,2020
Weston,10360,Town,0919083430,DPH,NA,Population Estimate,2020
Westport,27128,Town,0919083500,DPH,NA,Population Estimate,2020
Wilton,18465,Town,0919086370,DPH,NA,Population Estimate,2020
Capitol Planning Region,975459,Planning Region,09110,DPH,NA,Population Estimate,2020
Greater Bridgeport Planning Region,325588,Planning Region,09120,DPH,NA,Population Estimate,2020
Lower Connecticut River Valley Planning Region,174030,Planning Region,09130,DPH,NA,Population Estimate,2020
Naugatuck Valley Planning Region,449994,Planning Region,09140,DPH,NA,Population Estimate,2020
Northeastern Connecticut Planning Region,95326,Planning Region,09150,DPH,NA,Population Estimate,2020
Northwest Hills Planning Region,112325,Planning Region,09160,DPH,NA,Population Estimate,2020
South Central Connecticut Planning Region,569910,Planning Region,09170,DPH,NA,Population Estimate,2020
Southeastern Connecticut Planning Region,280345,Planning Region,09180,DPH,NA,Population Estimate,2020
Western Connecticut Planning Region,620471,Planning Region,09190,DPH,NA,Population Estimate,2020
Connecticut,3603448,State,09,DPH,NA,Population Estimate,2020
Andover,3,Town,0911001080,Building Permits Survey,NA,New Housing Units,2020
Ansonia,1,Town,0914001220,Building Permits Survey,NA,New Housing Units,2020
Ashford,4,Town,0915001430,Building Permits Survey,NA,New Housing Units,2020
Avon,9,Town,0911002060,Building Permits Survey,NA,New Housing Units,2020
Barkhamsted,1,Town,0916002760,Building Permits Survey,NA,New Housing Units,2020
Beacon Falls,22,Town,0914003250,Building Permits Survey,NA,New Housing Units,2020
Berlin,29,Town,0911004300,Building Permits Survey,NA,New Housing Units,2020
Bethany,6,Town,0917004580,Building Permits Survey,NA,New Housing Units,2020
Bethel,83,Town,0919004720,Building Permits Survey,NA,New Housing Units,2020
Bethlehem,4,Town,0914004930,Building Permits Survey,NA,New Housing Units,2020
Bloomfield,25,Town,0911005910,Building Permits Survey,NA,New Housing Units,2020
Bolton,0,Town,0911006260,Building Permits Survey,NA,New Housing Units,2020
Bozrah,2,Town,0918006820,Building Permits Survey,NA,New Housing Units,2020
Branford,31,Town,0917007310,Building Permits Survey,NA,New Housing Units,2020
Bridgeport,71,Town,0912008070,Building Permits Survey,NA,New Housing Units,2020
Bridgewater,1,Town,0919008210,Building Permits Survey,NA,New Housing Units,2020
Bristol,94,Town,0914008490,Building Permits Survey,NA,New Housing Units,2020
Brookfield,8,Town,0919008980,Building Permits Survey,NA,New Housing Units,2020
Brooklyn,23,Town,0915009190,Building Permits Survey,NA,New Housing Units,2020
Burlington,48,Town,0916010100,Building Permits Survey,NA,New Housing Units,2020
Canaan,1,Town,0916010940,Building Permits Survey,NA,New Housing Units,2020
Canterbury,12,Town,0915012130,Building Permits Survey,NA,New Housing Units,2020
Canton,8,Town,0911012270,Building Permits Survey,NA,New Housing Units,2020
Chaplin,0,Town,0915013810,Building Permits Survey,NA,New Housing Units,2020
Cheshire,31,Town,0914014160,Building Permits Survey,NA,New Housing Units,2020
Chester,0,Town,0913014300,Building Permits Survey,NA,New Housing Units,2020
Clinton,64,Town,0913015350,Building Permits Survey,NA,New Housing Units,2020
Colchester,20,Town,0918015910,Building Permits Survey,NA,New Housing Units,2020
Colebrook,1,Town,0916016050,Building Permits Survey,NA,New Housing Units,2020
Columbia,2,Town,0911016400,Building Permits Survey,NA,New Housing Units,2020
Cornwall,0,Town,0916017240,Building Permits Survey,NA,New Housing Units,2020
Coventry,24,Town,0911017800,Building Permits Survey,NA,New Housing Units,2020
Cromwell,11,Town,0913018080,Building Permits Survey,NA,New Housing Units,2020
Danbury,188,Town,0919018500,Building Permits Survey,NA,New Housing Units,2020
Darien,22,Town,0919018850,Building Permits Survey,NA,New Housing Units,2020
Deep River,6,Town,0913019130,Building Permits Survey,NA,New Housing Units,2020
Derby,6,Town,0914019550,Building Permits Survey,NA,New Housing Units,2020
Durham,5,Town,0913020810,Building Permits Survey,NA,New Housing Units,2020
East Granby,1,Town,0911022070,Building Permits Survey,NA,New Housing Units,2020
East Haddam,12,Town,0913022280,Building Permits Survey,NA,New Housing Units,2020
East Hampton,17,Town,0913022490,Building Permits Survey,NA,New Housing Units,2020
East Hartford,8,Town,0911022630,Building Permits Survey,NA,New Housing Units,2020
East Haven,8,Town,0917022910,Building Permits Survey,NA,New Housing Units,2020
East Lyme,84,Town,0918023400,Building Permits Survey,NA,New Housing Units,2020
East Windsor,12,Town,0911024800,Building Permits Survey,NA,New Housing Units,2020
Eastford,7,Town,0915021860,Building Permits Survey,NA,New Housing Units,2020
Easton,9,Town,0912023890,Building Permits Survey,NA,New Housing Units,2020
Ellington,117,Town,0911025360,Building Permits Survey,NA,New Housing Units,2020
Enfield,9,Town,0911025990,Building Permits Survey,NA,New Housing Units,2020
Essex,9,Town,0913026270,Building Permits Survey,NA,New Housing Units,2020
Fairfield,144,Town,0912026620,Building Permits Survey,NA,New Housing Units,2020
Farmington,29,Town,0911027600,Building Permits Survey,NA,New Housing Units,2020
Franklin,5,Town,0918029910,Building Permits Survey,NA,New Housing Units,2020
Glastonbury,41,Town,0911031240,Building Permits Survey,NA,New Housing Units,2020
Goshen,6,Town,0916032290,Building Permits Survey,NA,New Housing Units,2020
Granby,40,Town,0911032640,Building Permits Survey,NA,New Housing Units,2020
Greenwich,67,Town,0919033620,Building Permits Survey,NA,New Housing Units,2020
Griswold,17,Town,0918033900,Building Permits Survey,NA,New Housing Units,2020
Groton,12,Town,0918034250,Building Permits Survey,NA,New Housing Units,2020
Guilford,30,Town,0917034950,Building Permits Survey,NA,New Housing Units,2020
Haddam,8,Town,0913035230,Building Permits Survey,NA,New Housing Units,2020
Hamden,49,Town,0917035650,Building Permits Survey,NA,New Housing Units,2020
Hampton,1,Town,0915036000,Building Permits Survey,NA,New Housing Units,2020
Hartford,10,Town,0911037070,Building Permits Survey,NA,New Housing Units,2020
Hartland,1,Town,0916037140,Building Permits Survey,NA,New Housing Units,2020
Harwinton,13,Town,0916037280,Building Permits Survey,NA,New Housing Units,2020
Hebron,15,Town,0911037910,Building Permits Survey,NA,New Housing Units,2020
Kent,8,Town,0916040290,Building Permits Survey,NA,New Housing Units,2020
Killingly,18,Town,0915040500,Building Permits Survey,NA,New Housing Units,2020
Killingworth,13,Town,0913040710,Building Permits Survey,NA,New Housing Units,2020
Lebanon,6,Town,0918042390,Building Permits Survey,NA,New Housing Units,2020
Ledyard,11,Town,0918042600,Building Permits Survey,NA,New Housing Units,2020
Lisbon,12,Town,0918043230,Building Permits Survey,NA,New Housing Units,2020
Litchfield,26,Town,0916043370,Building Permits Survey,NA,New Housing Units,2020
Lyme,5,Town,0913044210,Building Permits Survey,NA,New Housing Units,2020
Madison,11,Town,0917044560,Building Permits Survey,NA,New Housing Units,2020
Manchester,32,Town,0911044700,Building Permits Survey,NA,New Housing Units,2020
Mansfield,2,Town,0911044910,Building Permits Survey,NA,New Housing Units,2020
Marlborough,0,Town,0911045820,Building Permits Survey,NA,New Housing Units,2020
Meriden,10,Town,0917046520,Building Permits Survey,NA,New Housing Units,2020
Middlebury,54,Town,0914046940,Building Permits Survey,NA,New Housing Units,2020
Middlefield,6,Town,0913047080,Building Permits Survey,NA,New Housing Units,2020
Middletown,20,Town,0913047360,Building Permits Survey,NA,New Housing Units,2020
Milford,161,Town,0917047535,Building Permits Survey,NA,New Housing Units,2020
Monroe,7,Town,0912048620,Building Permits Survey,NA,New Housing Units,2020
Montville,23,Town,0918048900,Building Permits Survey,NA,New Housing Units,2020
Morris,4,Town,0916049460,Building Permits Survey,NA,New Housing Units,2020
Naugatuck,14,Town,0914049950,Building Permits Survey,NA,New Housing Units,2020
New Britain,12,Town,0911050440,Building Permits Survey,NA,New Housing Units,2020
New Canaan,76,Town,0919050580,Building Permits Survey,NA,New Housing Units,2020
New Fairfield,9,Town,0919050860,Building Permits Survey,NA,New Housing Units,2020
New Hartford,9,Town,0916051350,Building Permits Survey,NA,New Housing Units,2020
New Haven,738,Town,0917052070,Building Permits Survey,NA,New Housing Units,2020
New London,37,Town,0918052350,Building Permits Survey,NA,New Housing Units,2020
New Milford,53,Town,0919052630,Building Permits Survey,NA,New Housing Units,2020
Newington,7,Town,0911052140,Building Permits Survey,NA,New Housing Units,2020
Newtown,162,Town,0919052980,Building Permits Survey,NA,New Housing Units,2020
Norfolk,1,Town,0916053470,Building Permits Survey,NA,New Housing Units,2020
North Branford,10,Town,0917053890,Building Permits Survey,NA,New Housing Units,2020
North Canaan,1,Town,0916054030,Building Permits Survey,NA,New Housing Units,2020
North Haven,14,Town,0917054870,Building Permits Survey,NA,New Housing Units,2020
North Stonington,10,Town,0918055500,Building Permits Survey,NA,New Housing Units,2020
Norwalk,121,Town,0919056060,Building Permits Survey,NA,New Housing Units,2020
Norwich,68,Town,0918056270,Building Permits Survey,NA,New Housing Units,2020
Old Lyme,10,Town,0913057040,Building Permits Survey,NA,New Housing Units,2020
Old Saybrook,12,Town,0913057320,Building Permits Survey,NA,New Housing Units,2020
Orange,17,Town,0917057600,Building Permits Survey,NA,New Housing Units,2020
Oxford,45,Town,0914058300,Building Permits Survey,NA,New Housing Units,2020
Plainfield,15,Town,0915059980,Building Permits Survey,NA,New Housing Units,2020
Plainville,13,Town,0911060120,Building Permits Survey,NA,New Housing Units,2020
Plymouth,8,Town,0914060750,Building Permits Survey,NA,New Housing Units,2020
Pomfret,6,Town,0915061030,Building Permits Survey,NA,New Housing Units,2020
Portland,5,Town,0913061800,Building Permits Survey,NA,New Housing Units,2020
Preston,18,Town,0918062150,Building Permits Survey,NA,New Housing Units,2020
Prospect,9,Town,0914062290,Building Permits Survey,NA,New Housing Units,2020
Putnam,14,Town,0915062710,Building Permits Survey,NA,New Housing Units,2020
Redding,1,Town,0919063480,Building Permits Survey,NA,New Housing Units,2020
Ridgefield,20,Town,0919063970,Building Permits Survey,NA,New Housing Units,2020
Rocky Hill,8,Town,0911065370,Building Permits Survey,NA,New Housing Units,2020
Roxbury,6,Town,0916065930,Building Permits Survey,NA,New Housing Units,2020
Salem,8,Town,0918066210,Building Permits Survey,NA,New Housing Units,2020
Salisbury,15,Town,0916066420,Building Permits Survey,NA,New Housing Units,2020
Scotland,0,Town,0915067400,Building Permits Survey,NA,New Housing Units,2020
Seymour,6,Town,0914067610,Building Permits Survey,NA,New Housing Units,2020
Sharon,7,Town,0916067960,Building Permits Survey,NA,New Housing Units,2020
Shelton,316,Town,0914068170,Building Permits Survey,NA,New Housing Units,2020
Sherman,5,Town,0919068310,Building Permits Survey,NA,New Housing Units,2020
Simsbury,172,Town,0911068940,Building Permits Survey,NA,New Housing Units,2020
Somers,7,Town,0911069220,Building Permits Survey,NA,New Housing Units,2020
South Windsor,9,Town,0911071390,Building Permits Survey,NA,New Housing Units,2020
Southbury,12,Town,0914069640,Building Permits Survey,NA,New Housing Units,2020
Southington,91,Town,0911070550,Building Permits Survey,NA,New Housing Units,2020
Sprague,0,Town,0918071670,Building Permits Survey,NA,New Housing Units,2020
Stafford,8,Town,0911072090,Building Permits Survey,NA,New Housing Units,2020
Stamford,312,Town,0919073070,Building Permits Survey,NA,New Housing Units,2020
Sterling,6,Town,0915073420,Building Permits Survey,NA,New Housing Units,2020
Stonington,80,Town,0918073770,Building Permits Survey,NA,New Housing Units,2020
Stratford,39,Town,0912074190,Building Permits Survey,NA,New Housing Units,2020
Suffield,33,Town,0911074540,Building Permits Survey,NA,New Housing Units,2020
Thomaston,4,Town,0914075730,Building Permits Survey,NA,New Housing Units,2020
Thompson,28,Town,0915075870,Building Permits Survey,NA,New Housing Units,2020
Tolland,15,Town,0911076290,Building Permits Survey,NA,New Housing Units,2020
Torrington,6,Town,0916076570,Building Permits Survey,NA,New Housing Units,2020
Trumbull,98,Town,0912077200,Building Permits Survey,NA,New Housing Units,2020
Union,2,Town,0915077830,Building Permits Survey,NA,New Housing Units,2020
Vernon,140,Town,0911078250,Building Permits Survey,NA,New Housing Units,2020
Voluntown,2,Town,0915078600,Building Permits Survey,NA,New Housing Units,2020
Wallingford,24,Town,0917078740,Building Permits Survey,NA,New Housing Units,2020
Warren,2,Town,0916079510,Building Permits Survey,NA,New Housing Units,2020
Washington,7,Town,0916079720,Building Permits Survey,NA,New Housing Units,2020
Waterbury,20,Town,0914080070,Building Permits Survey,NA,New Housing Units,2020
Waterford,20,Town,0918080280,Building Permits Survey,NA,New Housing Units,2020
Watertown,23,Town,0914080490,Building Permits Survey,NA,New Housing Units,2020
West Hartford,79,Town,0911082590,Building Permits Survey,NA,New Housing Units,2020
West Haven,11,Town,0917082870,Building Permits Survey,NA,New Housing Units,2020
Westbrook,25,Town,0913081680,Building Permits Survey,NA,New Housing Units,2020
Weston,8,Town,0919083430,Building Permits Survey,NA,New Housing Units,2020
Westport,88,Town,0919083500,Building Permits Survey,NA,New Housing Units,2020
Wethersfield,4,Town,0911084900,Building Permits Survey,NA,New Housing Units,2020
Willington,1,Town,0911085950,Building Permits Survey,NA,New Housing Units,2020
Wilton,8,Town,0919086370,Building Permits Survey,NA,New Housing Units,2020
Winchester,3,Town,0916086440,Building Permits Survey,NA,New Housing Units,2020
Windham,4,Town,0918086790,Building Permits Survey,NA,New Housing Units,2020
Windsor,22,Town,0911087000,Building Permits Survey,NA,New Housing Units,2020
Windsor Locks,4,Town,0911087070,Building Permits Survey,NA,New Housing Units,2020
Wolcott,30,Town,0914087560,Building Permits Survey,NA,New Housing Units,2020
Woodbridge,3,Town,0917087700,Building Permits Survey,NA,New Housing Units,2020
Woodbury,22,Town,0914087910,Building Permits Survey,NA,New Housing Units,2020
Woodstock,11,Town,0915088190,Building Permits Survey,NA,New Housing Units,2020
Andover,3,Town,0911001080,Building Permits Survey,NA,New Housing Units,2021
Ansonia,1,Town,0914001220,Building Permits Survey,NA,New Housing Units,2021
Ashford,5,Town,0915001430,Building Permits Survey,NA,New Housing Units,2021
Avon,17,Town,0911002060,Building Permits Survey,NA,New Housing Units,2021
Barkhamsted,5,Town,0916002760,Building Permits Survey,NA,New Housing Units,2021
Beacon Falls,23,Town,0914003250,Building Permits Survey,NA,New Housing Units,2021
Berlin,38,Town,0911004300,Building Permits Survey,NA,New Housing Units,2021
Bethany,7,Town,0917004580,Building Permits Survey,NA,New Housing Units,2021
Bethel,79,Town,0919004720,Building Permits Survey,NA,New Housing Units,2021
Bethlehem,4,Town,0914004930,Building Permits Survey,NA,New Housing Units,2021
Bloomfield,46,Town,0911005910,Building Permits Survey,NA,New Housing Units,2021
Bolton,4,Town,0911006260,Building Permits Survey,NA,New Housing Units,2021
Bozrah,1,Town,0918006820,Building Permits Survey,NA,New Housing Units,2021
Branford,48,Town,0917007310,Building Permits Survey,NA,New Housing Units,2021
Bridgeport,62,Town,0912008070,Building Permits Survey,NA,New Housing Units,2021
Bridgewater,1,Town,0919008210,Building Permits Survey,NA,New Housing Units,2021
Bristol,94,Town,0914008490,Building Permits Survey,NA,New Housing Units,2021
Brookfield,35,Town,0919008980,Building Permits Survey,NA,New Housing Units,2021
Brooklyn,16,Town,0915009190,Building Permits Survey,NA,New Housing Units,2021
Burlington,26,Town,0916010100,Building Permits Survey,NA,New Housing Units,2021
Canaan,1,Town,0916010940,Building Permits Survey,NA,New Housing Units,2021
Canterbury,5,Town,0915012130,Building Permits Survey,NA,New Housing Units,2021
Canton,4,Town,0911012270,Building Permits Survey,NA,New Housing Units,2021
Chaplin,0,Town,0915013810,Building Permits Survey,NA,New Housing Units,2021
Cheshire,42,Town,0914014160,Building Permits Survey,NA,New Housing Units,2021
Chester,0,Town,0913014300,Building Permits Survey,NA,New Housing Units,2021
Clinton,16,Town,0913015350,Building Permits Survey,NA,New Housing Units,2021
Colchester,20,Town,0918015910,Building Permits Survey,NA,New Housing Units,2021
Colebrook,3,Town,0916016050,Building Permits Survey,NA,New Housing Units,2021
Columbia,2,Town,0911016400,Building Permits Survey,NA,New Housing Units,2021
Cornwall,1,Town,0916017240,Building Permits Survey,NA,New Housing Units,2021
Coventry,28,Town,0911017800,Building Permits Survey,NA,New Housing Units,2021
Cromwell,13,Town,0913018080,Building Permits Survey,NA,New Housing Units,2021
Danbury,71,Town,0919018500,Building Permits Survey,NA,New Housing Units,2021
Darien,159,Town,0919018850,Building Permits Survey,NA,New Housing Units,2021
Deep River,3,Town,0913019130,Building Permits Survey,NA,New Housing Units,2021
Derby,7,Town,0914019550,Building Permits Survey,NA,New Housing Units,2021
Durham,4,Town,0913020810,Building Permits Survey,NA,New Housing Units,2021
East Granby,15,Town,0911022070,Building Permits Survey,NA,New Housing Units,2021
East Haddam,9,Town,0913022280,Building Permits Survey,NA,New Housing Units,2021
East Hampton,69,Town,0913022490,Building Permits Survey,NA,New Housing Units,2021
East Hartford,1,Town,0911022630,Building Permits Survey,NA,New Housing Units,2021
East Haven,2,Town,0917022910,Building Permits Survey,NA,New Housing Units,2021
East Lyme,50,Town,0918023400,Building Permits Survey,NA,New Housing Units,2021
East Windsor,15,Town,0911024800,Building Permits Survey,NA,New Housing Units,2021
Eastford,4,Town,0915021860,Building Permits Survey,NA,New Housing Units,2021
Easton,11,Town,0912023890,Building Permits Survey,NA,New Housing Units,2021
Ellington,151,Town,0911025360,Building Permits Survey,NA,New Housing Units,2021
Enfield,24,Town,0911025990,Building Permits Survey,NA,New Housing Units,2021
Essex,9,Town,0913026270,Building Permits Survey,NA,New Housing Units,2021
Fairfield,94,Town,0912026620,Building Permits Survey,NA,New Housing Units,2021
Farmington,42,Town,0911027600,Building Permits Survey,NA,New Housing Units,2021
Franklin,7,Town,0918029910,Building Permits Survey,NA,New Housing Units,2021
Glastonbury,45,Town,0911031240,Building Permits Survey,NA,New Housing Units,2021
Goshen,20,Town,0916032290,Building Permits Survey,NA,New Housing Units,2021
Granby,41,Town,0911032640,Building Permits Survey,NA,New Housing Units,2021
Greenwich,116,Town,0919033620,Building Permits Survey,NA,New Housing Units,2021
Griswold,38,Town,0918033900,Building Permits Survey,NA,New Housing Units,2021
Groton,32,Town,0918034250,Building Permits Survey,NA,New Housing Units,2021
Guilford,33,Town,0917034950,Building Permits Survey,NA,New Housing Units,2021
Haddam,72,Town,0913035230,Building Permits Survey,NA,New Housing Units,2021
Hamden,1,Town,0917035650,Building Permits Survey,NA,New Housing Units,2021
Hampton,0,Town,0915036000,Building Permits Survey,NA,New Housing Units,2021
Hartford,11,Town,0911037070,Building Permits Survey,NA,New Housing Units,2021
Hartland,2,Town,0916037140,Building Permits Survey,NA,New Housing Units,2021
Harwinton,19,Town,0916037280,Building Permits Survey,NA,New Housing Units,2021
Hebron,19,Town,0911037910,Building Permits Survey,NA,New Housing Units,2021
Kent,11,Town,0916040290,Building Permits Survey,NA,New Housing Units,2021
Killingly,18,Town,0915040500,Building Permits Survey,NA,New Housing Units,2021
Killingworth,7,Town,0913040710,Building Permits Survey,NA,New Housing Units,2021
Lebanon,9,Town,0918042390,Building Permits Survey,NA,New Housing Units,2021
Ledyard,39,Town,0918042600,Building Permits Survey,NA,New Housing Units,2021
Lisbon,16,Town,0918043230,Building Permits Survey,NA,New Housing Units,2021
Litchfield,13,Town,0916043370,Building Permits Survey,NA,New Housing Units,2021
Lyme,14,Town,0913044210,Building Permits Survey,NA,New Housing Units,2021
Madison,13,Town,0917044560,Building Permits Survey,NA,New Housing Units,2021
Manchester,28,Town,0911044700,Building Permits Survey,NA,New Housing Units,2021
Mansfield,9,Town,0911044910,Building Permits Survey,NA,New Housing Units,2021
Marlborough,6,Town,0911045820,Building Permits Survey,NA,New Housing Units,2021
Meriden,10,Town,0917046520,Building Permits Survey,NA,New Housing Units,2021
Middlebury,35,Town,0914046940,Building Permits Survey,NA,New Housing Units,2021
Middlefield,3,Town,0913047080,Building Permits Survey,NA,New Housing Units,2021
Middletown,22,Town,0913047360,Building Permits Survey,NA,New Housing Units,2021
Milford,199,Town,0917047535,Building Permits Survey,NA,New Housing Units,2021
Monroe,11,Town,0912048620,Building Permits Survey,NA,New Housing Units,2021
Montville,21,Town,0918048900,Building Permits Survey,NA,New Housing Units,2021
Morris,5,Town,0916049460,Building Permits Survey,NA,New Housing Units,2021
Naugatuck,25,Town,0914049950,Building Permits Survey,NA,New Housing Units,2021
New Britain,9,Town,0911050440,Building Permits Survey,NA,New Housing Units,2021
New Canaan,26,Town,0919050580,Building Permits Survey,NA,New Housing Units,2021
New Fairfield,5,Town,0919050860,Building Permits Survey,NA,New Housing Units,2021
New Hartford,6,Town,0916051350,Building Permits Survey,NA,New Housing Units,2021
New Haven,299,Town,0917052070,Building Permits Survey,NA,New Housing Units,2021
New London,45,Town,0918052350,Building Permits Survey,NA,New Housing Units,2021
New Milford,75,Town,0919052630,Building Permits Survey,NA,New Housing Units,2021
Newington,4,Town,0911052140,Building Permits Survey,NA,New Housing Units,2021
Newtown,58,Town,0919052980,Building Permits Survey,NA,New Housing Units,2021
Norfolk,4,Town,0916053470,Building Permits Survey,NA,New Housing Units,2021
North Branford,17,Town,0917053890,Building Permits Survey,NA,New Housing Units,2021
North Canaan,0,Town,0916054030,Building Permits Survey,NA,New Housing Units,2021
North Haven,13,Town,0917054870,Building Permits Survey,NA,New Housing Units,2021
North Stonington,11,Town,0918055500,Building Permits Survey,NA,New Housing Units,2021
Norwalk,149,Town,0919056060,Building Permits Survey,NA,New Housing Units,2021
Norwich,4,Town,0918056270,Building Permits Survey,NA,New Housing Units,2021
Old Lyme,11,Town,0913057040,Building Permits Survey,NA,New Housing Units,2021
Old Saybrook,13,Town,0913057320,Building Permits Survey,NA,New Housing Units,2021
Orange,29,Town,0917057600,Building Permits Survey,NA,New Housing Units,2021
Oxford,39,Town,0914058300,Building Permits Survey,NA,New Housing Units,2021
Plainfield,38,Town,0915059980,Building Permits Survey,NA,New Housing Units,2021
Plainville,15,Town,0911060120,Building Permits Survey,NA,New Housing Units,2021
Plymouth,9,Town,0914060750,Building Permits Survey,NA,New Housing Units,2021
Pomfret,6,Town,0915061030,Building Permits Survey,NA,New Housing Units,2021
Portland,3,Town,0913061800,Building Permits Survey,NA,New Housing Units,2021
Preston,12,Town,0918062150,Building Permits Survey,NA,New Housing Units,2021
Prospect,11,Town,0914062290,Building Permits Survey,NA,New Housing Units,2021
Putnam,16,Town,0915062710,Building Permits Survey,NA,New Housing Units,2021
Redding,7,Town,0919063480,Building Permits Survey,NA,New Housing Units,2021
Ridgefield,16,Town,0919063970,Building Permits Survey,NA,New Housing Units,2021
Rocky Hill,3,Town,0911065370,Building Permits Survey,NA,New Housing Units,2021
Roxbury,4,Town,0916065930,Building Permits Survey,NA,New Housing Units,2021
Salem,51,Town,0918066210,Building Permits Survey,NA,New Housing Units,2021
Salisbury,15,Town,0916066420,Building Permits Survey,NA,New Housing Units,2021
Scotland,0,Town,0915067400,Building Permits Survey,NA,New Housing Units,2021
Seymour,8,Town,0914067610,Building Permits Survey,NA,New Housing Units,2021
Sharon,11,Town,0916067960,Building Permits Survey,NA,New Housing Units,2021
Shelton,92,Town,0914068170,Building Permits Survey,NA,New Housing Units,2021
Sherman,11,Town,0919068310,Building Permits Survey,NA,New Housing Units,2021
Simsbury,52,Town,0911068940,Building Permits Survey,NA,New Housing Units,2021
Somers,21,Town,0911069220,Building Permits Survey,NA,New Housing Units,2021
South Windsor,5,Town,0911071390,Building Permits Survey,NA,New Housing Units,2021
Southbury,26,Town,0914069640,Building Permits Survey,NA,New Housing Units,2021
Southington,104,Town,0911070550,Building Permits Survey,NA,New Housing Units,2021
Sprague,1,Town,0918071670,Building Permits Survey,NA,New Housing Units,2021
Stafford,9,Town,0911072090,Building Permits Survey,NA,New Housing Units,2021
Stamford,55,Town,0919073070,Building Permits Survey,NA,New Housing Units,2021
Sterling,12,Town,0915073420,Building Permits Survey,NA,New Housing Units,2021
Stonington,35,Town,0918073770,Building Permits Survey,NA,New Housing Units,2021
Stratford,70,Town,0912074190,Building Permits Survey,NA,New Housing Units,2021
Suffield,47,Town,0911074540,Building Permits Survey,NA,New Housing Units,2021
Thomaston,2,Town,0914075730,Building Permits Survey,NA,New Housing Units,2021
Thompson,17,Town,0915075870,Building Permits Survey,NA,New Housing Units,2021
Tolland,19,Town,0911076290,Building Permits Survey,NA,New Housing Units,2021
Torrington,7,Town,0916076570,Building Permits Survey,NA,New Housing Units,2021
Trumbull,66,Town,0912077200,Building Permits Survey,NA,New Housing Units,2021
Union,2,Town,0915077830,Building Permits Survey,NA,New Housing Units,2021
Vernon,140,Town,0911078250,Building Permits Survey,NA,New Housing Units,2021
Voluntown,6,Town,0915078600,Building Permits Survey,NA,New Housing Units,2021
Wallingford,29,Town,0917078740,Building Permits Survey,NA,New Housing Units,2021
Warren,3,Town,0916079510,Building Permits Survey,NA,New Housing Units,2021
Washington,3,Town,0916079720,Building Permits Survey,NA,New Housing Units,2021
Waterbury,23,Town,0914080070,Building Permits Survey,NA,New Housing Units,2021
Waterford,23,Town,0918080280,Building Permits Survey,NA,New Housing Units,2021
Watertown,16,Town,0914080490,Building Permits Survey,NA,New Housing Units,2021
West Hartford,106,Town,0911082590,Building Permits Survey,NA,New Housing Units,2021
West Haven,9,Town,0917082870,Building Permits Survey,NA,New Housing Units,2021
Westbrook,17,Town,0913081680,Building Permits Survey,NA,New Housing Units,2021
Weston,13,Town,0919083430,Building Permits Survey,NA,New Housing Units,2021
Westport,77,Town,0919083500,Building Permits Survey,NA,New Housing Units,2021
Wethersfield,1,Town,0911084900,Building Permits Survey,NA,New Housing Units,2021
Willington,6,Town,0911085950,Building Permits Survey,NA,New Housing Units,2021
Wilton,9,Town,0919086370,Building Permits Survey,NA,New Housing Units,2021
Winchester,4,Town,0916086440,Building Permits Survey,NA,New Housing Units,2021
Windham,1,Town,0918086790,Building Permits Survey,NA,New Housing Units,2021
Windsor,32,Town,0911087000,Building Permits Survey,NA,New Housing Units,2021
Windsor Locks,2,Town,0911087070,Building Permits Survey,NA,New Housing Units,2021
Wolcott,21,Town,0914087560,Building Permits Survey,NA,New Housing Units,2021
Woodbridge,13,Town,0917087700,Building Permits Survey,NA,New Housing Units,2021
Woodbury,12,Town,0914087910,Building Permits Survey,NA,New Housing Units,2021
Woodstock,20,Town,0915088190,Building Permits Survey,NA,New Housing Units,2021
Andover,1,Town,0911001080,Building Permits Survey,NA,New Housing Units,2022
Ansonia,8,Town,0914001220,Building Permits Survey,NA,New Housing Units,2022
Ashford,0,Town,0915001430,Building Permits Survey,NA,New Housing Units,2022
Avon,19,Town,0911002060,Building Permits Survey,NA,New Housing Units,2022
Barkhamsted,6,Town,0916002760,Building Permits Survey,NA,New Housing Units,2022
Beacon Falls,21,Town,0914003250,Building Permits Survey,NA,New Housing Units,2022
Berlin,113,Town,0911004300,Building Permits Survey,NA,New Housing Units,2022
Bethany,7,Town,0917004580,Building Permits Survey,NA,New Housing Units,2022
Bethel,25,Town,0919004720,Building Permits Survey,NA,New Housing Units,2022
Bethlehem,1,Town,0914004930,Building Permits Survey,NA,New Housing Units,2022
Bloomfield,174,Town,0911005910,Building Permits Survey,NA,New Housing Units,2022
Bolton,2,Town,0911006260,Building Permits Survey,NA,New Housing Units,2022
Bozrah,3,Town,0918006820,Building Permits Survey,NA,New Housing Units,2022
Branford,38,Town,0917007310,Building Permits Survey,NA,New Housing Units,2022
Bridgeport,490,Town,0912008070,Building Permits Survey,NA,New Housing Units,2022
Bridgewater,2,Town,0919008210,Building Permits Survey,NA,New Housing Units,2022
Bristol,37,Town,0914008490,Building Permits Survey,NA,New Housing Units,2022
Brookfield,7,Town,0919008980,Building Permits Survey,NA,New Housing Units,2022
Brooklyn,14,Town,0915009190,Building Permits Survey,NA,New Housing Units,2022
Burlington,14,Town,0916010100,Building Permits Survey,NA,New Housing Units,2022
Canaan,0,Town,0916010940,Building Permits Survey,NA,New Housing Units,2022
Canterbury,13,Town,0915012130,Building Permits Survey,NA,New Housing Units,2022
Canton,37,Town,0911012270,Building Permits Survey,NA,New Housing Units,2022
Chaplin,0,Town,0915013810,Building Permits Survey,NA,New Housing Units,2022
Cheshire,44,Town,0914014160,Building Permits Survey,NA,New Housing Units,2022
Chester,0,Town,0913014300,Building Permits Survey,NA,New Housing Units,2022
Clinton,9,Town,0913015350,Building Permits Survey,NA,New Housing Units,2022
Colchester,16,Town,0918015910,Building Permits Survey,NA,New Housing Units,2022
Colebrook,1,Town,0916016050,Building Permits Survey,NA,New Housing Units,2022
Columbia,6,Town,0911016400,Building Permits Survey,NA,New Housing Units,2022
Cornwall,3,Town,0916017240,Building Permits Survey,NA,New Housing Units,2022
Coventry,14,Town,0911017800,Building Permits Survey,NA,New Housing Units,2022
Cromwell,11,Town,0913018080,Building Permits Survey,NA,New Housing Units,2022
Danbury,38,Town,0919018500,Building Permits Survey,NA,New Housing Units,2022
Darien,63,Town,0919018850,Building Permits Survey,NA,New Housing Units,2022
Deep River,7,Town,0913019130,Building Permits Survey,NA,New Housing Units,2022
Derby,1,Town,0914019550,Building Permits Survey,NA,New Housing Units,2022
Durham,3,Town,0913020810,Building Permits Survey,NA,New Housing Units,2022
East Granby,0,Town,0911022070,Building Permits Survey,NA,New Housing Units,2022
East Haddam,23,Town,0913022280,Building Permits Survey,NA,New Housing Units,2022
East Hampton,20,Town,0913022490,Building Permits Survey,NA,New Housing Units,2022
East Hartford,1,Town,0911022630,Building Permits Survey,NA,New Housing Units,2022
East Haven,8,Town,0917022910,Building Permits Survey,NA,New Housing Units,2022
East Lyme,82,Town,0918023400,Building Permits Survey,NA,New Housing Units,2022
East Windsor,11,Town,0911024800,Building Permits Survey,NA,New Housing Units,2022
Eastford,5,Town,0915021860,Building Permits Survey,NA,New Housing Units,2022
Easton,7,Town,0912023890,Building Permits Survey,NA,New Housing Units,2022
Ellington,17,Town,0911025360,Building Permits Survey,NA,New Housing Units,2022
Enfield,17,Town,0911025990,Building Permits Survey,NA,New Housing Units,2022
Essex,8,Town,0913026270,Building Permits Survey,NA,New Housing Units,2022
Fairfield,179,Town,0912026620,Building Permits Survey,NA,New Housing Units,2022
Farmington,58,Town,0911027600,Building Permits Survey,NA,New Housing Units,2022
Franklin,9,Town,0918029910,Building Permits Survey,NA,New Housing Units,2022
Glastonbury,31,Town,0911031240,Building Permits Survey,NA,New Housing Units,2022
Goshen,16,Town,0916032290,Building Permits Survey,NA,New Housing Units,2022
Granby,96,Town,0911032640,Building Permits Survey,NA,New Housing Units,2022
Greenwich,100,Town,0919033620,Building Permits Survey,NA,New Housing Units,2022
Griswold,78,Town,0918033900,Building Permits Survey,NA,New Housing Units,2022
Groton,8,Town,0918034250,Building Permits Survey,NA,New Housing Units,2022
Guilford,48,Town,0917034950,Building Permits Survey,NA,New Housing Units,2022
Haddam,49,Town,0913035230,Building Permits Survey,NA,New Housing Units,2022
Hamden,0,Town,0917035650,Building Permits Survey,NA,New Housing Units,2022
Hampton,0,Town,0915036000,Building Permits Survey,NA,New Housing Units,2022
Hartford,2,Town,0911037070,Building Permits Survey,NA,New Housing Units,2022
Hartland,2,Town,0916037140,Building Permits Survey,NA,New Housing Units,2022
Harwinton,22,Town,0916037280,Building Permits Survey,NA,New Housing Units,2022
Hebron,15,Town,0911037910,Building Permits Survey,NA,New Housing Units,2022
Kent,7,Town,0916040290,Building Permits Survey,NA,New Housing Units,2022
Killingly,35,Town,0915040500,Building Permits Survey,NA,New Housing Units,2022
Killingworth,8,Town,0913040710,Building Permits Survey,NA,New Housing Units,2022
Lebanon,6,Town,0918042390,Building Permits Survey,NA,New Housing Units,2022
Ledyard,37,Town,0918042600,Building Permits Survey,NA,New Housing Units,2022
Lisbon,4,Town,0918043230,Building Permits Survey,NA,New Housing Units,2022
Litchfield,11,Town,0916043370,Building Permits Survey,NA,New Housing Units,2022
Lyme,8,Town,0913044210,Building Permits Survey,NA,New Housing Units,2022
Madison,13,Town,0917044560,Building Permits Survey,NA,New Housing Units,2022
Manchester,33,Town,0911044700,Building Permits Survey,NA,New Housing Units,2022
Mansfield,5,Town,0911044910,Building Permits Survey,NA,New Housing Units,2022
Marlborough,8,Town,0911045820,Building Permits Survey,NA,New Housing Units,2022
Meriden,61,Town,0917046520,Building Permits Survey,NA,New Housing Units,2022
Middlebury,38,Town,0914046940,Building Permits Survey,NA,New Housing Units,2022
Middlefield,4,Town,0913047080,Building Permits Survey,NA,New Housing Units,2022
Middletown,22,Town,0913047360,Building Permits Survey,NA,New Housing Units,2022
Milford,165,Town,0917047535,Building Permits Survey,NA,New Housing Units,2022
Monroe,28,Town,0912048620,Building Permits Survey,NA,New Housing Units,2022
Montville,14,Town,0918048900,Building Permits Survey,NA,New Housing Units,2022
Morris,2,Town,0916049460,Building Permits Survey,NA,New Housing Units,2022
Naugatuck,15,Town,0914049950,Building Permits Survey,NA,New Housing Units,2022
New Britain,127,Town,0911050440,Building Permits Survey,NA,New Housing Units,2022
New Canaan,58,Town,0919050580,Building Permits Survey,NA,New Housing Units,2022
New Fairfield,1,Town,0919050860,Building Permits Survey,NA,New Housing Units,2022
New Hartford,6,Town,0916051350,Building Permits Survey,NA,New Housing Units,2022
New Haven,501,Town,0917052070,Building Permits Survey,NA,New Housing Units,2022
New London,42,Town,0918052350,Building Permits Survey,NA,New Housing Units,2022
New Milford,60,Town,0919052630,Building Permits Survey,NA,New Housing Units,2022
Newington,426,Town,0911052140,Building Permits Survey,NA,New Housing Units,2022
Newtown,96,Town,0919052980,Building Permits Survey,NA,New Housing Units,2022
Norfolk,1,Town,0916053470,Building Permits Survey,NA,New Housing Units,2022
North Branford,8,Town,0917053890,Building Permits Survey,NA,New Housing Units,2022
North Canaan,0,Town,0916054030,Building Permits Survey,NA,New Housing Units,2022
North Haven,96,Town,0917054870,Building Permits Survey,NA,New Housing Units,2022
North Stonington,11,Town,0918055500,Building Permits Survey,NA,New Housing Units,2022
Norwalk,67,Town,0919056060,Building Permits Survey,NA,New Housing Units,2022
Norwich,35,Town,0918056270,Building Permits Survey,NA,New Housing Units,2022
Old Lyme,11,Town,0913057040,Building Permits Survey,NA,New Housing Units,2022
Old Saybrook,8,Town,0913057320,Building Permits Survey,NA,New Housing Units,2022
Orange,57,Town,0917057600,Building Permits Survey,NA,New Housing Units,2022
Oxford,55,Town,0914058300,Building Permits Survey,NA,New Housing Units,2022
Plainfield,12,Town,0915059980,Building Permits Survey,NA,New Housing Units,2022
Plainville,13,Town,0911060120,Building Permits Survey,NA,New Housing Units,2022
Plymouth,5,Town,0914060750,Building Permits Survey,NA,New Housing Units,2022
Pomfret,2,Town,0915061030,Building Permits Survey,NA,New Housing Units,2022
Portland,4,Town,0913061800,Building Permits Survey,NA,New Housing Units,2022
Preston,8,Town,0918062150,Building Permits Survey,NA,New Housing Units,2022
Prospect,5,Town,0914062290,Building Permits Survey,NA,New Housing Units,2022
Putnam,1,Town,0915062710,Building Permits Survey,NA,New Housing Units,2022
Redding,7,Town,0919063480,Building Permits Survey,NA,New Housing Units,2022
Ridgefield,9,Town,0919063970,Building Permits Survey,NA,New Housing Units,2022
Rocky Hill,9,Town,0911065370,Building Permits Survey,NA,New Housing Units,2022
Roxbury,10,Town,0916065930,Building Permits Survey,NA,New Housing Units,2022
Salem,9,Town,0918066210,Building Permits Survey,NA,New Housing Units,2022
Salisbury,10,Town,0916066420,Building Permits Survey,NA,New Housing Units,2022
Scotland,0,Town,0915067400,Building Permits Survey,NA,New Housing Units,2022
Seymour,43,Town,0914067610,Building Permits Survey,NA,New Housing Units,2022
Sharon,10,Town,0916067960,Building Permits Survey,NA,New Housing Units,2022
Shelton,74,Town,0914068170,Building Permits Survey,NA,New Housing Units,2022
Sherman,4,Town,0919068310,Building Permits Survey,NA,New Housing Units,2022
Simsbury,20,Town,0911068940,Building Permits Survey,NA,New Housing Units,2022
Somers,26,Town,0911069220,Building Permits Survey,NA,New Housing Units,2022
South Windsor,10,Town,0911071390,Building Permits Survey,NA,New Housing Units,2022
Southbury,34,Town,0914069640,Building Permits Survey,NA,New Housing Units,2022
Southington,60,Town,0911070550,Building Permits Survey,NA,New Housing Units,2022
Sprague,0,Town,0918071670,Building Permits Survey,NA,New Housing Units,2022
Stafford,86,Town,0911072090,Building Permits Survey,NA,New Housing Units,2022
Stamford,153,Town,0919073070,Building Permits Survey,NA,New Housing Units,2022
Sterling,7,Town,0915073420,Building Permits Survey,NA,New Housing Units,2022
Stonington,31,Town,0918073770,Building Permits Survey,NA,New Housing Units,2022
Stratford,42,Town,0912074190,Building Permits Survey,NA,New Housing Units,2022
Suffield,29,Town,0911074540,Building Permits Survey,NA,New Housing Units,2022
Thomaston,3,Town,0914075730,Building Permits Survey,NA,New Housing Units,2022
Thompson,21,Town,0915075870,Building Permits Survey,NA,New Housing Units,2022
Tolland,19,Town,0911076290,Building Permits Survey,NA,New Housing Units,2022
Torrington,11,Town,0916076570,Building Permits Survey,NA,New Housing Units,2022
Trumbull,110,Town,0912077200,Building Permits Survey,NA,New Housing Units,2022
Union,1,Town,0915077830,Building Permits Survey,NA,New Housing Units,2022
Vernon,122,Town,0911078250,Building Permits Survey,NA,New Housing Units,2022
Voluntown,8,Town,0915078600,Building Permits Survey,NA,New Housing Units,2022
Wallingford,25,Town,0917078740,Building Permits Survey,NA,New Housing Units,2022
Warren,4,Town,0916079510,Building Permits Survey,NA,New Housing Units,2022
Washington,16,Town,0916079720,Building Permits Survey,NA,New Housing Units,2022
Waterbury,15,Town,0914080070,Building Permits Survey,NA,New Housing Units,2022
Waterford,20,Town,0918080280,Building Permits Survey,NA,New Housing Units,2022
Watertown,9,Town,0914080490,Building Permits Survey,NA,New Housing Units,2022
West Hartford,64,Town,0911082590,Building Permits Survey,NA,New Housing Units,2022
West Haven,8,Town,0917082870,Building Permits Survey,NA,New Housing Units,2022
Westbrook,16,Town,0913081680,Building Permits Survey,NA,New Housing Units,2022
Weston,11,Town,0919083430,Building Permits Survey,NA,New Housing Units,2022
Westport,75,Town,0919083500,Building Permits Survey,NA,New Housing Units,2022
Wethersfield,10,Town,0911084900,Building Permits Survey,NA,New Housing Units,2022
Willington,8,Town,0911085950,Building Permits Survey,NA,New Housing Units,2022
Wilton,187,Town,0919086370,Building Permits Survey,NA,New Housing Units,2022
Winchester,3,Town,0916086440,Building Permits Survey,NA,New Housing Units,2022
Windham,7,Town,0918086790,Building Permits Survey,NA,New Housing Units,2022
Windsor,8,Town,0911087000,Building Permits Survey,NA,New Housing Units,2022
Windsor Locks,2,Town,0911087070,Building Permits Survey,NA,New Housing Units,2022
Wolcott,26,Town,0914087560,Building Permits Survey,NA,New Housing Units,2022
Woodbridge,6,Town,0917087700,Building Permits Survey,NA,New Housing Units,2022
Woodbury,12,Town,0914087910,Building Permits Survey,NA,New Housing Units,2022
Woodstock,11,Town,0915088190,Building Permits Survey,NA,New Housing Units,2022
Andover,3,Town,0911001080,Building Permits Survey,NA,New Housing Units,2023
Ansonia,14,Town,0914001220,Building Permits Survey,NA,New Housing Units,2023
Ashford,1,Town,0915001430,Building Permits Survey,NA,New Housing Units,2023
Avon,18,Town,0911002060,Building Permits Survey,NA,New Housing Units,2023
Barkhamsted,11,Town,0916002760,Building Permits Survey,NA,New Housing Units,2023
Beacon Falls,10,Town,0914003250,Building Permits Survey,NA,New Housing Units,2023
Berlin,15,Town,0911004300,Building Permits Survey,NA,New Housing Units,2023
Bethany,6,Town,0917004580,Building Permits Survey,NA,New Housing Units,2023
Bethel,341,Town,0919004720,Building Permits Survey,NA,New Housing Units,2023
Bethlehem,0,Town,0914004930,Building Permits Survey,NA,New Housing Units,2023
Bloomfield,45,Town,0911005910,Building Permits Survey,NA,New Housing Units,2023
Bolton,7,Town,0911006260,Building Permits Survey,NA,New Housing Units,2023
Bozrah,3,Town,0918006820,Building Permits Survey,NA,New Housing Units,2023
Branford,219,Town,0917007310,Building Permits Survey,NA,New Housing Units,2023
Bridgeport,15,Town,0912008070,Building Permits Survey,NA,New Housing Units,2023
Bridgewater,2,Town,0919008210,Building Permits Survey,NA,New Housing Units,2023
Bristol,52,Town,0914008490,Building Permits Survey,NA,New Housing Units,2023
Brookfield,120,Town,0919008980,Building Permits Survey,NA,New Housing Units,2023
Brooklyn,10,Town,0915009190,Building Permits Survey,NA,New Housing Units,2023
Burlington,14,Town,0916010100,Building Permits Survey,NA,New Housing Units,2023
Canaan,2,Town,0916010940,Building Permits Survey,NA,New Housing Units,2023
Canterbury,18,Town,0915012130,Building Permits Survey,NA,New Housing Units,2023
Canton,17,Town,0911012270,Building Permits Survey,NA,New Housing Units,2023
Chaplin,2,Town,0915013810,Building Permits Survey,NA,New Housing Units,2023
Cheshire,104,Town,0914014160,Building Permits Survey,NA,New Housing Units,2023
Chester,2,Town,0913014300,Building Permits Survey,NA,New Housing Units,2023
Clinton,11,Town,0913015350,Building Permits Survey,NA,New Housing Units,2023
Colchester,14,Town,0918015910,Building Permits Survey,NA,New Housing Units,2023
Colebrook,0,Town,0916016050,Building Permits Survey,NA,New Housing Units,2023
Columbia,2,Town,0911016400,Building Permits Survey,NA,New Housing Units,2023
Cornwall,3,Town,0916017240,Building Permits Survey,NA,New Housing Units,2023
Coventry,14,Town,0911017800,Building Permits Survey,NA,New Housing Units,2023
Cromwell,9,Town,0913018080,Building Permits Survey,NA,New Housing Units,2023
Danbury,4,Town,0919018500,Building Permits Survey,NA,New Housing Units,2023
Darien,20,Town,0919018850,Building Permits Survey,NA,New Housing Units,2023
Deep River,8,Town,0913019130,Building Permits Survey,NA,New Housing Units,2023
Derby,195,Town,0914019550,Building Permits Survey,NA,New Housing Units,2023
Durham,4,Town,0913020810,Building Permits Survey,NA,New Housing Units,2023
East Granby,6,Town,0911022070,Building Permits Survey,NA,New Housing Units,2023
East Haddam,25,Town,0913022280,Building Permits Survey,NA,New Housing Units,2023
East Hampton,39,Town,0913022490,Building Permits Survey,NA,New Housing Units,2023
East Hartford,10,Town,0911022630,Building Permits Survey,NA,New Housing Units,2023
East Haven,78,Town,0917022910,Building Permits Survey,NA,New Housing Units,2023
East Lyme,8,Town,0918023400,Building Permits Survey,NA,New Housing Units,2023
East Windsor,14,Town,0911024800,Building Permits Survey,NA,New Housing Units,2023
Eastford,3,Town,0915021860,Building Permits Survey,NA,New Housing Units,2023
Easton,7,Town,0912023890,Building Permits Survey,NA,New Housing Units,2023
Ellington,14,Town,0911025360,Building Permits Survey,NA,New Housing Units,2023
Enfield,5,Town,0911025990,Building Permits Survey,NA,New Housing Units,2023
Essex,7,Town,0913026270,Building Permits Survey,NA,New Housing Units,2023
Fairfield,155,Town,0912026620,Building Permits Survey,NA,New Housing Units,2023
Farmington,314,Town,0911027600,Building Permits Survey,NA,New Housing Units,2023
Franklin,6,Town,0918029910,Building Permits Survey,NA,New Housing Units,2023
Glastonbury,22,Town,0911031240,Building Permits Survey,NA,New Housing Units,2023
Goshen,12,Town,0916032290,Building Permits Survey,NA,New Housing Units,2023
Granby,175,Town,0911032640,Building Permits Survey,NA,New Housing Units,2023
Greenwich,136,Town,0919033620,Building Permits Survey,NA,New Housing Units,2023
Griswold,12,Town,0918033900,Building Permits Survey,NA,New Housing Units,2023
Groton,6,Town,0918034250,Building Permits Survey,NA,New Housing Units,2023
Guilford,32,Town,0917034950,Building Permits Survey,NA,New Housing Units,2023
Haddam,6,Town,0913035230,Building Permits Survey,NA,New Housing Units,2023
Hamden,0,Town,0917035650,Building Permits Survey,NA,New Housing Units,2023
Hampton,0,Town,0915036000,Building Permits Survey,NA,New Housing Units,2023
Hartford,141,Town,0911037070,Building Permits Survey,NA,New Housing Units,2023
Hartland,1,Town,0916037140,Building Permits Survey,NA,New Housing Units,2023
Harwinton,25,Town,0916037280,Building Permits Survey,NA,New Housing Units,2023
Hebron,13,Town,0911037910,Building Permits Survey,NA,New Housing Units,2023
Kent,5,Town,0916040290,Building Permits Survey,NA,New Housing Units,2023
Killingly,18,Town,0915040500,Building Permits Survey,NA,New Housing Units,2023
Killingworth,8,Town,0913040710,Building Permits Survey,NA,New Housing Units,2023
Lebanon,8,Town,0918042390,Building Permits Survey,NA,New Housing Units,2023
Ledyard,35,Town,0918042600,Building Permits Survey,NA,New Housing Units,2023
Lisbon,5,Town,0918043230,Building Permits Survey,NA,New Housing Units,2023
Litchfield,6,Town,0916043370,Building Permits Survey,NA,New Housing Units,2023
Lyme,3,Town,0913044210,Building Permits Survey,NA,New Housing Units,2023
Madison,35,Town,0917044560,Building Permits Survey,NA,New Housing Units,2023
Manchester,25,Town,0911044700,Building Permits Survey,NA,New Housing Units,2023
Mansfield,442,Town,0911044910,Building Permits Survey,NA,New Housing Units,2023
Marlborough,6,Town,0911045820,Building Permits Survey,NA,New Housing Units,2023
Meriden,137,Town,0917046520,Building Permits Survey,NA,New Housing Units,2023
Middlebury,13,Town,0914046940,Building Permits Survey,NA,New Housing Units,2023
Middlefield,4,Town,0913047080,Building Permits Survey,NA,New Housing Units,2023
Middletown,18,Town,0913047360,Building Permits Survey,NA,New Housing Units,2023
Milford,121,Town,0917047535,Building Permits Survey,NA,New Housing Units,2023
Monroe,9,Town,0912048620,Building Permits Survey,NA,New Housing Units,2023
Montville,9,Town,0918048900,Building Permits Survey,NA,New Housing Units,2023
Morris,7,Town,0916049460,Building Permits Survey,NA,New Housing Units,2023
Naugatuck,15,Town,0914049950,Building Permits Survey,NA,New Housing Units,2023
New Britain,2,Town,0911050440,Building Permits Survey,NA,New Housing Units,2023
New Canaan,18,Town,0919050580,Building Permits Survey,NA,New Housing Units,2023
New Fairfield,1,Town,0919050860,Building Permits Survey,NA,New Housing Units,2023
New Hartford,5,Town,0916051350,Building Permits Survey,NA,New Housing Units,2023
New Haven,561,Town,0917052070,Building Permits Survey,NA,New Housing Units,2023
New London,4,Town,0918052350,Building Permits Survey,NA,New Housing Units,2023
New Milford,57,Town,0919052630,Building Permits Survey,NA,New Housing Units,2023
Newington,13,Town,0911052140,Building Permits Survey,NA,New Housing Units,2023
Newtown,26,Town,0919052980,Building Permits Survey,NA,New Housing Units,2023
Norfolk,1,Town,0916053470,Building Permits Survey,NA,New Housing Units,2023
North Branford,11,Town,0917053890,Building Permits Survey,NA,New Housing Units,2023
North Canaan,0,Town,0916054030,Building Permits Survey,NA,New Housing Units,2023
North Haven,162,Town,0917054870,Building Permits Survey,NA,New Housing Units,2023
North Stonington,9,Town,0918055500,Building Permits Survey,NA,New Housing Units,2023
Norwalk,36,Town,0919056060,Building Permits Survey,NA,New Housing Units,2023
Norwich,14,Town,0918056270,Building Permits Survey,NA,New Housing Units,2023
Old Lyme,9,Town,0913057040,Building Permits Survey,NA,New Housing Units,2023
Old Saybrook,40,Town,0913057320,Building Permits Survey,NA,New Housing Units,2023
Orange,3,Town,0917057600,Building Permits Survey,NA,New Housing Units,2023
Oxford,14,Town,0914058300,Building Permits Survey,NA,New Housing Units,2023
Plainfield,7,Town,0915059980,Building Permits Survey,NA,New Housing Units,2023
Plainville,11,Town,0911060120,Building Permits Survey,NA,New Housing Units,2023
Plymouth,7,Town,0914060750,Building Permits Survey,NA,New Housing Units,2023
Pomfret,5,Town,0915061030,Building Permits Survey,NA,New Housing Units,2023
Portland,12,Town,0913061800,Building Permits Survey,NA,New Housing Units,2023
Preston,8,Town,0918062150,Building Permits Survey,NA,New Housing Units,2023
Prospect,7,Town,0914062290,Building Permits Survey,NA,New Housing Units,2023
Putnam,12,Town,0915062710,Building Permits Survey,NA,New Housing Units,2023
Redding,2,Town,0919063480,Building Permits Survey,NA,New Housing Units,2023
Ridgefield,25,Town,0919063970,Building Permits Survey,NA,New Housing Units,2023
Rocky Hill,311,Town,0911065370,Building Permits Survey,NA,New Housing Units,2023
Roxbury,3,Town,0916065930,Building Permits Survey,NA,New Housing Units,2023
Salem,2,Town,0918066210,Building Permits Survey,NA,New Housing Units,2023
Salisbury,4,Town,0916066420,Building Permits Survey,NA,New Housing Units,2023
Scotland,3,Town,0915067400,Building Permits Survey,NA,New Housing Units,2023
Seymour,23,Town,0914067610,Building Permits Survey,NA,New Housing Units,2023
Sharon,3,Town,0916067960,Building Permits Survey,NA,New Housing Units,2023
Shelton,36,Town,0914068170,Building Permits Survey,NA,New Housing Units,2023
Sherman,12,Town,0919068310,Building Permits Survey,NA,New Housing Units,2023
Simsbury,8,Town,0911068940,Building Permits Survey,NA,New Housing Units,2023
Somers,6,Town,0911069220,Building Permits Survey,NA,New Housing Units,2023
South Windsor,21,Town,0911071390,Building Permits Survey,NA,New Housing Units,2023
Southbury,29,Town,0914069640,Building Permits Survey,NA,New Housing Units,2023
Southington,47,Town,0911070550,Building Permits Survey,NA,New Housing Units,2023
Sprague,2,Town,0918071670,Building Permits Survey,NA,New Housing Units,2023
Stafford,5,Town,0911072090,Building Permits Survey,NA,New Housing Units,2023
Stamford,423,Town,0919073070,Building Permits Survey,NA,New Housing Units,2023
Sterling,11,Town,0915073420,Building Permits Survey,NA,New Housing Units,2023
Stonington,162,Town,0918073770,Building Permits Survey,NA,New Housing Units,2023
Stratford,17,Town,0912074190,Building Permits Survey,NA,New Housing Units,2023
Suffield,30,Town,0911074540,Building Permits Survey,NA,New Housing Units,2023
Thomaston,1,Town,0914075730,Building Permits Survey,NA,New Housing Units,2023
Thompson,27,Town,0915075870,Building Permits Survey,NA,New Housing Units,2023
Tolland,14,Town,0911076290,Building Permits Survey,NA,New Housing Units,2023
Torrington,8,Town,0916076570,Building Permits Survey,NA,New Housing Units,2023
Trumbull,11,Town,0912077200,Building Permits Survey,NA,New Housing Units,2023
Union,1,Town,0915077830,Building Permits Survey,NA,New Housing Units,2023
Vernon,17,Town,0911078250,Building Permits Survey,NA,New Housing Units,2023
Voluntown,8,Town,0915078600,Building Permits Survey,NA,New Housing Units,2023
Wallingford,23,Town,0917078740,Building Permits Survey,NA,New Housing Units,2023
Warren,3,Town,0916079510,Building Permits Survey,NA,New Housing Units,2023
Washington,10,Town,0916079720,Building Permits Survey,NA,New Housing Units,2023
Waterbury,64,Town,0914080070,Building Permits Survey,NA,New Housing Units,2023
Waterford,20,Town,0918080280,Building Permits Survey,NA,New Housing Units,2023
Watertown,23,Town,0914080490,Building Permits Survey,NA,New Housing Units,2023
West Hartford,31,Town,0911082590,Building Permits Survey,NA,New Housing Units,2023
West Haven,19,Town,0917082870,Building Permits Survey,NA,New Housing Units,2023
Westbrook,10,Town,0913081680,Building Permits Survey,NA,New Housing Units,2023
Weston,20,Town,0919083430,Building Permits Survey,NA,New Housing Units,2023
Westport,78,Town,0919083500,Building Permits Survey,NA,New Housing Units,2023
Wethersfield,7,Town,0911084900,Building Permits Survey,NA,New Housing Units,2023
Willington,5,Town,0911085950,Building Permits Survey,NA,New Housing Units,2023
Wilton,15,Town,0919086370,Building Permits Survey,NA,New Housing Units,2023
Winchester,1,Town,0916086440,Building Permits Survey,NA,New Housing Units,2023
Windham,3,Town,0918086790,Building Permits Survey,NA,New Housing Units,2023
Windsor,5,Town,0911087000,Building Permits Survey,NA,New Housing Units,2023
Windsor Locks,2,Town,0911087070,Building Permits Survey,NA,New Housing Units,2023
Wolcott,19,Town,0914087560,Building Permits Survey,NA,New Housing Units,2023
Woodbridge,20,Town,0917087700,Building Permits Survey,NA,New Housing Units,2023
Woodbury,12,Town,0914087910,Building Permits Survey,NA,New Housing Units,2023
Woodstock,14,Town,0915088190,Building Permits Survey,NA,New Housing Units,2023
Andover,1,Town,0911001080,Building Permits Survey,NA,New Housing Units,2024
Ansonia,8,Town,0914001220,Building Permits Survey,NA,New Housing Units,2024
Ashford,1,Town,0915001430,Building Permits Survey,NA,New Housing Units,2024
Avon,10,Town,0911002060,Building Permits Survey,NA,New Housing Units,2024
Barkhamsted,7,Town,0916002760,Building Permits Survey,NA,New Housing Units,2024
Beacon Falls,6,Town,0914003250,Building Permits Survey,NA,New Housing Units,2024
Berlin,37,Town,0911004300,Building Permits Survey,NA,New Housing Units,2024
Bethany,1,Town,0917004580,Building Permits Survey,NA,New Housing Units,2024
Bethel,66,Town,0919004720,Building Permits Survey,NA,New Housing Units,2024
Bethlehem,3,Town,0914004930,Building Permits Survey,NA,New Housing Units,2024
Bloomfield,58,Town,0911005910,Building Permits Survey,NA,New Housing Units,2024
Bolton,1,Town,0911006260,Building Permits Survey,NA,New Housing Units,2024
Bozrah,4,Town,0918006820,Building Permits Survey,NA,New Housing Units,2024
Branford,159,Town,0917007310,Building Permits Survey,NA,New Housing Units,2024
Bridgeport,485,Town,0912008070,Building Permits Survey,NA,New Housing Units,2024
Bridgewater,2,Town,0919008210,Building Permits Survey,NA,New Housing Units,2024
Bristol,37,Town,0914008490,Building Permits Survey,NA,New Housing Units,2024
Brookfield,154,Town,0919008980,Building Permits Survey,NA,New Housing Units,2024
Brooklyn,15,Town,0915009190,Building Permits Survey,NA,New Housing Units,2024
Burlington,15,Town,0916010100,Building Permits Survey,NA,New Housing Units,2024
Canaan,0,Town,0916010940,Building Permits Survey,NA,New Housing Units,2024
Canterbury,12,Town,0915012130,Building Permits Survey,NA,New Housing Units,2024
Canton,22,Town,0911012270,Building Permits Survey,NA,New Housing Units,2024
Chaplin,2,Town,0915013810,Building Permits Survey,NA,New Housing Units,2024
Cheshire,96,Town,0914014160,Building Permits Survey,NA,New Housing Units,2024
Chester,2,Town,0913014300,Building Permits Survey,NA,New Housing Units,2024
Clinton,13,Town,0913015350,Building Permits Survey,NA,New Housing Units,2024
Colchester,14,Town,0918015910,Building Permits Survey,NA,New Housing Units,2024
Colebrook,1,Town,0916016050,Building Permits Survey,NA,New Housing Units,2024
Columbia,3,Town,0911016400,Building Permits Survey,NA,New Housing Units,2024
Cornwall,0,Town,0916017240,Building Permits Survey,NA,New Housing Units,2024
Coventry,17,Town,0911017800,Building Permits Survey,NA,New Housing Units,2024
Cromwell,10,Town,0913018080,Building Permits Survey,NA,New Housing Units,2024
Danbury,18,Town,0919018500,Building Permits Survey,NA,New Housing Units,2024
Darien,17,Town,0919018850,Building Permits Survey,NA,New Housing Units,2024
Deep River,3,Town,0913019130,Building Permits Survey,NA,New Housing Units,2024
Derby,1,Town,0914019550,Building Permits Survey,NA,New Housing Units,2024
Durham,2,Town,0913020810,Building Permits Survey,NA,New Housing Units,2024
East Granby,71,Town,0911022070,Building Permits Survey,NA,New Housing Units,2024
East Haddam,14,Town,0913022280,Building Permits Survey,NA,New Housing Units,2024
East Hampton,36,Town,0913022490,Building Permits Survey,NA,New Housing Units,2024
East Hartford,1,Town,0911022630,Building Permits Survey,NA,New Housing Units,2024
East Haven,5,Town,0917022910,Building Permits Survey,NA,New Housing Units,2024
East Lyme,54,Town,0918023400,Building Permits Survey,NA,New Housing Units,2024
East Windsor,15,Town,0911024800,Building Permits Survey,NA,New Housing Units,2024
Eastford,4,Town,0915021860,Building Permits Survey,NA,New Housing Units,2024
Easton,5,Town,0912023890,Building Permits Survey,NA,New Housing Units,2024
Ellington,14,Town,0911025360,Building Permits Survey,NA,New Housing Units,2024
Enfield,6,Town,0911025990,Building Permits Survey,NA,New Housing Units,2024
Essex,7,Town,0913026270,Building Permits Survey,NA,New Housing Units,2024
Fairfield,190,Town,0912026620,Building Permits Survey,NA,New Housing Units,2024
Farmington,243,Town,0911027600,Building Permits Survey,NA,New Housing Units,2024
Franklin,8,Town,0918029910,Building Permits Survey,NA,New Housing Units,2024
Glastonbury,22,Town,0911031240,Building Permits Survey,NA,New Housing Units,2024
Goshen,12,Town,0916032290,Building Permits Survey,NA,New Housing Units,2024
Granby,98,Town,0911032640,Building Permits Survey,NA,New Housing Units,2024
Greenwich,69,Town,0919033620,Building Permits Survey,NA,New Housing Units,2024
Griswold,5,Town,0918033900,Building Permits Survey,NA,New Housing Units,2024
Groton,23,Town,0918034250,Building Permits Survey,NA,New Housing Units,2024
Guilford,43,Town,0917034950,Building Permits Survey,NA,New Housing Units,2024
Haddam,75,Town,0913035230,Building Permits Survey,NA,New Housing Units,2024
Hamden,1,Town,0917035650,Building Permits Survey,NA,New Housing Units,2024
Hampton,4,Town,0915036000,Building Permits Survey,NA,New Housing Units,2024
Hartford,6,Town,0911037070,Building Permits Survey,NA,New Housing Units,2024
Hartland,0,Town,0916037140,Building Permits Survey,NA,New Housing Units,2024
Harwinton,21,Town,0916037280,Building Permits Survey,NA,New Housing Units,2024
Hebron,13,Town,0911037910,Building Permits Survey,NA,New Housing Units,2024
Kent,9,Town,0916040290,Building Permits Survey,NA,New Housing Units,2024
Killingly,36,Town,0915040500,Building Permits Survey,NA,New Housing Units,2024
Killingworth,6,Town,0913040710,Building Permits Survey,NA,New Housing Units,2024
Lebanon,6,Town,0918042390,Building Permits Survey,NA,New Housing Units,2024
Ledyard,14,Town,0918042600,Building Permits Survey,NA,New Housing Units,2024
Lisbon,6,Town,0918043230,Building Permits Survey,NA,New Housing Units,2024
Litchfield,12,Town,0916043370,Building Permits Survey,NA,New Housing Units,2024
Lyme,1,Town,0913044210,Building Permits Survey,NA,New Housing Units,2024
Madison,28,Town,0917044560,Building Permits Survey,NA,New Housing Units,2024
Manchester,26,Town,0911044700,Building Permits Survey,NA,New Housing Units,2024
Mansfield,7,Town,0911044910,Building Permits Survey,NA,New Housing Units,2024
Marlborough,5,Town,0911045820,Building Permits Survey,NA,New Housing Units,2024
Meriden,25,Town,0917046520,Building Permits Survey,NA,New Housing Units,2024
Middlebury,22,Town,0914046940,Building Permits Survey,NA,New Housing Units,2024
Middlefield,8,Town,0913047080,Building Permits Survey,NA,New Housing Units,2024
Middletown,20,Town,0913047360,Building Permits Survey,NA,New Housing Units,2024
Milford,128,Town,0917047535,Building Permits Survey,NA,New Housing Units,2024
Monroe,15,Town,0912048620,Building Permits Survey,NA,New Housing Units,2024
Montville,26,Town,0918048900,Building Permits Survey,NA,New Housing Units,2024
Morris,4,Town,0916049460,Building Permits Survey,NA,New Housing Units,2024
Naugatuck,24,Town,0914049950,Building Permits Survey,NA,New Housing Units,2024
New Britain,246,Town,0911050440,Building Permits Survey,NA,New Housing Units,2024
New Canaan,21,Town,0919050580,Building Permits Survey,NA,New Housing Units,2024
New Fairfield,4,Town,0919050860,Building Permits Survey,NA,New Housing Units,2024
New Hartford,8,Town,0916051350,Building Permits Survey,NA,New Housing Units,2024
New Haven,521,Town,0917052070,Building Permits Survey,NA,New Housing Units,2024
New London,12,Town,0918052350,Building Permits Survey,NA,New Housing Units,2024
New Milford,67,Town,0919052630,Building Permits Survey,NA,New Housing Units,2024
Newington,4,Town,0911052140,Building Permits Survey,NA,New Housing Units,2024
Newtown,18,Town,0919052980,Building Permits Survey,NA,New Housing Units,2024
Norfolk,0,Town,0916053470,Building Permits Survey,NA,New Housing Units,2024
North Branford,7,Town,0917053890,Building Permits Survey,NA,New Housing Units,2024
North Canaan,3,Town,0916054030,Building Permits Survey,NA,New Housing Units,2024
North Haven,16,Town,0917054870,Building Permits Survey,NA,New Housing Units,2024
North Stonington,15,Town,0918055500,Building Permits Survey,NA,New Housing Units,2024
Norwalk,339,Town,0919056060,Building Permits Survey,NA,New Housing Units,2024
Norwich,15,Town,0918056270,Building Permits Survey,NA,New Housing Units,2024
Old Lyme,23,Town,0913057040,Building Permits Survey,NA,New Housing Units,2024
Old Saybrook,32,Town,0913057320,Building Permits Survey,NA,New Housing Units,2024
Orange,0,Town,0917057600,Building Permits Survey,NA,New Housing Units,2024
Oxford,13,Town,0914058300,Building Permits Survey,NA,New Housing Units,2024
Plainfield,12,Town,0915059980,Building Permits Survey,NA,New Housing Units,2024
Plainville,19,Town,0911060120,Building Permits Survey,NA,New Housing Units,2024
Plymouth,5,Town,0914060750,Building Permits Survey,NA,New Housing Units,2024
Pomfret,6,Town,0915061030,Building Permits Survey,NA,New Housing Units,2024
Portland,7,Town,0913061800,Building Permits Survey,NA,New Housing Units,2024
Preston,7,Town,0918062150,Building Permits Survey,NA,New Housing Units,2024
Prospect,4,Town,0914062290,Building Permits Survey,NA,New Housing Units,2024
Putnam,6,Town,0915062710,Building Permits Survey,NA,New Housing Units,2024
Redding,5,Town,0919063480,Building Permits Survey,NA,New Housing Units,2024
Ridgefield,30,Town,0919063970,Building Permits Survey,NA,New Housing Units,2024
Rocky Hill,98,Town,0911065370,Building Permits Survey,NA,New Housing Units,2024
Roxbury,6,Town,0916065930,Building Permits Survey,NA,New Housing Units,2024
Salem,5,Town,0918066210,Building Permits Survey,NA,New Housing Units,2024
Salisbury,5,Town,0916066420,Building Permits Survey,NA,New Housing Units,2024
Scotland,1,Town,0915067400,Building Permits Survey,NA,New Housing Units,2024
Seymour,2,Town,0914067610,Building Permits Survey,NA,New Housing Units,2024
Sharon,12,Town,0916067960,Building Permits Survey,NA,New Housing Units,2024
Shelton,8,Town,0914068170,Building Permits Survey,NA,New Housing Units,2024
Sherman,12,Town,0919068310,Building Permits Survey,NA,New Housing Units,2024
Simsbury,127,Town,0911068940,Building Permits Survey,NA,New Housing Units,2024
Somers,6,Town,0911069220,Building Permits Survey,NA,New Housing Units,2024
South Windsor,11,Town,0911071390,Building Permits Survey,NA,New Housing Units,2024
Southbury,38,Town,0914069640,Building Permits Survey,NA,New Housing Units,2024
Southington,53,Town,0911070550,Building Permits Survey,NA,New Housing Units,2024
Sprague,3,Town,0918071670,Building Permits Survey,NA,New Housing Units,2024
Stafford,27,Town,0911072090,Building Permits Survey,NA,New Housing Units,2024
Stamford,86,Town,0919073070,Building Permits Survey,NA,New Housing Units,2024
Sterling,9,Town,0915073420,Building Permits Survey,NA,New Housing Units,2024
Stonington,31,Town,0918073770,Building Permits Survey,NA,New Housing Units,2024
Stratford,119,Town,0912074190,Building Permits Survey,NA,New Housing Units,2024
Suffield,20,Town,0911074540,Building Permits Survey,NA,New Housing Units,2024
Thomaston,0,Town,0914075730,Building Permits Survey,NA,New Housing Units,2024
Thompson,30,Town,0915075870,Building Permits Survey,NA,New Housing Units,2024
Tolland,15,Town,0911076290,Building Permits Survey,NA,New Housing Units,2024
Torrington,15,Town,0916076570,Building Permits Survey,NA,New Housing Units,2024
Trumbull,4,Town,0912077200,Building Permits Survey,NA,New Housing Units,2024
Union,0,Town,0915077830,Building Permits Survey,NA,New Housing Units,2024
Vernon,6,Town,0911078250,Building Permits Survey,NA,New Housing Units,2024
Voluntown,2,Town,0915078600,Building Permits Survey,NA,New Housing Units,2024
Wallingford,26,Town,0917078740,Building Permits Survey,NA,New Housing Units,2024
Warren,4,Town,0916079510,Building Permits Survey,NA,New Housing Units,2024
Washington,5,Town,0916079720,Building Permits Survey,NA,New Housing Units,2024
Waterbury,15,Town,0914080070,Building Permits Survey,NA,New Housing Units,2024
Waterford,245,Town,0918080280,Building Permits Survey,NA,New Housing Units,2024
Watertown,0,Town,0914080490,Building Permits Survey,NA,New Housing Units,2024
West Hartford,177,Town,0911082590,Building Permits Survey,NA,New Housing Units,2024
West Haven,29,Town,0917082870,Building Permits Survey,NA,New Housing Units,2024
Westbrook,9,Town,0913081680,Building Permits Survey,NA,New Housing Units,2024
Weston,7,Town,0919083430,Building Permits Survey,NA,New Housing Units,2024
Westport,130,Town,0919083500,Building Permits Survey,NA,New Housing Units,2024
Wethersfield,9,Town,0911084900,Building Permits Survey,NA,New Housing Units,2024
Willington,3,Town,0911085950,Building Permits Survey,NA,New Housing Units,2024
Wilton,49,Town,0919086370,Building Permits Survey,NA,New Housing Units,2024
Winchester,2,Town,0916086440,Building Permits Survey,NA,New Housing Units,2024
Windham,8,Town,0918086790,Building Permits Survey,NA,New Housing Units,2024
Windsor,120,Town,0911087000,Building Permits Survey,NA,New Housing Units,2024
Windsor Locks,1,Town,0911087070,Building Permits Survey,NA,New Housing Units,2024
Wolcott,21,Town,0914087560,Building Permits Survey,NA,New Housing Units,2024
Woodbridge,25,Town,0917087700,Building Permits Survey,NA,New Housing Units,2024
Woodbury,14,Town,0914087910,Building Permits Survey,NA,New Housing Units,2024
Woodstock,6,Town,0915088190,Building Permits Survey,NA,New Housing Units,2024
Andover,1,Town,0911001080,Building Permits Survey,NA,New Housing Units,2025
Ansonia,3,Town,0914001220,Building Permits Survey,NA,New Housing Units,2025
Ashford,6,Town,0915001430,Building Permits Survey,NA,New Housing Units,2025
Avon,10,Town,0911002060,Building Permits Survey,NA,New Housing Units,2025
Barkhamsted,2,Town,0916002760,Building Permits Survey,NA,New Housing Units,2025
Beacon Falls,3,Town,0914003250,Building Permits Survey,NA,New Housing Units,2025
Berlin,89,Town,0911004300,Building Permits Survey,NA,New Housing Units,2025
Bethany,0,Town,0917004580,Building Permits Survey,NA,New Housing Units,2025
Bethel,78,Town,0919004720,Building Permits Survey,NA,New Housing Units,2025
Bethlehem,2,Town,0914004930,Building Permits Survey,NA,New Housing Units,2025
Bloomfield,28,Town,0911005910,Building Permits Survey,NA,New Housing Units,2025
Bolton,6,Town,0911006260,Building Permits Survey,NA,New Housing Units,2025
Bozrah,1,Town,0918006820,Building Permits Survey,NA,New Housing Units,2025
Branford,11,Town,0917007310,Building Permits Survey,NA,New Housing Units,2025
Bridgeport,215,Town,0912008070,Building Permits Survey,NA,New Housing Units,2025
Bridgewater,2,Town,0919008210,Building Permits Survey,NA,New Housing Units,2025
Bristol,46,Town,0914008490,Building Permits Survey,NA,New Housing Units,2025
Brookfield,24,Town,0919008980,Building Permits Survey,NA,New Housing Units,2025
Brooklyn,31,Town,0915009190,Building Permits Survey,NA,New Housing Units,2025
Burlington,16,Town,0916010100,Building Permits Survey,NA,New Housing Units,2025
Canaan,0,Town,0916010940,Building Permits Survey,NA,New Housing Units,2025
Canterbury,13,Town,0915012130,Building Permits Survey,NA,New Housing Units,2025
Canton,21,Town,0911012270,Building Permits Survey,NA,New Housing Units,2025
Chaplin,6,Town,0915013810,Building Permits Survey,NA,New Housing Units,2025
Cheshire,65,Town,0914014160,Building Permits Survey,NA,New Housing Units,2025
Chester,5,Town,0913014300,Building Permits Survey,NA,New Housing Units,2025
Clinton,23,Town,0913015350,Building Permits Survey,NA,New Housing Units,2025
Colchester,42,Town,0918015910,Building Permits Survey,NA,New Housing Units,2025
Colebrook,1,Town,0916016050,Building Permits Survey,NA,New Housing Units,2025
Columbia,3,Town,0911016400,Building Permits Survey,NA,New Housing Units,2025
Cornwall,7,Town,0916017240,Building Permits Survey,NA,New Housing Units,2025
Coventry,20,Town,0911017800,Building Permits Survey,NA,New Housing Units,2025
Cromwell,11,Town,0913018080,Building Permits Survey,NA,New Housing Units,2025
Danbury,78,Town,0919018500,Building Permits Survey,NA,New Housing Units,2025
Darien,40,Town,0919018850,Building Permits Survey,NA,New Housing Units,2025
Deep River,1,Town,0913019130,Building Permits Survey,NA,New Housing Units,2025
Derby,2,Town,0914019550,Building Permits Survey,NA,New Housing Units,2025
Durham,5,Town,0913020810,Building Permits Survey,NA,New Housing Units,2025
East Granby,77,Town,0911022070,Building Permits Survey,NA,New Housing Units,2025
East Haddam,15,Town,0913022280,Building Permits Survey,NA,New Housing Units,2025
East Hampton,21,Town,0913022490,Building Permits Survey,NA,New Housing Units,2025
East Hartford,6,Town,0911022630,Building Permits Survey,NA,New Housing Units,2025
East Haven,4,Town,0917022910,Building Permits Survey,NA,New Housing Units,2025
East Lyme,44,Town,0918023400,Building Permits Survey,NA,New Housing Units,2025
East Windsor,2,Town,0911024800,Building Permits Survey,NA,New Housing Units,2025
Eastford,8,Town,0915021860,Building Permits Survey,NA,New Housing Units,2025
Easton,6,Town,0912023890,Building Permits Survey,NA,New Housing Units,2025
Ellington,12,Town,0911025360,Building Permits Survey,NA,New Housing Units,2025
Enfield,6,Town,0911025990,Building Permits Survey,NA,New Housing Units,2025
Essex,1,Town,0913026270,Building Permits Survey,NA,New Housing Units,2025
Fairfield,343,Town,0912026620,Building Permits Survey,NA,New Housing Units,2025
Farmington,18,Town,0911027600,Building Permits Survey,NA,New Housing Units,2025
Franklin,1,Town,0918029910,Building Permits Survey,NA,New Housing Units,2025
Glastonbury,18,Town,0911031240,Building Permits Survey,NA,New Housing Units,2025
Goshen,10,Town,0916032290,Building Permits Survey,NA,New Housing Units,2025
Granby,6,Town,0911032640,Building Permits Survey,NA,New Housing Units,2025
Greenwich,65,Town,0919033620,Building Permits Survey,NA,New Housing Units,2025
Griswold,7,Town,0918033900,Building Permits Survey,NA,New Housing Units,2025
Groton,20,Town,0918034250,Building Permits Survey,NA,New Housing Units,2025
Guilford,23,Town,0917034950,Building Permits Survey,NA,New Housing Units,2025
Haddam,14,Town,0913035230,Building Permits Survey,NA,New Housing Units,2025
Hamden,95,Town,0917035650,Building Permits Survey,NA,New Housing Units,2025
Hampton,12,Town,0915036000,Building Permits Survey,NA,New Housing Units,2025
Hartford,12,Town,0911037070,Building Permits Survey,NA,New Housing Units,2025
Hartland,3,Town,0916037140,Building Permits Survey,NA,New Housing Units,2025
Harwinton,20,Town,0916037280,Building Permits Survey,NA,New Housing Units,2025
Hebron,4,Town,0911037910,Building Permits Survey,NA,New Housing Units,2025
Kent,8,Town,0916040290,Building Permits Survey,NA,New Housing Units,2025
Killingly,29,Town,0915040500,Building Permits Survey,NA,New Housing Units,2025
Killingworth,11,Town,0913040710,Building Permits Survey,NA,New Housing Units,2025
Lebanon,45,Town,0918042390,Building Permits Survey,NA,New Housing Units,2025
Ledyard,14,Town,0918042600,Building Permits Survey,NA,New Housing Units,2025
Lisbon,4,Town,0918043230,Building Permits Survey,NA,New Housing Units,2025
Litchfield,11,Town,0916043370,Building Permits Survey,NA,New Housing Units,2025
Lyme,2,Town,0913044210,Building Permits Survey,NA,New Housing Units,2025
Madison,28,Town,0917044560,Building Permits Survey,NA,New Housing Units,2025
Manchester,28,Town,0911044700,Building Permits Survey,NA,New Housing Units,2025
Mansfield,220,Town,0911044910,Building Permits Survey,NA,New Housing Units,2025
Marlborough,5,Town,0911045820,Building Permits Survey,NA,New Housing Units,2025
Meriden,25,Town,0917046520,Building Permits Survey,NA,New Housing Units,2025
Middlebury,18,Town,0914046940,Building Permits Survey,NA,New Housing Units,2025
Middlefield,6,Town,0913047080,Building Permits Survey,NA,New Housing Units,2025
Middletown,17,Town,0913047360,Building Permits Survey,NA,New Housing Units,2025
Milford,129,Town,0917047535,Building Permits Survey,NA,New Housing Units,2025
Monroe,15,Town,0912048620,Building Permits Survey,NA,New Housing Units,2025
Montville,12,Town,0918048900,Building Permits Survey,NA,New Housing Units,2025
Morris,3,Town,0916049460,Building Permits Survey,NA,New Housing Units,2025
Naugatuck,22,Town,0914049950,Building Permits Survey,NA,New Housing Units,2025
New Britain,4,Town,0911050440,Building Permits Survey,NA,New Housing Units,2025
New Canaan,38,Town,0919050580,Building Permits Survey,NA,New Housing Units,2025
New Fairfield,6,Town,0919050860,Building Permits Survey,NA,New Housing Units,2025
New Hartford,7,Town,0916051350,Building Permits Survey,NA,New Housing Units,2025
New Haven,629,Town,0917052070,Building Permits Survey,NA,New Housing Units,2025
New London,8,Town,0918052350,Building Permits Survey,NA,New Housing Units,2025
New Milford,71,Town,0919052630,Building Permits Survey,NA,New Housing Units,2025
Newington,235,Town,0911052140,Building Permits Survey,NA,New Housing Units,2025
Newtown,57,Town,0919052980,Building Permits Survey,NA,New Housing Units,2025
Norfolk,0,Town,0916053470,Building Permits Survey,NA,New Housing Units,2025
North Branford,9,Town,0917053890,Building Permits Survey,NA,New Housing Units,2025
North Canaan,0,Town,0916054030,Building Permits Survey,NA,New Housing Units,2025
North Haven,10,Town,0917054870,Building Permits Survey,NA,New Housing Units,2025
North Stonington,30,Town,0918055500,Building Permits Survey,NA,New Housing Units,2025
Norwalk,176,Town,0919056060,Building Permits Survey,NA,New Housing Units,2025
Norwich,79,Town,0918056270,Building Permits Survey,NA,New Housing Units,2025
Old Lyme,30,Town,0913057040,Building Permits Survey,NA,New Housing Units,2025
Old Saybrook,45,Town,0913057320,Building Permits Survey,NA,New Housing Units,2025
Orange,1,Town,0917057600,Building Permits Survey,NA,New Housing Units,2025
Oxford,31,Town,0914058300,Building Permits Survey,NA,New Housing Units,2025
Plainfield,17,Town,0915059980,Building Permits Survey,NA,New Housing Units,2025
Plainville,6,Town,0911060120,Building Permits Survey,NA,New Housing Units,2025
Plymouth,6,Town,0914060750,Building Permits Survey,NA,New Housing Units,2025
Pomfret,9,Town,0915061030,Building Permits Survey,NA,New Housing Units,2025
Portland,140,Town,0913061800,Building Permits Survey,NA,New Housing Units,2025
Preston,14,Town,0918062150,Building Permits Survey,NA,New Housing Units,2025
Prospect,4,Town,0914062290,Building Permits Survey,NA,New Housing Units,2025
Putnam,4,Town,0915062710,Building Permits Survey,NA,New Housing Units,2025
Redding,5,Town,0919063480,Building Permits Survey,NA,New Housing Units,2025
Ridgefield,10,Town,0919063970,Building Permits Survey,NA,New Housing Units,2025
Rocky Hill,2,Town,0911065370,Building Permits Survey,NA,New Housing Units,2025
Roxbury,7,Town,0916065930,Building Permits Survey,NA,New Housing Units,2025
Salem,9,Town,0918066210,Building Permits Survey,NA,New Housing Units,2025
Salisbury,8,Town,0916066420,Building Permits Survey,NA,New Housing Units,2025
Scotland,1,Town,0915067400,Building Permits Survey,NA,New Housing Units,2025
Seymour,6,Town,0914067610,Building Permits Survey,NA,New Housing Units,2025
Sharon,4,Town,0916067960,Building Permits Survey,NA,New Housing Units,2025
Shelton,209,Town,0914068170,Building Permits Survey,NA,New Housing Units,2025
Sherman,3,Town,0919068310,Building Permits Survey,NA,New Housing Units,2025
Simsbury,73,Town,0911068940,Building Permits Survey,NA,New Housing Units,2025
Somers,7,Town,0911069220,Building Permits Survey,NA,New Housing Units,2025
South Windsor,8,Town,0911071390,Building Permits Survey,NA,New Housing Units,2025
Southbury,20,Town,0914069640,Building Permits Survey,NA,New Housing Units,2025
Southington,51,Town,0911070550,Building Permits Survey,NA,New Housing Units,2025
Sprague,3,Town,0918071670,Building Permits Survey,NA,New Housing Units,2025
Stafford,10,Town,0911072090,Building Permits Survey,NA,New Housing Units,2025
Stamford,1561,Town,0919073070,Building Permits Survey,NA,New Housing Units,2025
Sterling,13,Town,0915073420,Building Permits Survey,NA,New Housing Units,2025
Stonington,39,Town,0918073770,Building Permits Survey,NA,New Housing Units,2025
Stratford,146,Town,0912074190,Building Permits Survey,NA,New Housing Units,2025
Suffield,9,Town,0911074540,Building Permits Survey,NA,New Housing Units,2025
Thomaston,0,Town,0914075730,Building Permits Survey,NA,New Housing Units,2025
Thompson,12,Town,0915075870,Building Permits Survey,NA,New Housing Units,2025
Tolland,55,Town,0911076290,Building Permits Survey,NA,New Housing Units,2025
Torrington,8,Town,0916076570,Building Permits Survey,NA,New Housing Units,2025
Trumbull,4,Town,0912077200,Building Permits Survey,NA,New Housing Units,2025
Union,1,Town,0915077830,Building Permits Survey,NA,New Housing Units,2025
Vernon,18,Town,0911078250,Building Permits Survey,NA,New Housing Units,2025
Voluntown,10,Town,0915078600,Building Permits Survey,NA,New Housing Units,2025
Wallingford,24,Town,0917078740,Building Permits Survey,NA,New Housing Units,2025
Warren,5,Town,0916079510,Building Permits Survey,NA,New Housing Units,2025
Washington,5,Town,0916079720,Building Permits Survey,NA,New Housing Units,2025
Waterbury,43,Town,0914080070,Building Permits Survey,NA,New Housing Units,2025
Waterford,55,Town,0918080280,Building Permits Survey,NA,New Housing Units,2025
Watertown,6,Town,0914080490,Building Permits Survey,NA,New Housing Units,2025
West Hartford,1,Town,0911082590,Building Permits Survey,NA,New Housing Units,2025
West Haven,25,Town,0917082870,Building Permits Survey,NA,New Housing Units,2025
Westbrook,11,Town,0913081680,Building Permits Survey,NA,New Housing Units,2025
Weston,5,Town,0919083430,Building Permits Survey,NA,New Housing Units,2025
Westport,224,Town,0919083500,Building Permits Survey,NA,New Housing Units,2025
Wethersfield,10,Town,0911084900,Building Permits Survey,NA,New Housing Units,2025
Willington,5,Town,0911085950,Building Permits Survey,NA,New Housing Units,2025
Wilton,306,Town,0919086370,Building Permits Survey,NA,New Housing Units,2025
Winchester,8,Town,0916086440,Building Permits Survey,NA,New Housing Units,2025
Windham,10,Town,0918086790,Building Permits Survey,NA,New Housing Units,2025
Windsor,59,Town,0911087000,Building Permits Survey,NA,New Housing Units,2025
Windsor Locks,1,Town,0911087070,Building Permits Survey,NA,New Housing Units,2025
Wolcott,19,Town,0914087560,Building Permits Survey,NA,New Housing Units,2025
Woodbridge,7,Town,0917087700,Building Permits Survey,NA,New Housing Units,2025
Woodbury,8,Town,0914087910,Building Permits Survey,NA,New Housing Units,2025
Woodstock,13,Town,0915088190,Building Permits Survey,NA,New Housing Units,2025